rank,enumeration_date,years_open,type,practice_name,specialty,address,city,state,zip,phone,check_meta_ads,check_google_ads,npi
1,2026-05-15,0.0,Org,CARE HEALTH MEDICAL LLC,Psychiatry,2810 W SAINT ISABEL ST STE 100A,TAMPA,FL,33607,813-452-7954,https://www.facebook.com/ads/library/?active_status=active&ad_type=all&country=US&search_type=keyword_unordered&q=CARE%20HEALTH%20MEDICAL%20LLC,https://adstransparency.google.com/?region=US&query=CARE%20HEALTH%20MEDICAL%20LLC,1164351102
2,2026-04-27,0.1,Org,"CUREPOINT WOUND CARE, LLC",Primary Care,3920 NORTHDALE BLVD,TAMPA,FL,33624,352-266-1241,https://www.facebook.com/ads/library/?active_status=active&ad_type=all&country=US&search_type=keyword_unordered&q=CUREPOINT%20WOUND%20CARE%2C%20LLC,https://adstransparency.google.com/?region=US&query=CUREPOINT%20WOUND%20CARE%2C%20LLC,1235075862
3,2026-04-06,0.1,Org,MAI ENDOCRINOLOGY PLLC,Endocrinology,6938 W LINEBAUGH AVE STE 101,TAMPA,FL,33625,832-209-0000,https://www.facebook.com/ads/library/?active_status=active&ad_type=all&country=US&search_type=keyword_unordered&q=MAI%20ENDOCRINOLOGY%20PLLC,https://adstransparency.google.com/?region=US&query=MAI%20ENDOCRINOLOGY%20PLLC,1891637344
4,2026-03-19,0.2,Org,OLIVE BRANCH HEALTH AND WELLNESS LLC,Gastroenterology,3018 N US HIGHWAY 301 STE 200,TAMPA,FL,33619,813-679-5413,https://www.facebook.com/ads/library/?active_status=active&ad_type=all&country=US&search_type=keyword_unordered&q=OLIVE%20BRANCH%20HEALTH%20AND%20WELLNESS%20LLC,https://adstransparency.google.com/?region=US&query=OLIVE%20BRANCH%20HEALTH%20AND%20WELLNESS%20LLC,1316895865
5,2026-03-02,0.2,Org,RAFAEL A RONDON MD PA,Endocrinology,5331 PRIMROSE LAKE CIR STE 112,TAMPA,FL,33647,813-517-4629,https://www.facebook.com/ads/library/?active_status=active&ad_type=all&country=US&search_type=keyword_unordered&q=RAFAEL%20A%20RONDON%20MD%20PA,https://adstransparency.google.com/?region=US&query=RAFAEL%20A%20RONDON%20MD%20PA,1801741236
6,2026-02-27,0.2,Org,AKSHAR 2025 LLC,Psychiatry,1211 TECH BLVD,TAMPA,FL,33619,727-251-9704,https://www.facebook.com/ads/library/?active_status=active&ad_type=all&country=US&search_type=keyword_unordered&q=AKSHAR%202025%20LLC,https://adstransparency.google.com/?region=US&query=AKSHAR%202025%20LLC,1740135458
7,2026-02-25,0.2,Org,POM META INC,Endocrinology,2201 W SWANN AVE STE 280,TAMPA,FL,33606,813-316-6500,https://www.facebook.com/ads/library/?active_status=active&ad_type=all&country=US&search_type=keyword_unordered&q=POM%20META%20INC,https://adstransparency.google.com/?region=US&query=POM%20META%20INC,1386598258
8,2026-02-25,0.2,Org,POM CARDIO INC.,Cardiology,2201 W SWANN AVE STE 280,TAMPA,FL,33606,813-316-6500,https://www.facebook.com/ads/library/?active_status=active&ad_type=all&country=US&search_type=keyword_unordered&q=POM%20CARDIO%20INC.,https://adstransparency.google.com/?region=US&query=POM%20CARDIO%20INC.,1669326534
9,2026-02-04,0.3,Org,ALL AGES ENDOCRINOLOGY AND HORMONE CLINIC,Endocrinology,2111 W SWANN AVE STE 204,TAMPA,FL,33606,813-428-8606,https://www.facebook.com/ads/library/?active_status=active&ad_type=all&country=US&search_type=keyword_unordered&q=ALL%20AGES%20ENDOCRINOLOGY%20AND%20HORMONE%20CLINIC,https://adstransparency.google.com/?region=US&query=ALL%20AGES%20ENDOCRINOLOGY%20AND%20HORMONE%20CLINIC,1184575300
10,2026-02-03,0.3,Org,POM ENDO INC,Endocrinology,2201 W SWANN AVE STE 280,TAMPA,FL,33606,813-316-6500,https://www.facebook.com/ads/library/?active_status=active&ad_type=all&country=US&search_type=keyword_unordered&q=POM%20ENDO%20INC,https://adstransparency.google.com/?region=US&query=POM%20ENDO%20INC,1952252314
11,2025-12-03,0.5,Org,ASCEND MIND AND BODY OF WESLEY CHAPEL LLC,Primary Care,3971 MORAN RD STE 101,TAMPA,FL,33618,813-670-3005,https://www.facebook.com/ads/library/?active_status=active&ad_type=all&country=US&search_type=keyword_unordered&q=ASCEND%20MIND%20AND%20BODY%20OF%20WESLEY%20CHAPEL%20LLC,https://adstransparency.google.com/?region=US&query=ASCEND%20MIND%20AND%20BODY%20OF%20WESLEY%20CHAPEL%20LLC,1295698751
12,2025-11-01,0.6,Org,"SUPERIOR GENETIX HEALTH & WELLNESS, INC.",Endocrinology,3030 N ROCKY POINT DR W,TAMPA,FL,33607,727-275-0611,https://www.facebook.com/ads/library/?active_status=active&ad_type=all&country=US&search_type=keyword_unordered&q=SUPERIOR%20GENETIX%20HEALTH%20%26%20WELLNESS%2C%20INC.,https://adstransparency.google.com/?region=US&query=SUPERIOR%20GENETIX%20HEALTH%20%26%20WELLNESS%2C%20INC.,1578432266
13,2025-10-24,0.6,Org,"DOC SEA PSYCHIATRY, LLC",Psychiatry,10150 MANOR HIGHLAND DRIVE,TAMPA,FL,33610,404-644-3865,https://www.facebook.com/ads/library/?active_status=active&ad_type=all&country=US&search_type=keyword_unordered&q=DOC%20SEA%20PSYCHIATRY%2C%20LLC,https://adstransparency.google.com/?region=US&query=DOC%20SEA%20PSYCHIATRY%2C%20LLC,1598633356
14,2025-10-15,0.6,Org,FLORIDA UNITED PSYCH PLLC,Psychiatry,4700 N HABANA AVE STE 601,TAMPA,FL,33614,201-706-1143,https://www.facebook.com/ads/library/?active_status=active&ad_type=all&country=US&search_type=keyword_unordered&q=FLORIDA%20UNITED%20PSYCH%20PLLC,https://adstransparency.google.com/?region=US&query=FLORIDA%20UNITED%20PSYCH%20PLLC,1205702339
15,2025-10-07,0.6,Org,"DOC SEA PSYCHIATRY, LLC",Psychiatry,10150 HIGHLAND MANOR DR STE 200,TAMPA,FL,33610,404-644-3865,https://www.facebook.com/ads/library/?active_status=active&ad_type=all&country=US&search_type=keyword_unordered&q=DOC%20SEA%20PSYCHIATRY%2C%20LLC,https://adstransparency.google.com/?region=US&query=DOC%20SEA%20PSYCHIATRY%2C%20LLC,1467327841
16,2025-07-30,0.8,Org,AVIATOR MEDICAL GROUP PA,Primary Care,8270 WOODLAND CENTER BLVD,TAMPA,FL,33614,612-715-7891,https://www.facebook.com/ads/library/?active_status=active&ad_type=all&country=US&search_type=keyword_unordered&q=AVIATOR%20MEDICAL%20GROUP%20PA,https://adstransparency.google.com/?region=US&query=AVIATOR%20MEDICAL%20GROUP%20PA,1073496584
17,2025-07-30,0.8,Org,"EVE PSYCHIATRY, LLC",Psychiatry,4100 W KENNEDY BLVD STE 303,TAMPA,FL,33609,813-419-2067,https://www.facebook.com/ads/library/?active_status=active&ad_type=all&country=US&search_type=keyword_unordered&q=EVE%20PSYCHIATRY%2C%20LLC,https://adstransparency.google.com/?region=US&query=EVE%20PSYCHIATRY%2C%20LLC,1184507675
18,2025-06-10,1.0,Org,BRIDGECONNECT PSYCHIATRY PLLC,Psychiatry,400 N TAMPA ST STE 1550,TAMPA,FL,33602,407-620-8775,https://www.facebook.com/ads/library/?active_status=active&ad_type=all&country=US&search_type=keyword_unordered&q=BRIDGECONNECT%20PSYCHIATRY%20PLLC,https://adstransparency.google.com/?region=US&query=BRIDGECONNECT%20PSYCHIATRY%20PLLC,1851286009
19,2025-06-05,1.0,Org,"ACCESS MEDICAL GROUP OF HILLSBOROUGH PEDS, LLC",Primary Care,3611 W HILLSBOROUGH AVE STE 206,TAMPA,FL,33614,813-725-3033,https://www.facebook.com/ads/library/?active_status=active&ad_type=all&country=US&search_type=keyword_unordered&q=ACCESS%20MEDICAL%20GROUP%20OF%20HILLSBOROUGH%20PEDS%2C%20LLC,https://adstransparency.google.com/?region=US&query=ACCESS%20MEDICAL%20GROUP%20OF%20HILLSBOROUGH%20PEDS%2C%20LLC,1437043379
20,2025-05-17,1.0,Org,DEVOTEDDOC FL PA,Obesity Medicine,7320 E FLETCHER AVE,TAMPA,FL,33637,813-791-7550,https://www.facebook.com/ads/library/?active_status=active&ad_type=all&country=US&search_type=keyword_unordered&q=DEVOTEDDOC%20FL%20PA,https://adstransparency.google.com/?region=US&query=DEVOTEDDOC%20FL%20PA,1184416117
21,2025-04-22,1.1,Org,BV HEALTH AND WELLNESS LLC,Endocrinology,3329 LONG BRANCH DR,NEW CASTLE,PA,16105,724-944-2070,https://www.facebook.com/ads/library/?active_status=active&ad_type=all&country=US&search_type=keyword_unordered&q=BV%20HEALTH%20AND%20WELLNESS%20LLC,https://adstransparency.google.com/?region=US&query=BV%20HEALTH%20AND%20WELLNESS%20LLC,1720875917
22,2025-04-01,1.1,Org,ACE BEHAVIORAL HEALTH LLC,Psychiatry,5406 HOOVER BLVD STE 18,TAMPA,FL,33634,866-770-4104,https://www.facebook.com/ads/library/?active_status=active&ad_type=all&country=US&search_type=keyword_unordered&q=ACE%20BEHAVIORAL%20HEALTH%20LLC,https://adstransparency.google.com/?region=US&query=ACE%20BEHAVIORAL%20HEALTH%20LLC,1841094885
23,2025-03-28,1.2,Org,CARDIOLOGY ASSOCIATES POM INC.,Cardiology,2201 W SWANN AVE STE 280,TAMPA,FL,33606,813-316-6500,https://www.facebook.com/ads/library/?active_status=active&ad_type=all&country=US&search_type=keyword_unordered&q=CARDIOLOGY%20ASSOCIATES%20POM%20INC.,https://adstransparency.google.com/?region=US&query=CARDIOLOGY%20ASSOCIATES%20POM%20INC.,1750184693
24,2025-03-22,1.2,Org,DEVOTEDDOC LLC,Obesity Medicine,7320 E FLETCHER AVE,TAMPA,FL,33637,813-791-7550,https://www.facebook.com/ads/library/?active_status=active&ad_type=all&country=US&search_type=keyword_unordered&q=DEVOTEDDOC%20LLC,https://adstransparency.google.com/?region=US&query=DEVOTEDDOC%20LLC,1174324495
25,2025-03-21,1.2,Org,CLAREMEDICA SPECIALTY NETWORK OF FLORIDA LLC,Endocrinology,9193 SUNSET DR,MIAMI,FL,33173,305-595-5558,https://www.facebook.com/ads/library/?active_status=active&ad_type=all&country=US&search_type=keyword_unordered&q=CLAREMEDICA%20SPECIALTY%20NETWORK%20OF%20FLORIDA%20LLC,https://adstransparency.google.com/?region=US&query=CLAREMEDICA%20SPECIALTY%20NETWORK%20OF%20FLORIDA%20LLC,1538960968
26,2025-02-21,1.3,Individual,VANESA CORDERO,OB-GYN,5 TAMPA GENERAL CIR,TAMPA,FL,33606,813-258-3309,https://www.facebook.com/ads/library/?active_status=active&ad_type=all&country=US&search_type=keyword_unordered&q=VANESA%20CORDERO,https://adstransparency.google.com/?region=US&query=VANESA%20CORDERO,1801692785
27,2025-01-16,1.4,Individual,CHRISTINA CARTER,OB-GYN,2 TAMPA GENERAL CIR,TAMPA,FL,33606,813-821-8038,https://www.facebook.com/ads/library/?active_status=active&ad_type=all&country=US&search_type=keyword_unordered&q=CHRISTINA%20CARTER,https://adstransparency.google.com/?region=US&query=CHRISTINA%20CARTER,1255142592
28,2025-01-15,1.4,Individual,FATEMEH POUSSON,OB-GYN,2 TAMPA GENERAL CIR,TAMPA,FL,33606,813-821-8038,https://www.facebook.com/ads/library/?active_status=active&ad_type=all&country=US&search_type=keyword_unordered&q=FATEMEH%20POUSSON,https://adstransparency.google.com/?region=US&query=FATEMEH%20POUSSON,1316758824
29,2025-01-10,1.4,Individual,AMY RIVERS,OB-GYN,2 TAMPA GENERAL CIR,TAMPA,FL,33606,813-821-8019,https://www.facebook.com/ads/library/?active_status=active&ad_type=all&country=US&search_type=keyword_unordered&q=AMY%20RIVERS,https://adstransparency.google.com/?region=US&query=AMY%20RIVERS,1366252447
30,2024-12-13,1.4,Org,"AGE REJUVENATION MEDICAL, P.A.",Primary Care,125 N ORLANDO AVE STE 115,WINTER PARK,FL,32789,407-565-5929,https://www.facebook.com/ads/library/?active_status=active&ad_type=all&country=US&search_type=keyword_unordered&q=AGE%20REJUVENATION%20MEDICAL%2C%20P.A.,https://adstransparency.google.com/?region=US&query=AGE%20REJUVENATION%20MEDICAL%2C%20P.A.,1801603717
31,2024-11-21,1.5,Org,CLAREMEDICA VIKING LLC,Primary Care,27455 S DIXIE HWY UNIT 1,HOMESTEAD,FL,33032,305-245-3247,https://www.facebook.com/ads/library/?active_status=active&ad_type=all&country=US&search_type=keyword_unordered&q=CLAREMEDICA%20VIKING%20LLC,https://adstransparency.google.com/?region=US&query=CLAREMEDICA%20VIKING%20LLC,1992520118
32,2024-07-20,1.8,Individual,KATRINA VOUTSINAS,OB-GYN,12085 W HILLSBOROUGH AVE,TAMPA,FL,33635,813-397-5300,https://www.facebook.com/ads/library/?active_status=active&ad_type=all&country=US&search_type=keyword_unordered&q=KATRINA%20VOUTSINAS,https://adstransparency.google.com/?region=US&query=KATRINA%20VOUTSINAS,1477391670
33,2024-07-15,1.9,Org,CLEARWATER AESTHETICS AND PLASTIC SURGERY,Primary Care,818 CHESTNUT ST,CLEARWATER,FL,33756,727-477-3636,https://www.facebook.com/ads/library/?active_status=active&ad_type=all&country=US&search_type=keyword_unordered&q=CLEARWATER%20AESTHETICS%20AND%20PLASTIC%20SURGERY,https://adstransparency.google.com/?region=US&query=CLEARWATER%20AESTHETICS%20AND%20PLASTIC%20SURGERY,1922845023
34,2024-07-11,1.9,Org,CENATUS HEALTH CARE LLC,Primary Care,4182 NORTH ARMENIA AVE,TAMPA,FL,33607,813-855-0777,https://www.facebook.com/ads/library/?active_status=active&ad_type=all&country=US&search_type=keyword_unordered&q=CENATUS%20HEALTH%20CARE%20LLC,https://adstransparency.google.com/?region=US&query=CENATUS%20HEALTH%20CARE%20LLC,1619714268
35,2024-06-12,1.9,Org,SUNSHINE MEDICAL MANAGEMENT ADVISORS,Gastroenterology,14665 CANOPY DR,TAMPA,FL,33626,813-843-5680,https://www.facebook.com/ads/library/?active_status=active&ad_type=all&country=US&search_type=keyword_unordered&q=SUNSHINE%20MEDICAL%20MANAGEMENT%20ADVISORS,https://adstransparency.google.com/?region=US&query=SUNSHINE%20MEDICAL%20MANAGEMENT%20ADVISORS,1801638556
36,2024-05-30,2.0,Org,ADVANCED SPINE AND SPECIALISTS LLC,Primary Care,1046 W BUSCH BLVD STE 100B,TAMPA,FL,33612,813-524-7246,https://www.facebook.com/ads/library/?active_status=active&ad_type=all&country=US&search_type=keyword_unordered&q=ADVANCED%20SPINE%20AND%20SPECIALISTS%20LLC,https://adstransparency.google.com/?region=US&query=ADVANCED%20SPINE%20AND%20SPECIALISTS%20LLC,1881434421
37,2024-05-24,2.0,Org,GANESH CHARI MD LLC,Psychiatry,11375 CORTEZ BLVD,BROOKSVILLE,FL,34613,856-291-6138,https://www.facebook.com/ads/library/?active_status=active&ad_type=all&country=US&search_type=keyword_unordered&q=GANESH%20CHARI%20MD%20LLC,https://adstransparency.google.com/?region=US&query=GANESH%20CHARI%20MD%20LLC,1184463523
38,2024-04-23,2.1,Org,CIRCLE MEDICAL CARE GROUP PA,Primary Care,400 N TAMPA ST FL 15,TAMPA,FL,33602,888-803-3370,https://www.facebook.com/ads/library/?active_status=active&ad_type=all&country=US&search_type=keyword_unordered&q=CIRCLE%20MEDICAL%20CARE%20GROUP%20PA,https://adstransparency.google.com/?region=US&query=CIRCLE%20MEDICAL%20CARE%20GROUP%20PA,1972358760
39,2024-03-25,2.2,Individual,JENNY CORREDOR,Primary Care,1 N DALE MABRY HWY STE 100A,TAMPA,FL,33609,813-767-3384,https://www.facebook.com/ads/library/?active_status=active&ad_type=all&country=US&search_type=keyword_unordered&q=JENNY%20CORREDOR,https://adstransparency.google.com/?region=US&query=JENNY%20CORREDOR,1558111484
40,2024-03-13,2.2,Org,FUNCTIONAL AND INTERVENTIONAL GASTROENTEROLOGY PLLC,Gastroenterology,10004 N DALE MABRY HWY STE 101,TAMPA,FL,33618,813-364-8863,https://www.facebook.com/ads/library/?active_status=active&ad_type=all&country=US&search_type=keyword_unordered&q=FUNCTIONAL%20AND%20INTERVENTIONAL%20GASTROENTEROLOGY%20PLLC,https://adstransparency.google.com/?region=US&query=FUNCTIONAL%20AND%20INTERVENTIONAL%20GASTROENTEROLOGY%20PLLC,1891554820
41,2024-02-26,2.2,Individual,MICHELLE DAVIS,Primary Care,3100 E FLETCHER AVE,TAMPA,FL,33613,813-971-6000,https://www.facebook.com/ads/library/?active_status=active&ad_type=all&country=US&search_type=keyword_unordered&q=MICHELLE%20DAVIS,https://adstransparency.google.com/?region=US&query=MICHELLE%20DAVIS,1114783172
42,2024-01-24,2.3,Org,GI HEALTH SPECIALISTS OF FLORIDA LLC,Gastroenterology,3825 COUNTRYSIDE BLVD N,PALM HARBOR,FL,34684,727-784-2848,https://www.facebook.com/ads/library/?active_status=active&ad_type=all&country=US&search_type=keyword_unordered&q=GI%20HEALTH%20SPECIALISTS%20OF%20FLORIDA%20LLC,https://adstransparency.google.com/?region=US&query=GI%20HEALTH%20SPECIALISTS%20OF%20FLORIDA%20LLC,1386406536
43,2024-01-19,2.3,Org,ACCIDENTINJURYDRS LLC,Primary Care,502 S MACDILL AVE,TAMPA,FL,33609,813-465-9999,https://www.facebook.com/ads/library/?active_status=active&ad_type=all&country=US&search_type=keyword_unordered&q=ACCIDENTINJURYDRS%20LLC,https://adstransparency.google.com/?region=US&query=ACCIDENTINJURYDRS%20LLC,1912768581
44,2024-01-16,2.4,Org,PEDIATRIX MEDICAL GROUP OF FLORIDA INC,OB-GYN,3030 W DR MLK BLVD STE 201,TAMPA,FL,33607,813-879-4730,https://www.facebook.com/ads/library/?active_status=active&ad_type=all&country=US&search_type=keyword_unordered&q=PEDIATRIX%20MEDICAL%20GROUP%20OF%20FLORIDA%20INC,https://adstransparency.google.com/?region=US&query=PEDIATRIX%20MEDICAL%20GROUP%20OF%20FLORIDA%20INC,1689435869
45,2024-01-10,2.4,Individual,IDO FEFERKORN,OB-GYN,5245 E FLETCHER AVE STE 1,TAMPA,FL,33617,813-914-7304,https://www.facebook.com/ads/library/?active_status=active&ad_type=all&country=US&search_type=keyword_unordered&q=IDO%20FEFERKORN,https://adstransparency.google.com/?region=US&query=IDO%20FEFERKORN,1285405258
46,2024-01-04,2.4,Individual,KEONA CANNON,OB-GYN,1 TAMPA GENERAL CIR,TAMPA,FL,33606,314-591-3118,https://www.facebook.com/ads/library/?active_status=active&ad_type=all&country=US&search_type=keyword_unordered&q=KEONA%20CANNON,https://adstransparency.google.com/?region=US&query=KEONA%20CANNON,1699545277
47,2023-12-18,2.4,Org,EVOLVE BEHAVIORAL MEDICINE LLC,Psychiatry,16614 N DALE MABRY HWY,TAMPA,FL,33618,813-384-8521,https://www.facebook.com/ads/library/?active_status=active&ad_type=all&country=US&search_type=keyword_unordered&q=EVOLVE%20BEHAVIORAL%20MEDICINE%20LLC,https://adstransparency.google.com/?region=US&query=EVOLVE%20BEHAVIORAL%20MEDICINE%20LLC,1982472049
48,2023-12-06,2.5,Org,"ENDOONE DIABETES & ENDOCRINOLOGY CENTER, LLC",Endocrinology,602 S AUDUBON AVE STE A,TAMPA,FL,33609,813-931-2424,https://www.facebook.com/ads/library/?active_status=active&ad_type=all&country=US&search_type=keyword_unordered&q=ENDOONE%20DIABETES%20%26%20ENDOCRINOLOGY%20CENTER%2C%20LLC,https://adstransparency.google.com/?region=US&query=ENDOONE%20DIABETES%20%26%20ENDOCRINOLOGY%20CENTER%2C%20LLC,1053188417
49,2023-12-01,2.5,Org,TAMPA GENERAL MEDICAL GROUP INC,OB-GYN,8425 NORTHCLIFFE BLVD STE 101,SPRING HILL,FL,34606,352-686-2360,https://www.facebook.com/ads/library/?active_status=active&ad_type=all&country=US&search_type=keyword_unordered&q=TAMPA%20GENERAL%20MEDICAL%20GROUP%20INC,https://adstransparency.google.com/?region=US&query=TAMPA%20GENERAL%20MEDICAL%20GROUP%20INC,1376319160
50,2023-11-02,2.6,Org,"GABBI HEALTH MEDICAL GROUP, P.A.",OB-GYN,8270 WOODLAND CENTER BLVD,TAMPA,FL,33614,503-482-8374,https://www.facebook.com/ads/library/?active_status=active&ad_type=all&country=US&search_type=keyword_unordered&q=GABBI%20HEALTH%20MEDICAL%20GROUP%2C%20P.A.,https://adstransparency.google.com/?region=US&query=GABBI%20HEALTH%20MEDICAL%20GROUP%2C%20P.A.,1952174757
51,2023-09-08,2.7,Org,ANSIBLE HEALTH MEDICAL GROUP PA,Primary Care,7402 N 56TH ST STE 355,TAMPA,FL,33617,877-267-4253,https://www.facebook.com/ads/library/?active_status=active&ad_type=all&country=US&search_type=keyword_unordered&q=ANSIBLE%20HEALTH%20MEDICAL%20GROUP%20PA,https://adstransparency.google.com/?region=US&query=ANSIBLE%20HEALTH%20MEDICAL%20GROUP%20PA,1093592644
52,2023-09-07,2.7,Org,BLUESTONE VBC FL LLC,Primary Care,10150 HIGHLAND MANOR DR STE 205,TAMPA,FL,33610,813-259-1013,https://www.facebook.com/ads/library/?active_status=active&ad_type=all&country=US&search_type=keyword_unordered&q=BLUESTONE%20VBC%20FL%20LLC,https://adstransparency.google.com/?region=US&query=BLUESTONE%20VBC%20FL%20LLC,1346026184
53,2023-08-17,2.8,Org,DIABETES VIRTUAL CLINIC LLC,Endocrinology,4903 W BAY WAY DR,TAMPA,FL,33629,727-345-5222,https://www.facebook.com/ads/library/?active_status=active&ad_type=all&country=US&search_type=keyword_unordered&q=DIABETES%20VIRTUAL%20CLINIC%20LLC,https://adstransparency.google.com/?region=US&query=DIABETES%20VIRTUAL%20CLINIC%20LLC,1952184368
54,2023-08-11,2.8,Individual,MILAGROS CALVO MARCELO,Primary Care,6800 N DALE MABRY HWY STE 150,TAMPA,FL,33614,813-252-6013,https://www.facebook.com/ads/library/?active_status=active&ad_type=all&country=US&search_type=keyword_unordered&q=MILAGROS%20CALVO%20MARCELO,https://adstransparency.google.com/?region=US&query=MILAGROS%20CALVO%20MARCELO,1902589328
55,2023-08-10,2.8,Individual,EUDANIA COBAS MATOS,Primary Care,818 W LOWRY LN,TAMPA,FL,33604,502-296-9129,https://www.facebook.com/ads/library/?active_status=active&ad_type=all&country=US&search_type=keyword_unordered&q=EUDANIA%20COBAS%20MATOS,https://adstransparency.google.com/?region=US&query=EUDANIA%20COBAS%20MATOS,1881377414
56,2023-08-02,2.8,Individual,MELISSA CALLIER,Primary Care,3250 ZEMKE AVE,TAMPA,FL,33621,813-827-9170,https://www.facebook.com/ads/library/?active_status=active&ad_type=all&country=US&search_type=keyword_unordered&q=MELISSA%20CALLIER,https://adstransparency.google.com/?region=US&query=MELISSA%20CALLIER,1235811068
57,2023-07-18,2.9,Org,INSPIRE MEDICAL CARE PA,Cardiology,4701 MANATEE AVE W,BRADENTON,FL,34209,949-694-5700,https://www.facebook.com/ads/library/?active_status=active&ad_type=all&country=US&search_type=keyword_unordered&q=INSPIRE%20MEDICAL%20CARE%20PA,https://adstransparency.google.com/?region=US&query=INSPIRE%20MEDICAL%20CARE%20PA,1154001907
58,2023-06-28,2.9,Org,"ADVENTIST HEALTH SYSTEM/SUNBELT, INC",Primary Care,17511 BRUCE B DOWNS BLVD,TAMPA,FL,33647,844-397-0018,https://www.facebook.com/ads/library/?active_status=active&ad_type=all&country=US&search_type=keyword_unordered&q=ADVENTIST%20HEALTH%20SYSTEM%2FSUNBELT%2C%20INC,https://adstransparency.google.com/?region=US&query=ADVENTIST%20HEALTH%20SYSTEM%2FSUNBELT%2C%20INC,1588341085
59,2023-06-28,2.9,Org,"ADVENTIST HEALTH SYSTEM/SUNBELT, INC",Primary Care,8706 W HILLSBOROUGH AVE,TAMPA,FL,33615,844-397-0018,https://www.facebook.com/ads/library/?active_status=active&ad_type=all&country=US&search_type=keyword_unordered&q=ADVENTIST%20HEALTH%20SYSTEM%2FSUNBELT%2C%20INC,https://adstransparency.google.com/?region=US&query=ADVENTIST%20HEALTH%20SYSTEM%2FSUNBELT%2C%20INC,1649957069
60,2023-06-28,2.9,Org,"ADVENTIST HEALTH SYSTEM/SUNBELT, INC",Primary Care,15602 N DALE MABRY HWY,TAMPA,FL,33618,844-397-0018,https://www.facebook.com/ads/library/?active_status=active&ad_type=all&country=US&search_type=keyword_unordered&q=ADVENTIST%20HEALTH%20SYSTEM%2FSUNBELT%2C%20INC,https://adstransparency.google.com/?region=US&query=ADVENTIST%20HEALTH%20SYSTEM%2FSUNBELT%2C%20INC,1902583412
61,2023-06-28,2.9,Individual,SUSEL ARTOLA,Primary Care,7004 SHELDON RD STE B,TAMPA,FL,33615,813-304-1777,https://www.facebook.com/ads/library/?active_status=active&ad_type=all&country=US&search_type=keyword_unordered&q=SUSEL%20ARTOLA,https://adstransparency.google.com/?region=US&query=SUSEL%20ARTOLA,1225715535
62,2023-06-21,2.9,Individual,KRISTEN COX,Psychiatry,1501 CORPORATE DR STE 100,BOYNTON BEACH,FL,33426,813-358-3549,https://www.facebook.com/ads/library/?active_status=active&ad_type=all&country=US&search_type=keyword_unordered&q=KRISTEN%20COX,https://adstransparency.google.com/?region=US&query=KRISTEN%20COX,1851076319
63,2023-06-14,2.9,Org,PEDIATRIX MEDICAL GROUP OF FLORIDA INC,OB-GYN,15310 AMBERLY DR STE 300,TAMPA,FL,33647,813-971-6909,https://www.facebook.com/ads/library/?active_status=active&ad_type=all&country=US&search_type=keyword_unordered&q=PEDIATRIX%20MEDICAL%20GROUP%20OF%20FLORIDA%20INC,https://adstransparency.google.com/?region=US&query=PEDIATRIX%20MEDICAL%20GROUP%20OF%20FLORIDA%20INC,1700560281
64,2023-06-14,2.9,Individual,CHRYSTELLE DESROSIERS,OB-GYN,4150 N ARMENIA AVE STE 200,TAMPA,FL,33607,813-876-0914,https://www.facebook.com/ads/library/?active_status=active&ad_type=all&country=US&search_type=keyword_unordered&q=CHRYSTELLE%20DESROSIERS,https://adstransparency.google.com/?region=US&query=CHRYSTELLE%20DESROSIERS,1023792363
65,2023-05-02,3.1,Org,NEW YORK MEDICAL UNITED PLLC,Cardiology,9836 QUEENS BLVD STE 401,REGO PARK,NY,11374,800-991-6117,https://www.facebook.com/ads/library/?active_status=active&ad_type=all&country=US&search_type=keyword_unordered&q=NEW%20YORK%20MEDICAL%20UNITED%20PLLC,https://adstransparency.google.com/?region=US&query=NEW%20YORK%20MEDICAL%20UNITED%20PLLC,1265121693
66,2023-04-20,3.1,Org,ASHWINKUMAR S MEHTA MD,Gastroenterology,3709 W HAMILTON AVE STE 5,TAMPA,FL,33614,813-932-4430,https://www.facebook.com/ads/library/?active_status=active&ad_type=all&country=US&search_type=keyword_unordered&q=ASHWINKUMAR%20S%20MEHTA%20MD,https://adstransparency.google.com/?region=US&query=ASHWINKUMAR%20S%20MEHTA%20MD,1871280719
67,2023-04-04,3.1,Org,ELITE GASTRO PLLC,Gastroenterology,3709 W HAMILTON AVE STE 5,TAMPA,FL,33614,813-932-4430,https://www.facebook.com/ads/library/?active_status=active&ad_type=all&country=US&search_type=keyword_unordered&q=ELITE%20GASTRO%20PLLC,https://adstransparency.google.com/?region=US&query=ELITE%20GASTRO%20PLLC,1093410391
68,2023-03-20,3.2,Org,"TAMPA ENDOCRINOLOGY INSTITUTE, LLC",Endocrinology,2111 W SWANN AVE STE 204,TAMPA,FL,33606,813-360-1214,https://www.facebook.com/ads/library/?active_status=active&ad_type=all&country=US&search_type=keyword_unordered&q=TAMPA%20ENDOCRINOLOGY%20INSTITUTE%2C%20LLC,https://adstransparency.google.com/?region=US&query=TAMPA%20ENDOCRINOLOGY%20INSTITUTE%2C%20LLC,1326740937
69,2023-03-02,3.2,Org,ARIA VEIN CENTER LLC,Primary Care,4555 S MANHATTAN AVE,TAMPA,FL,33611,901-219-3557,https://www.facebook.com/ads/library/?active_status=active&ad_type=all&country=US&search_type=keyword_unordered&q=ARIA%20VEIN%20CENTER%20LLC,https://adstransparency.google.com/?region=US&query=ARIA%20VEIN%20CENTER%20LLC,1386343028
70,2023-02-27,3.2,Individual,KELSEY BARBAS,Primary Care,5100 W KENNEDY BLVD STE 160,TAMPA,FL,33609,813-350-9500,https://www.facebook.com/ads/library/?active_status=active&ad_type=all&country=US&search_type=keyword_unordered&q=KELSEY%20BARBAS,https://adstransparency.google.com/?region=US&query=KELSEY%20BARBAS,1427757640
71,2023-02-20,3.3,Org,CONVIVA MEDICAL CENTER MANAGEMENT LLC,Primary Care,8326 N FLORIDA AVE,TAMPA,FL,33604,863-619-5999,https://www.facebook.com/ads/library/?active_status=active&ad_type=all&country=US&search_type=keyword_unordered&q=CONVIVA%20MEDICAL%20CENTER%20MANAGEMENT%20LLC,https://adstransparency.google.com/?region=US&query=CONVIVA%20MEDICAL%20CENTER%20MANAGEMENT%20LLC,1508564576
72,2022-12-21,3.4,Org,"ASK HEALTH, PA",Psychiatry,545 CHANNELSIDE DR # A2508,TAMPA,FL,33602,551-277-4441,https://www.facebook.com/ads/library/?active_status=active&ad_type=all&country=US&search_type=keyword_unordered&q=ASK%20HEALTH%2C%20PA,https://adstransparency.google.com/?region=US&query=ASK%20HEALTH%2C%20PA,1396457321
73,2022-12-15,3.4,Org,ALLISON WYMAN MD LLC,OB-GYN,2919 W SWANN AVE STE 404,TAMPA,FL,33609,813-773-0579,https://www.facebook.com/ads/library/?active_status=active&ad_type=all&country=US&search_type=keyword_unordered&q=ALLISON%20WYMAN%20MD%20LLC,https://adstransparency.google.com/?region=US&query=ALLISON%20WYMAN%20MD%20LLC,1629780143
74,2022-11-14,3.5,Org,APEX HEALTH LLC,Primary Care,201 N FRANKLIN ST,TAMPA,FL,33602,843-936-0447,https://www.facebook.com/ads/library/?active_status=active&ad_type=all&country=US&search_type=keyword_unordered&q=APEX%20HEALTH%20LLC,https://adstransparency.google.com/?region=US&query=APEX%20HEALTH%20LLC,1396453817
75,2022-11-11,3.5,Individual,DOLORES PAEZ,Cardiology,3010 E 138TH AVE STE 12,TAMPA,FL,33613,813-975-2800,https://www.facebook.com/ads/library/?active_status=active&ad_type=all&country=US&search_type=keyword_unordered&q=DOLORES%20PAEZ,https://adstransparency.google.com/?region=US&query=DOLORES%20PAEZ,1215645809
76,2022-11-01,3.6,Individual,ASHLEY COOPER,OB-GYN,1219 S PINE AVE STE 101,OCALA,FL,34471,352-368-2238,https://www.facebook.com/ads/library/?active_status=active&ad_type=all&country=US&search_type=keyword_unordered&q=ASHLEY%20COOPER,https://adstransparency.google.com/?region=US&query=ASHLEY%20COOPER,1770290538
77,2022-10-13,3.6,Org,ADVANCED PSYCHIATRIC SERVICES PROFESSIONAL ASSOCIATION,Psychiatry,7369 SHERIDAN ST STE 203,HOLLYWOOD,FL,33024,954-369-4111,https://www.facebook.com/ads/library/?active_status=active&ad_type=all&country=US&search_type=keyword_unordered&q=ADVANCED%20PSYCHIATRIC%20SERVICES%20PROFESSIONAL%20ASSOCIATION,https://adstransparency.google.com/?region=US&query=ADVANCED%20PSYCHIATRIC%20SERVICES%20PROFESSIONAL%20ASSOCIATION,1710603550
78,2022-09-29,3.7,Org,VEEONE MEDICAL GROUP PA,Endocrinology,1420 ROCKY RIDGE DR STE 300,ROSEVILLE,CA,95661,916-865-4668,https://www.facebook.com/ads/library/?active_status=active&ad_type=all&country=US&search_type=keyword_unordered&q=VEEONE%20MEDICAL%20GROUP%20PA,https://adstransparency.google.com/?region=US&query=VEEONE%20MEDICAL%20GROUP%20PA,1265156558
79,2022-09-01,3.7,Org,ELEANOR HEALTH PROFESSIONAL FL PLLC,Psychiatry,4014 GUNN HWY STE 160,TAMPA,FL,33618,866-402-7631,https://www.facebook.com/ads/library/?active_status=active&ad_type=all&country=US&search_type=keyword_unordered&q=ELEANOR%20HEALTH%20PROFESSIONAL%20FL%20PLLC,https://adstransparency.google.com/?region=US&query=ELEANOR%20HEALTH%20PROFESSIONAL%20FL%20PLLC,1144940735
80,2022-06-28,3.9,Org,"BETTER HELP FAMILY COMMUNITY CENTER, LLC",Primary Care,8902 N DALE MABRY HWY STE 102,TAMPA,FL,33614,786-728-1460,https://www.facebook.com/ads/library/?active_status=active&ad_type=all&country=US&search_type=keyword_unordered&q=BETTER%20HELP%20FAMILY%20COMMUNITY%20CENTER%2C%20LLC,https://adstransparency.google.com/?region=US&query=BETTER%20HELP%20FAMILY%20COMMUNITY%20CENTER%2C%20LLC,1083346092
81,2022-06-17,3.9,Org,AURORA PAIN CARE,Primary Care,14841 N FLORIDA AVE,TAMPA,FL,33613,813-303-0777,https://www.facebook.com/ads/library/?active_status=active&ad_type=all&country=US&search_type=keyword_unordered&q=AURORA%20PAIN%20CARE,https://adstransparency.google.com/?region=US&query=AURORA%20PAIN%20CARE,1275264699
82,2022-06-16,3.9,Individual,NATALIA LOPEZ,Gastroenterology,4809 N ARMENIA AVE,TAMPA,FL,33603,813-658-5037,https://www.facebook.com/ads/library/?active_status=active&ad_type=all&country=US&search_type=keyword_unordered&q=NATALIA%20LOPEZ,https://adstransparency.google.com/?region=US&query=NATALIA%20LOPEZ,1518697960
83,2022-06-13,3.9,Org,"APEX INTERNAL MEDICINE OF TAMPA, LLC",Primary Care,10353 CROSS CREEK BLVD STE D,TAMPA,FL,33647,813-725-4983,https://www.facebook.com/ads/library/?active_status=active&ad_type=all&country=US&search_type=keyword_unordered&q=APEX%20INTERNAL%20MEDICINE%20OF%20TAMPA%2C%20LLC,https://adstransparency.google.com/?region=US&query=APEX%20INTERNAL%20MEDICINE%20OF%20TAMPA%2C%20LLC,1255061214
84,2022-05-26,4.0,Org,3 NURSES CLINIC LLC,Primary Care,502 PINE TERRACE DR,RUSKIN,FL,33570,651-395-9446,https://www.facebook.com/ads/library/?active_status=active&ad_type=all&country=US&search_type=keyword_unordered&q=3%20NURSES%20CLINIC%20LLC,https://adstransparency.google.com/?region=US&query=3%20NURSES%20CLINIC%20LLC,1427796648
85,2022-05-03,4.1,Org,AGELESS MEN'S HEALTH HOLDINGS INC,Primary Care,1240 MARBELLA PLAZA DR STE 102,TAMPA,FL,33619,904-379-5052,https://www.facebook.com/ads/library/?active_status=active&ad_type=all&country=US&search_type=keyword_unordered&q=AGELESS%20MEN'S%20HEALTH%20HOLDINGS%20INC,https://adstransparency.google.com/?region=US&query=AGELESS%20MEN'S%20HEALTH%20HOLDINGS%20INC,1992440952
86,2022-04-12,4.1,Individual,LAXMIPRADHA CHANDRASEKAR,Primary Care,8727 TEMPLE TERRACE HWY,TAMPA,FL,33637,813-796-5400,https://www.facebook.com/ads/library/?active_status=active&ad_type=all&country=US&search_type=keyword_unordered&q=LAXMIPRADHA%20CHANDRASEKAR,https://adstransparency.google.com/?region=US&query=LAXMIPRADHA%20CHANDRASEKAR,1023750866
87,2022-04-12,4.1,Individual,NOOR AL-ALUSI,Primary Care,2501 W KENNEDY BLVD,TAMPA,FL,33609,813-844-1385,https://www.facebook.com/ads/library/?active_status=active&ad_type=all&country=US&search_type=keyword_unordered&q=NOOR%20AL-ALUSI,https://adstransparency.google.com/?region=US&query=NOOR%20AL-ALUSI,1518609163
88,2022-04-05,4.1,Individual,YAMIRA ALEMAN RODRIGUEZ,Primary Care,770 W DR MARTIN LUTHER KING JR BLVD,SEFFNER,FL,33584,813-654-7005,https://www.facebook.com/ads/library/?active_status=active&ad_type=all&country=US&search_type=keyword_unordered&q=YAMIRA%20ALEMAN%20RODRIGUEZ,https://adstransparency.google.com/?region=US&query=YAMIRA%20ALEMAN%20RODRIGUEZ,1700527991
89,2022-04-05,4.1,Individual,RUCHITA AMIN,Primary Care,3120 W HILLSBOROUGH AVE,TAMPA,FL,33614,813-877-7773,https://www.facebook.com/ads/library/?active_status=active&ad_type=all&country=US&search_type=keyword_unordered&q=RUCHITA%20AMIN,https://adstransparency.google.com/?region=US&query=RUCHITA%20AMIN,1356082416
90,2022-04-01,4.1,Individual,ZACHARY MAKOVICH,Gastroenterology,1000 BLYTHE BLVD,CHARLOTTE,NC,28203,704-355-7479,https://www.facebook.com/ads/library/?active_status=active&ad_type=all&country=US&search_type=keyword_unordered&q=ZACHARY%20MAKOVICH,https://adstransparency.google.com/?region=US&query=ZACHARY%20MAKOVICH,1053051391
91,2022-03-31,4.2,Individual,DILENI BANDARAGE,Primary Care,203 N MARION ST,TAMPA,FL,33602,813-474-9804,https://www.facebook.com/ads/library/?active_status=active&ad_type=all&country=US&search_type=keyword_unordered&q=DILENI%20BANDARAGE,https://adstransparency.google.com/?region=US&query=DILENI%20BANDARAGE,1891435418
92,2022-03-28,4.2,Individual,CHRISTINE BALDASSO,Primary Care,203 N MARION ST,TAMPA,FL,33602,813-474-9804,https://www.facebook.com/ads/library/?active_status=active&ad_type=all&country=US&search_type=keyword_unordered&q=CHRISTINE%20BALDASSO,https://adstransparency.google.com/?region=US&query=CHRISTINE%20BALDASSO,1265182612
93,2022-03-21,4.2,Individual,GRACE BENMHEND,Primary Care,8702 HUNTERS LAKE DR STE 100,TAMPA,FL,33647,813-467-4700,https://www.facebook.com/ads/library/?active_status=active&ad_type=all&country=US&search_type=keyword_unordered&q=GRACE%20BENMHEND,https://adstransparency.google.com/?region=US&query=GRACE%20BENMHEND,1255080958
94,2022-03-13,4.2,Org,APC HEALTH INC.,Primary Care,1127 NIKKI VIEW DR.,BRADON,FL,33511,813-876-7600,https://www.facebook.com/ads/library/?active_status=active&ad_type=all&country=US&search_type=keyword_unordered&q=APC%20HEALTH%20INC.,https://adstransparency.google.com/?region=US&query=APC%20HEALTH%20INC.,1831847532
95,2022-03-02,4.2,Individual,CYAN WALKER,OB-GYN,302 W FLETCHER AVE,TAMPA,FL,33612,813-397-5300,https://www.facebook.com/ads/library/?active_status=active&ad_type=all&country=US&search_type=keyword_unordered&q=CYAN%20WALKER,https://adstransparency.google.com/?region=US&query=CYAN%20WALKER,1932856705
96,2022-03-01,4.2,Org,"RNL WELLNESS, LLC",Obesity Medicine,11967 SHELDON RD,TAMPA,FL,33626,703-626-0548,https://www.facebook.com/ads/library/?active_status=active&ad_type=all&country=US&search_type=keyword_unordered&q=RNL%20WELLNESS%2C%20LLC,https://adstransparency.google.com/?region=US&query=RNL%20WELLNESS%2C%20LLC,1811643695
97,2022-03-01,4.2,Org,BEHAVIORAL WELLNESS CONSULTANTS LLC,Psychiatry,2512 W VIRGINIA AVE,TAMPA,FL,33607,813-948-5898,https://www.facebook.com/ads/library/?active_status=active&ad_type=all&country=US&search_type=keyword_unordered&q=BEHAVIORAL%20WELLNESS%20CONSULTANTS%20LLC,https://adstransparency.google.com/?region=US&query=BEHAVIORAL%20WELLNESS%20CONSULTANTS%20LLC,1912653783
98,2022-02-23,4.2,Org,ASHOK TYAGI DO PA,Primary Care,5800 49TH ST N STE 208,ST PETERSBURG,FL,33709,727-892-2928,https://www.facebook.com/ads/library/?active_status=active&ad_type=all&country=US&search_type=keyword_unordered&q=ASHOK%20TYAGI%20DO%20PA,https://adstransparency.google.com/?region=US&query=ASHOK%20TYAGI%20DO%20PA,1245986785
99,2022-02-10,4.3,Org,221 LLC,Primary Care,1435 W 49TH PLACE,HIALEAH,FL,33012,305-907-8526,https://www.facebook.com/ads/library/?active_status=active&ad_type=all&country=US&search_type=keyword_unordered&q=221%20LLC,https://adstransparency.google.com/?region=US&query=221%20LLC,1831843515
100,2022-01-14,4.4,Org,BAYSIDE MEDICAL GROUP OF FLORIDA,Primary Care,7918 W HILLSBOROUGH AVE,TAMPA,FL,33615,813-374-2444,https://www.facebook.com/ads/library/?active_status=active&ad_type=all&country=US&search_type=keyword_unordered&q=BAYSIDE%20MEDICAL%20GROUP%20OF%20FLORIDA,https://adstransparency.google.com/?region=US&query=BAYSIDE%20MEDICAL%20GROUP%20OF%20FLORIDA,1558012211
101,2021-12-09,4.5,Org,BEST VALUE HEALTHCARE,Primary Care,6101 WEBB RD STE 203,TAMPA,FL,33615,813-269-6426,https://www.facebook.com/ads/library/?active_status=active&ad_type=all&country=US&search_type=keyword_unordered&q=BEST%20VALUE%20HEALTHCARE,https://adstransparency.google.com/?region=US&query=BEST%20VALUE%20HEALTHCARE,1396404141
102,2021-12-09,4.5,Individual,EVA MARTINEAU,OB-GYN,1097 E 58TH ST,BROOKLYN,NY,11234,646-342-0164,https://www.facebook.com/ads/library/?active_status=active&ad_type=all&country=US&search_type=keyword_unordered&q=EVA%20MARTINEAU,https://adstransparency.google.com/?region=US&query=EVA%20MARTINEAU,1518626324
103,2021-12-08,4.5,Org,ADEPT HEALTH & WELLNESS,Primary Care,945 E BRANDON BLVD,BRANDON,FL,33511,813-692-6981,https://www.facebook.com/ads/library/?active_status=active&ad_type=all&country=US&search_type=keyword_unordered&q=ADEPT%20HEALTH%20%26%20WELLNESS,https://adstransparency.google.com/?region=US&query=ADEPT%20HEALTH%20%26%20WELLNESS,1275291163
104,2021-11-17,4.5,Org,BEST VALUE HEALTHCARE LLC,Primary Care,4728 N HABANA AVE STE 102,TAMPA,FL,33614,813-915-9000,https://www.facebook.com/ads/library/?active_status=active&ad_type=all&country=US&search_type=keyword_unordered&q=BEST%20VALUE%20HEALTHCARE%20LLC,https://adstransparency.google.com/?region=US&query=BEST%20VALUE%20HEALTHCARE%20LLC,1053078725
105,2021-11-17,4.5,Org,BEST VALUE HEALTHCARE LLC,Primary Care,4446 E FLETCHER AVE STE D,TAMPA,FL,33613,813-972-2976,https://www.facebook.com/ads/library/?active_status=active&ad_type=all&country=US&search_type=keyword_unordered&q=BEST%20VALUE%20HEALTHCARE%20LLC,https://adstransparency.google.com/?region=US&query=BEST%20VALUE%20HEALTHCARE%20LLC,1912664681
106,2021-10-18,4.6,Org,ASSOCIATED PRACTICE MANAGEMENT,Primary Care,4830 W KENNEDY BLVD STE 600-114,TAMPA,FL,33609,727-430-3694,https://www.facebook.com/ads/library/?active_status=active&ad_type=all&country=US&search_type=keyword_unordered&q=ASSOCIATED%20PRACTICE%20MANAGEMENT,https://adstransparency.google.com/?region=US&query=ASSOCIATED%20PRACTICE%20MANAGEMENT,1003579996
107,2021-08-27,4.7,Org,CAN COMMUNITY HEALTH INC.,Primary Care,2105 N NEBRASKA AVE,TAMPA,FL,33602,813-769-7207,https://www.facebook.com/ads/library/?active_status=active&ad_type=all&country=US&search_type=keyword_unordered&q=CAN%20COMMUNITY%20HEALTH%20INC.,https://adstransparency.google.com/?region=US&query=CAN%20COMMUNITY%20HEALTH%20INC.,1669149563
108,2021-08-19,4.8,Org,FLORIDA HOSPITAL PHYSICIAN GROUP INC,Cardiology,8702 HUNTERS LAKE DR STE 100,TAMPA,FL,33647,813-467-4700,https://www.facebook.com/ads/library/?active_status=active&ad_type=all&country=US&search_type=keyword_unordered&q=FLORIDA%20HOSPITAL%20PHYSICIAN%20GROUP%20INC,https://adstransparency.google.com/?region=US&query=FLORIDA%20HOSPITAL%20PHYSICIAN%20GROUP%20INC,1013683093
109,2021-08-19,4.8,Org,FLORIDA HOSPITAL PHYSICIAN GROUP INC,OB-GYN,3617 W HAMILTON AVE,TAMPA,FL,33614,813-467-4265,https://www.facebook.com/ads/library/?active_status=active&ad_type=all&country=US&search_type=keyword_unordered&q=FLORIDA%20HOSPITAL%20PHYSICIAN%20GROUP%20INC,https://adstransparency.google.com/?region=US&query=FLORIDA%20HOSPITAL%20PHYSICIAN%20GROUP%20INC,1134895212
110,2021-08-11,4.8,Org,BAYCARE MEDICAL GROUP INC,Primary Care,3001 W DR MLK BLVD,TAMPA,FL,33607,813-870-4421,https://www.facebook.com/ads/library/?active_status=active&ad_type=all&country=US&search_type=keyword_unordered&q=BAYCARE%20MEDICAL%20GROUP%20INC,https://adstransparency.google.com/?region=US&query=BAYCARE%20MEDICAL%20GROUP%20INC,1043985039
111,2021-07-26,4.8,Org,BAYCARE MEDICAL GROUP INC,Primary Care,712 S DALE MABRY HIGHWAY STE 303,TAMPA,FL,33607,813-548-7980,https://www.facebook.com/ads/library/?active_status=active&ad_type=all&country=US&search_type=keyword_unordered&q=BAYCARE%20MEDICAL%20GROUP%20INC,https://adstransparency.google.com/?region=US&query=BAYCARE%20MEDICAL%20GROUP%20INC,1598438798
112,2021-07-26,4.8,Org,BAYCARE MEDICAL GROUP INC,Cardiology,3003 W DR MARTIN LUTHER KING JR BLVD FL 2,TAMPA,FL,33607,813-238-0810,https://www.facebook.com/ads/library/?active_status=active&ad_type=all&country=US&search_type=keyword_unordered&q=BAYCARE%20MEDICAL%20GROUP%20INC,https://adstransparency.google.com/?region=US&query=BAYCARE%20MEDICAL%20GROUP%20INC,1912670126
113,2021-07-26,4.8,Org,BAYCARE MEDICAL GROUP INC,Cardiology,3003 W DR MLK BLVD FL JRBLVD2,TAMPA,FL,33607,813-321-6580,https://www.facebook.com/ads/library/?active_status=active&ad_type=all&country=US&search_type=keyword_unordered&q=BAYCARE%20MEDICAL%20GROUP%20INC,https://adstransparency.google.com/?region=US&query=BAYCARE%20MEDICAL%20GROUP%20INC,1700559986
114,2021-07-26,4.8,Org,BAYCARE MEDICAL GROUP INC,Psychiatry,2727 W DR MLK BLVD STE 700,TAMPA,FL,33607,813-321-1429,https://www.facebook.com/ads/library/?active_status=active&ad_type=all&country=US&search_type=keyword_unordered&q=BAYCARE%20MEDICAL%20GROUP%20INC,https://adstransparency.google.com/?region=US&query=BAYCARE%20MEDICAL%20GROUP%20INC,1407529605
115,2021-07-23,4.8,Org,BAYCARE MEDICAL GROUP INC,Primary Care,3440 W DR MLK BLVD STE 203,TAMPA,FL,33607,813-872-7737,https://www.facebook.com/ads/library/?active_status=active&ad_type=all&country=US&search_type=keyword_unordered&q=BAYCARE%20MEDICAL%20GROUP%20INC,https://adstransparency.google.com/?region=US&query=BAYCARE%20MEDICAL%20GROUP%20INC,1235702531
116,2021-07-23,4.8,Org,BAYCARE MEDICAL GROUP INC,Primary Care,12780 RACE TRACK RD STE 300,TAMPA,FL,33626,813-792-9541,https://www.facebook.com/ads/library/?active_status=active&ad_type=all&country=US&search_type=keyword_unordered&q=BAYCARE%20MEDICAL%20GROUP%20INC,https://adstransparency.google.com/?region=US&query=BAYCARE%20MEDICAL%20GROUP%20INC,1306419643
117,2021-07-23,4.8,Org,BAYCARE MEDICAL GROUP INC,Primary Care,712 S DALE MABRY HIGHWAY STE 201,TAMPA,FL,33609,813-548-7860,https://www.facebook.com/ads/library/?active_status=active&ad_type=all&country=US&search_type=keyword_unordered&q=BAYCARE%20MEDICAL%20GROUP%20INC,https://adstransparency.google.com/?region=US&query=BAYCARE%20MEDICAL%20GROUP%20INC,1811560105
118,2021-07-21,4.8,Org,BAYCARE MEDICAL GROUP INC,Primary Care,3980 TAMPA RD STE 102,TAMPA,FL,34684,727-281-3350,https://www.facebook.com/ads/library/?active_status=active&ad_type=all&country=US&search_type=keyword_unordered&q=BAYCARE%20MEDICAL%20GROUP%20INC,https://adstransparency.google.com/?region=US&query=BAYCARE%20MEDICAL%20GROUP%20INC,1639742232
119,2021-07-16,4.9,Org,BAYCARE MEDICAL GROUP INC,Primary Care,4712 N ARMENIA AVE STE 102,TAMPA,FL,33603,813-879-5716,https://www.facebook.com/ads/library/?active_status=active&ad_type=all&country=US&search_type=keyword_unordered&q=BAYCARE%20MEDICAL%20GROUP%20INC,https://adstransparency.google.com/?region=US&query=BAYCARE%20MEDICAL%20GROUP%20INC,1972175081
120,2021-07-06,4.9,Org,BAYCARE MEDICAL GROUP INC,Primary Care,3550 W WATERS AVE,TAMPA,FL,33614,813-264-6490,https://www.facebook.com/ads/library/?active_status=active&ad_type=all&country=US&search_type=keyword_unordered&q=BAYCARE%20MEDICAL%20GROUP%20INC,https://adstransparency.google.com/?region=US&query=BAYCARE%20MEDICAL%20GROUP%20INC,1104497718
121,2021-07-05,4.9,Org,BAYCARE MEDICAL GROUP INC,Primary Care,17512 DONA MICHELLE DR STE 5,TAMPA,FL,33647,813-586-7600,https://www.facebook.com/ads/library/?active_status=active&ad_type=all&country=US&search_type=keyword_unordered&q=BAYCARE%20MEDICAL%20GROUP%20INC,https://adstransparency.google.com/?region=US&query=BAYCARE%20MEDICAL%20GROUP%20INC,1376114025
122,2021-07-05,4.9,Org,BAYCARE MEDICAL GROUP INC,Primary Care,3001 W DR MARTIN LUTHER KING JR BLVD,TAMPA,FL,33607,813-870-4619,https://www.facebook.com/ads/library/?active_status=active&ad_type=all&country=US&search_type=keyword_unordered&q=BAYCARE%20MEDICAL%20GROUP%20INC,https://adstransparency.google.com/?region=US&query=BAYCARE%20MEDICAL%20GROUP%20INC,1003487786
123,2021-07-01,4.9,Org,BAYCARE MEDICAL GROUP INC,Primary Care,4612 N HABANA AVE FL 1,TAMPA,FL,33614,813-840-3526,https://www.facebook.com/ads/library/?active_status=active&ad_type=all&country=US&search_type=keyword_unordered&q=BAYCARE%20MEDICAL%20GROUP%20INC,https://adstransparency.google.com/?region=US&query=BAYCARE%20MEDICAL%20GROUP%20INC,1780254722
124,2021-06-29,4.9,Org,BAYCARE MEDICAL GROUP INC,Gastroenterology,4301 N HABANA AVE,TAMPA,FL,33607,813-876-0951,https://www.facebook.com/ads/library/?active_status=active&ad_type=all&country=US&search_type=keyword_unordered&q=BAYCARE%20MEDICAL%20GROUP%20INC,https://adstransparency.google.com/?region=US&query=BAYCARE%20MEDICAL%20GROUP%20INC,1477123776
125,2021-06-29,4.9,Org,BAYCARE MEDICAL GROUP INC,Psychiatry,2727 W DR MLK BLVD STE 460,TAMPA,FL,33607,813-879-4328,https://www.facebook.com/ads/library/?active_status=active&ad_type=all&country=US&search_type=keyword_unordered&q=BAYCARE%20MEDICAL%20GROUP%20INC,https://adstransparency.google.com/?region=US&query=BAYCARE%20MEDICAL%20GROUP%20INC,1861062234
126,2021-06-28,4.9,Org,BAYCARE MEDICAL GROUP INC,Cardiology,4612 N HABANA AVE FL 2,TAMPA,FL,33614,813-875-9000,https://www.facebook.com/ads/library/?active_status=active&ad_type=all&country=US&search_type=keyword_unordered&q=BAYCARE%20MEDICAL%20GROUP%20INC,https://adstransparency.google.com/?region=US&query=BAYCARE%20MEDICAL%20GROUP%20INC,1689244139
127,2021-06-28,4.9,Org,BAYCARE MEDICAL GROUP INC,Cardiology,3001 W DR MLK BLVD FL JRBLVD1,TAMPA,FL,33607,813-870-4619,https://www.facebook.com/ads/library/?active_status=active&ad_type=all&country=US&search_type=keyword_unordered&q=BAYCARE%20MEDICAL%20GROUP%20INC,https://adstransparency.google.com/?region=US&query=BAYCARE%20MEDICAL%20GROUP%20INC,1750951281
128,2021-06-25,4.9,Org,BAYCARE MEDICAL GROUP INC,Primary Care,4541 S DALE MABRY HWY STE 100,TAMPA,FL,33611,813-533-7030,https://www.facebook.com/ads/library/?active_status=active&ad_type=all&country=US&search_type=keyword_unordered&q=BAYCARE%20MEDICAL%20GROUP%20INC,https://adstransparency.google.com/?region=US&query=BAYCARE%20MEDICAL%20GROUP%20INC,1518537323
129,2021-06-24,4.9,Org,BAYCARE MEDICAL GROUP INC,Primary Care,1919 W SWANN AVE FL 3,TAMPA,FL,33606,813-254-8055,https://www.facebook.com/ads/library/?active_status=active&ad_type=all&country=US&search_type=keyword_unordered&q=BAYCARE%20MEDICAL%20GROUP%20INC,https://adstransparency.google.com/?region=US&query=BAYCARE%20MEDICAL%20GROUP%20INC,1396314142
130,2021-06-24,4.9,Org,BAYCARE MEDICAL GROUP INC,Primary Care,12780 RACE TRACK RD STE 400,TAMPA,FL,33626,813-321-6262,https://www.facebook.com/ads/library/?active_status=active&ad_type=all&country=US&search_type=keyword_unordered&q=BAYCARE%20MEDICAL%20GROUP%20INC,https://adstransparency.google.com/?region=US&query=BAYCARE%20MEDICAL%20GROUP%20INC,1467021204
131,2021-06-23,4.9,Org,BAYCARE MEDICAL GROUP INC,Primary Care,3001 W DR MLK BLVD,TAMPA,FL,33607,813-870-4933,https://www.facebook.com/ads/library/?active_status=active&ad_type=all&country=US&search_type=keyword_unordered&q=BAYCARE%20MEDICAL%20GROUP%20INC,https://adstransparency.google.com/?region=US&query=BAYCARE%20MEDICAL%20GROUP%20INC,1235708371
132,2021-06-22,4.9,Org,PEDIATRIX MEDICAL GROUP FLORIDA INC,OB-GYN,13601 BRUCE B DOWNS BLVD STE 250,TAMPA,FL,33613,813-971-6985,https://www.facebook.com/ads/library/?active_status=active&ad_type=all&country=US&search_type=keyword_unordered&q=PEDIATRIX%20MEDICAL%20GROUP%20FLORIDA%20INC,https://adstransparency.google.com/?region=US&query=PEDIATRIX%20MEDICAL%20GROUP%20FLORIDA%20INC,1811566037
133,2021-06-09,5.0,Org,BEST VALUE HEALTHCARE LLC,Primary Care,6101 WEBB RD STE 104,TAMPA,FL,33615,813-290-0422,https://www.facebook.com/ads/library/?active_status=active&ad_type=all&country=US&search_type=keyword_unordered&q=BEST%20VALUE%20HEALTHCARE%20LLC,https://adstransparency.google.com/?region=US&query=BEST%20VALUE%20HEALTHCARE%20LLC,1023685989
134,2021-06-02,5.0,Org,CONVIVA MEDICAL CENTER MANAGEMENT LLC,Primary Care,3854 BRITTON PLZ,TAMPA,FL,33611,813-837-2814,https://www.facebook.com/ads/library/?active_status=active&ad_type=all&country=US&search_type=keyword_unordered&q=CONVIVA%20MEDICAL%20CENTER%20MANAGEMENT%20LLC,https://adstransparency.google.com/?region=US&query=CONVIVA%20MEDICAL%20CENTER%20MANAGEMENT%20LLC,1194391896
135,2021-06-01,5.0,Org,CONVIVA MEDICAL CENTER MANAGEMENT LLC,Primary Care,4340 W HILLSBOROUGH AVE,TAMPA,FL,33614,813-425-8970,https://www.facebook.com/ads/library/?active_status=active&ad_type=all&country=US&search_type=keyword_unordered&q=CONVIVA%20MEDICAL%20CENTER%20MANAGEMENT%20LLC,https://adstransparency.google.com/?region=US&query=CONVIVA%20MEDICAL%20CENTER%20MANAGEMENT%20LLC,1568038529
136,2021-05-28,5.0,Org,"PEDIATRIX MEDICAL GROUP OF FLORIDA, INC",OB-GYN,3100 E FLETCHER AVE,TAMPA,FL,33613,813-971-6000,https://www.facebook.com/ads/library/?active_status=active&ad_type=all&country=US&search_type=keyword_unordered&q=PEDIATRIX%20MEDICAL%20GROUP%20OF%20FLORIDA%2C%20INC,https://adstransparency.google.com/?region=US&query=PEDIATRIX%20MEDICAL%20GROUP%20OF%20FLORIDA%2C%20INC,1588230791
137,2021-05-25,5.0,Org,"PRIME ENDOCRINOLOGY OF TAMPA, LLC",Endocrinology,6579 GUNN HWY,TAMPA,FL,33625,813-433-0035,https://www.facebook.com/ads/library/?active_status=active&ad_type=all&country=US&search_type=keyword_unordered&q=PRIME%20ENDOCRINOLOGY%20OF%20TAMPA%2C%20LLC,https://adstransparency.google.com/?region=US&query=PRIME%20ENDOCRINOLOGY%20OF%20TAMPA%2C%20LLC,1275108854
138,2021-05-24,5.0,Org,BEST VALUE HEALTHCARE LLC,Primary Care,14003 N DALE MABRY HWY STE A,TAMPA,FL,33618,813-961-7338,https://www.facebook.com/ads/library/?active_status=active&ad_type=all&country=US&search_type=keyword_unordered&q=BEST%20VALUE%20HEALTHCARE%20LLC,https://adstransparency.google.com/?region=US&query=BEST%20VALUE%20HEALTHCARE%20LLC,1942875760
139,2021-05-24,5.0,Org,BEST VALUE HEALTHCARE LLC,Primary Care,5110 N HABANA AVE STE 2,TAMPA,FL,33614,813-915-9000,https://www.facebook.com/ads/library/?active_status=active&ad_type=all&country=US&search_type=keyword_unordered&q=BEST%20VALUE%20HEALTHCARE%20LLC,https://adstransparency.google.com/?region=US&query=BEST%20VALUE%20HEALTHCARE%20LLC,1427623255
140,2021-05-24,5.0,Org,BEST VALUE HEALTHCARE LLC,Primary Care,7926 W HILLSBOROUGH AVE,TAMPA,FL,33615,813-885-6538,https://www.facebook.com/ads/library/?active_status=active&ad_type=all&country=US&search_type=keyword_unordered&q=BEST%20VALUE%20HEALTHCARE%20LLC,https://adstransparency.google.com/?region=US&query=BEST%20VALUE%20HEALTHCARE%20LLC,1689249419
141,2021-05-19,5.0,Individual,AUSTIN CICCATI,Primary Care,7550 N DALE MABRY HWY,TAMPA,FL,33614,813-885-4706,https://www.facebook.com/ads/library/?active_status=active&ad_type=all&country=US&search_type=keyword_unordered&q=AUSTIN%20CICCATI,https://adstransparency.google.com/?region=US&query=AUSTIN%20CICCATI,1043884463
142,2021-05-14,5.0,Org,PEDIATRIX MEDICAL GROUP OF FLORIDA INC,OB-GYN,3030 W DR MLK BLVD,TAMPA,FL,33607,813-870-4000,https://www.facebook.com/ads/library/?active_status=active&ad_type=all&country=US&search_type=keyword_unordered&q=PEDIATRIX%20MEDICAL%20GROUP%20OF%20FLORIDA%20INC,https://adstransparency.google.com/?region=US&query=PEDIATRIX%20MEDICAL%20GROUP%20OF%20FLORIDA%20INC,1700450756
143,2021-05-09,5.0,Individual,SERA CHUN,Psychiatry,1941 EAST RD,HOUSTON,TX,77054,713-486-2700,https://www.facebook.com/ads/library/?active_status=active&ad_type=all&country=US&search_type=keyword_unordered&q=SERA%20CHUN,https://adstransparency.google.com/?region=US&query=SERA%20CHUN,1811571524
144,2021-04-29,5.1,Org,WOMEN'S CARE FLORIDA LLC,OB-GYN,1361 13TH AVE S STE 190,JACKSONVILLE BEACH,FL,32250,904-247-5514,https://www.facebook.com/ads/library/?active_status=active&ad_type=all&country=US&search_type=keyword_unordered&q=WOMEN'S%20CARE%20FLORIDA%20LLC,https://adstransparency.google.com/?region=US&query=WOMEN'S%20CARE%20FLORIDA%20LLC,1477136398
145,2021-04-22,5.1,Org,EMOTIONAL CARE CENTER LLC,Psychiatry,1451 W CYPRESS CREEK RD STE 300,FORT LAUDERDALE,FL,33309,561-294-4562,https://www.facebook.com/ads/library/?active_status=active&ad_type=all&country=US&search_type=keyword_unordered&q=EMOTIONAL%20CARE%20CENTER%20LLC,https://adstransparency.google.com/?region=US&query=EMOTIONAL%20CARE%20CENTER%20LLC,1881276525
146,2021-04-12,5.1,Org,CAREBRIDGE MEDICAL GROUP,Primary Care,100 S ASHLEY DR STE 600,TAMPA,FL,33602,615-436-9060,https://www.facebook.com/ads/library/?active_status=active&ad_type=all&country=US&search_type=keyword_unordered&q=CAREBRIDGE%20MEDICAL%20GROUP,https://adstransparency.google.com/?region=US&query=CAREBRIDGE%20MEDICAL%20GROUP,1619557790
147,2021-04-10,5.1,Individual,ADOLFO BAEZ,Psychiatry,17 DAVIS BLVD STE 308,TAMPA,FL,33606,813-974-2201,https://www.facebook.com/ads/library/?active_status=active&ad_type=all&country=US&search_type=keyword_unordered&q=ADOLFO%20BAEZ,https://adstransparency.google.com/?region=US&query=ADOLFO%20BAEZ,1215517602
148,2021-04-02,5.1,Individual,ANNA QUIAN,OB-GYN,12902 USF MAGNOLIA DR FL 33612,TAMPA,FL,33612,813-745-5739,https://www.facebook.com/ads/library/?active_status=active&ad_type=all&country=US&search_type=keyword_unordered&q=ANNA%20QUIAN,https://adstransparency.google.com/?region=US&query=ANNA%20QUIAN,1568041127
149,2021-03-23,5.2,Individual,KYRA-ANNE FORREST,Psychiatry,1303 W KENNEDY BLVD,TAMPA,FL,33606,813-821-8038,https://www.facebook.com/ads/library/?active_status=active&ad_type=all&country=US&search_type=keyword_unordered&q=KYRA-ANNE%20FORREST,https://adstransparency.google.com/?region=US&query=KYRA-ANNE%20FORREST,1205412806
150,2021-03-22,5.2,Individual,OMAR ALZARKALI,Primary Care,12902 USF MAGNOLIA DR,TAMPA,FL,33612,813-745-7365,https://www.facebook.com/ads/library/?active_status=active&ad_type=all&country=US&search_type=keyword_unordered&q=OMAR%20ALZARKALI,https://adstransparency.google.com/?region=US&query=OMAR%20ALZARKALI,1346826229
151,2021-03-22,5.2,Individual,ADINA AMIN,Primary Care,12902 USF MAGNOLIA DR,TAMPA,FL,33612,727-504-3411,https://www.facebook.com/ads/library/?active_status=active&ad_type=all&country=US&search_type=keyword_unordered&q=ADINA%20AMIN,https://adstransparency.google.com/?region=US&query=ADINA%20AMIN,1760068647
152,2021-03-20,5.2,Individual,LAUREN CELENTANO,Psychiatry,1611 NW 12TH AVE,MIAMI,FL,33136,954-461-6776,https://www.facebook.com/ads/library/?active_status=active&ad_type=all&country=US&search_type=keyword_unordered&q=LAUREN%20CELENTANO,https://adstransparency.google.com/?region=US&query=LAUREN%20CELENTANO,1558947655
153,2021-02-23,5.2,Individual,YULI KHAYKIN,OB-GYN,2727 W DR MARTIN LUTHER KING JR BLVD STE 630,TAMPA,FL,33607,813-397-5300,https://www.facebook.com/ads/library/?active_status=active&ad_type=all&country=US&search_type=keyword_unordered&q=YULI%20KHAYKIN,https://adstransparency.google.com/?region=US&query=YULI%20KHAYKIN,1285228999
154,2021-02-05,5.3,Org,"RUBICONMD FLORIDA PHYSICIANS, PLLC",Cardiology,4207 S DALE MABRY HWY UNIT 4105,TAMPA,FL,33611,860-262-4489,https://www.facebook.com/ads/library/?active_status=active&ad_type=all&country=US&search_type=keyword_unordered&q=RUBICONMD%20FLORIDA%20PHYSICIANS%2C%20PLLC,https://adstransparency.google.com/?region=US&query=RUBICONMD%20FLORIDA%20PHYSICIANS%2C%20PLLC,1033701586
155,2021-01-16,5.4,Org,CHECK MY HEART LLC,Cardiology,733 CORTARO DR,RUSKIN,FL,33573,813-633-9700,https://www.facebook.com/ads/library/?active_status=active&ad_type=all&country=US&search_type=keyword_unordered&q=CHECK%20MY%20HEART%20LLC,https://adstransparency.google.com/?region=US&query=CHECK%20MY%20HEART%20LLC,1083203707
156,2021-01-11,5.4,Org,"JESSICA HUANG, M.D., P.C.",Endocrinology,4207 S DALE MABRY HWY UNIT 4105,TAMPA,FL,33611,248-835-4739,https://www.facebook.com/ads/library/?active_status=active&ad_type=all&country=US&search_type=keyword_unordered&q=JESSICA%20HUANG%2C%20M.D.%2C%20P.C.,https://adstransparency.google.com/?region=US&query=JESSICA%20HUANG%2C%20M.D.%2C%20P.C.,1871182204
157,2021-01-06,5.4,Org,"CARINGATHOME, LLC",Primary Care,100 S ASHLEY DR STE 600,TAMPA,FL,33602,888-553-2823,https://www.facebook.com/ads/library/?active_status=active&ad_type=all&country=US&search_type=keyword_unordered&q=CARINGATHOME%2C%20LLC,https://adstransparency.google.com/?region=US&query=CARINGATHOME%2C%20LLC,1912595828
158,2020-12-10,5.5,Org,"RUBICONMD NEW JERSEY PHYSICIANS, P.C.",Endocrinology,4207 S DALE MABRY HWY UNIT 4105,TAMPA,FL,33611,860-262-4489,https://www.facebook.com/ads/library/?active_status=active&ad_type=all&country=US&search_type=keyword_unordered&q=RUBICONMD%20NEW%20JERSEY%20PHYSICIANS%2C%20P.C.,https://adstransparency.google.com/?region=US&query=RUBICONMD%20NEW%20JERSEY%20PHYSICIANS%2C%20P.C.,1922604248
159,2020-09-10,5.7,Org,FUJII INNOVATIVE THERAPEUTICS,Psychiatry,1001 N MACDILL AVE,TAMPA,FL,33607,813-579-2699,https://www.facebook.com/ads/library/?active_status=active&ad_type=all&country=US&search_type=keyword_unordered&q=FUJII%20INNOVATIVE%20THERAPEUTICS,https://adstransparency.google.com/?region=US&query=FUJII%20INNOVATIVE%20THERAPEUTICS,1811502594
160,2020-07-08,5.9,Org,BIOCELL REGENERATIVE MEDICINE LLC,Primary Care,3605 MADACA LN,TAMPA,FL,33618,813-443-8222,https://www.facebook.com/ads/library/?active_status=active&ad_type=all&country=US&search_type=keyword_unordered&q=BIOCELL%20REGENERATIVE%20MEDICINE%20LLC,https://adstransparency.google.com/?region=US&query=BIOCELL%20REGENERATIVE%20MEDICINE%20LLC,1841818705
161,2020-07-06,5.9,Org,OLGA KALIEBE MD LLC,Endocrinology,2919 W SWANN AVE STE 105B,TAMPA,FL,33609,813-392-1900,https://www.facebook.com/ads/library/?active_status=active&ad_type=all&country=US&search_type=keyword_unordered&q=OLGA%20KALIEBE%20MD%20LLC,https://adstransparency.google.com/?region=US&query=OLGA%20KALIEBE%20MD%20LLC,1144848292
162,2020-06-29,5.9,Org,AVAS HEALTH,Primary Care,8800 HIDDEN RIVER PKWY,TAMPA,FL,33637,608-888-2832,https://www.facebook.com/ads/library/?active_status=active&ad_type=all&country=US&search_type=keyword_unordered&q=AVAS%20HEALTH,https://adstransparency.google.com/?region=US&query=AVAS%20HEALTH,1578180253
163,2020-06-26,5.9,Org,AIDS HEALTHCARE FOUNDATION,Primary Care,4308 ALTON RD STE 870,MIAMI BEACH,FL,33140,305-538-1400,https://www.facebook.com/ads/library/?active_status=active&ad_type=all&country=US&search_type=keyword_unordered&q=AIDS%20HEALTHCARE%20FOUNDATION,https://adstransparency.google.com/?region=US&query=AIDS%20HEALTHCARE%20FOUNDATION,1659998573
164,2020-06-25,5.9,Org,BICYCLE HEALTH MEDICAL GROUP PA,Primary Care,506 SECOND AVENUE,SEATTLE,WA,98104,844-943-2514,https://www.facebook.com/ads/library/?active_status=active&ad_type=all&country=US&search_type=keyword_unordered&q=BICYCLE%20HEALTH%20MEDICAL%20GROUP%20PA,https://adstransparency.google.com/?region=US&query=BICYCLE%20HEALTH%20MEDICAL%20GROUP%20PA,1194342162
165,2020-06-12,5.9,Individual,SARAH FRIEDRICH,Psychiatry,5323 CHIPPENDALE CIR E,FORT MYERS,FL,33919,239-810-3030,https://www.facebook.com/ads/library/?active_status=active&ad_type=all&country=US&search_type=keyword_unordered&q=SARAH%20FRIEDRICH,https://adstransparency.google.com/?region=US&query=SARAH%20FRIEDRICH,1073138335
166,2020-06-04,6.0,Individual,KENNETH ALONSO,Primary Care,UNIVERSITY OF MEDICINE AND HEALTH SCIENCES,BASSETERRE,CAMPS,00000,869-767-6146,https://www.facebook.com/ads/library/?active_status=active&ad_type=all&country=US&search_type=keyword_unordered&q=KENNETH%20ALONSO,https://adstransparency.google.com/?region=US&query=KENNETH%20ALONSO,1932723913
167,2020-05-07,6.0,Individual,RISHU BATRA,Primary Care,12902 USF MAGNOLIA DR,TAMPA,FL,33612,813-745-7365,https://www.facebook.com/ads/library/?active_status=active&ad_type=all&country=US&search_type=keyword_unordered&q=RISHU%20BATRA,https://adstransparency.google.com/?region=US&query=RISHU%20BATRA,1427670900
168,2020-04-29,6.1,Org,HEART AND VASCULAR ASSOCIATES OF TAMPA LLC,Cardiology,2715 N MACDILL AVE,TAMPA,FL,33607,813-280-0202,https://www.facebook.com/ads/library/?active_status=active&ad_type=all&country=US&search_type=keyword_unordered&q=HEART%20AND%20VASCULAR%20ASSOCIATES%20OF%20TAMPA%20LLC,https://adstransparency.google.com/?region=US&query=HEART%20AND%20VASCULAR%20ASSOCIATES%20OF%20TAMPA%20LLC,1629699889
169,2020-04-27,6.1,Org,ARORAMD LLC,Psychiatry,4017 WILLIAMSBURG CT STE 100,FAIRFAX,VA,22032,844-782-6963,https://www.facebook.com/ads/library/?active_status=active&ad_type=all&country=US&search_type=keyword_unordered&q=ARORAMD%20LLC,https://adstransparency.google.com/?region=US&query=ARORAMD%20LLC,1841811163
170,2020-04-14,6.1,Individual,SAMET GALIBOGLU,Psychiatry,51 JOHN F KENNEDY PKWY FL 1,SHORT HILLS,NJ,07078,201-389-2729,https://www.facebook.com/ads/library/?active_status=active&ad_type=all&country=US&search_type=keyword_unordered&q=SAMET%20GALIBOGLU,https://adstransparency.google.com/?region=US&query=SAMET%20GALIBOGLU,1659990216
171,2020-04-09,6.1,Individual,MEGAN DANNEMILLER,Primary Care,3702 2ND AVE,COLUMBUS,GA,31904,706-507-9209,https://www.facebook.com/ads/library/?active_status=active&ad_type=all&country=US&search_type=keyword_unordered&q=MEGAN%20DANNEMILLER,https://adstransparency.google.com/?region=US&query=MEGAN%20DANNEMILLER,1629697636
172,2020-04-08,6.1,Individual,ANOOSHAH ATA,Psychiatry,3000 MEDICAL PARK DR STE 510,TAMPA,FL,33613,813-615-7725,https://www.facebook.com/ads/library/?active_status=active&ad_type=all&country=US&search_type=keyword_unordered&q=ANOOSHAH%20ATA,https://adstransparency.google.com/?region=US&query=ANOOSHAH%20ATA,1134758394
173,2020-04-07,6.1,Individual,MANUEL CALCAGNO CASASNOVAS,Primary Care,8702 HUNTERS LAKE DR STE 100,TAMPA,FL,33647,813-467-4700,https://www.facebook.com/ads/library/?active_status=active&ad_type=all&country=US&search_type=keyword_unordered&q=MANUEL%20CALCAGNO%20CASASNOVAS,https://adstransparency.google.com/?region=US&query=MANUEL%20CALCAGNO%20CASASNOVAS,1023647344
174,2020-04-06,6.1,Individual,SHERIF AMIN,Primary Care,3128 E HILLSBOROUGH AVE,TAMPA,FL,33610,813-579-1769,https://www.facebook.com/ads/library/?active_status=active&ad_type=all&country=US&search_type=keyword_unordered&q=SHERIF%20AMIN,https://adstransparency.google.com/?region=US&query=SHERIF%20AMIN,1629607239
175,2020-04-01,6.1,Individual,CHEMAR DAVIS,Psychiatry,17 DAVIS BLVD STE 308,TAMPA,FL,33606,813-974-2202,https://www.facebook.com/ads/library/?active_status=active&ad_type=all&country=US&search_type=keyword_unordered&q=CHEMAR%20DAVIS,https://adstransparency.google.com/?region=US&query=CHEMAR%20DAVIS,1689202764
176,2020-03-31,6.1,Individual,ANAS FARES,Cardiology,17 DAVIS BLVD STE 308,TAMPA,FL,33606,813-974-2201,https://www.facebook.com/ads/library/?active_status=active&ad_type=all&country=US&search_type=keyword_unordered&q=ANAS%20FARES,https://adstransparency.google.com/?region=US&query=ANAS%20FARES,1467080713
177,2020-03-30,6.2,Org,CAREBRIDGE MEDICAL GROUP,Primary Care,501 GREAT CIRCLE RD FL 3,NASHVILLE,TN,37228,615-436-9060,https://www.facebook.com/ads/library/?active_status=active&ad_type=all&country=US&search_type=keyword_unordered&q=CAREBRIDGE%20MEDICAL%20GROUP,https://adstransparency.google.com/?region=US&query=CAREBRIDGE%20MEDICAL%20GROUP,1124656616
178,2020-03-30,6.2,Individual,BENJAMIN BERTHET,Primary Care,17 DAVIS BLVD STE 308,TAMPA,FL,33606,813-250-2529,https://www.facebook.com/ads/library/?active_status=active&ad_type=all&country=US&search_type=keyword_unordered&q=BENJAMIN%20BERTHET,https://adstransparency.google.com/?region=US&query=BENJAMIN%20BERTHET,1740818350
179,2020-03-30,6.2,Individual,SHENA AYOBELLO,Psychiatry,17 DAVIS BLVD STE 308,TAMPA,FL,33606,813-974-2201,https://www.facebook.com/ads/library/?active_status=active&ad_type=all&country=US&search_type=keyword_unordered&q=SHENA%20AYOBELLO,https://adstransparency.google.com/?region=US&query=SHENA%20AYOBELLO,1750919338
180,2020-03-30,6.2,Individual,GABRIELA BOU,Psychiatry,12 EXECUTIVE PARK DR NE,ATLANTA,GA,30329,404-778-7777,https://www.facebook.com/ads/library/?active_status=active&ad_type=all&country=US&search_type=keyword_unordered&q=GABRIELA%20BOU,https://adstransparency.google.com/?region=US&query=GABRIELA%20BOU,1497383087
181,2020-03-29,6.2,Individual,NOOR BAZERBASHI,Primary Care,13000 BRUCE B DOWNS BLVD,TAMPA,FL,33612,813-972-2000,https://www.facebook.com/ads/library/?active_status=active&ad_type=all&country=US&search_type=keyword_unordered&q=NOOR%20BAZERBASHI,https://adstransparency.google.com/?region=US&query=NOOR%20BAZERBASHI,1962030767
182,2020-03-27,6.2,Individual,JUAN ENCISO,Cardiology,169 ASHLEY AVE RM 202,CHARLESTON,SC,29425,843-876-4794,https://www.facebook.com/ads/library/?active_status=active&ad_type=all&country=US&search_type=keyword_unordered&q=JUAN%20ENCISO,https://adstransparency.google.com/?region=US&query=JUAN%20ENCISO,1659909588
183,2020-03-27,6.2,Individual,TRISHA CARDILLO,Psychiatry,10150 HIGHLAND MANOR DR STE 200,TAMPA,FL,33610,863-225-3693,https://www.facebook.com/ads/library/?active_status=active&ad_type=all&country=US&search_type=keyword_unordered&q=TRISHA%20CARDILLO,https://adstransparency.google.com/?region=US&query=TRISHA%20CARDILLO,1881222800
184,2020-03-24,6.2,Individual,CHRISTIAN AGUADO,Primary Care,3500 E FLETCHER AVE STE 400,TAMPA,FL,33613,813-580-5479,https://www.facebook.com/ads/library/?active_status=active&ad_type=all&country=US&search_type=keyword_unordered&q=CHRISTIAN%20AGUADO,https://adstransparency.google.com/?region=US&query=CHRISTIAN%20AGUADO,1548897135
185,2020-03-24,6.2,Individual,LUIS CRESPO,Primary Care,5041 W CYPRESS ST,TAMPA,FL,33607,813-245-0663,https://www.facebook.com/ads/library/?active_status=active&ad_type=all&country=US&search_type=keyword_unordered&q=LUIS%20CRESPO,https://adstransparency.google.com/?region=US&query=LUIS%20CRESPO,1265069967
186,2020-03-24,6.2,Individual,MATTHEW ALMONTE,Primary Care,5 TAMPA GENERAL CIR STE 300,TAMPA,FL,33606,813-251-0793,https://www.facebook.com/ads/library/?active_status=active&ad_type=all&country=US&search_type=keyword_unordered&q=MATTHEW%20ALMONTE,https://adstransparency.google.com/?region=US&query=MATTHEW%20ALMONTE,1548897275
187,2020-03-24,6.2,Individual,KIMBERLY DIMANNA,Psychiatry,499 E HAMPDEN AVE STE 360,ENGLEWOOD,CO,80113,303-781-4485,https://www.facebook.com/ads/library/?active_status=active&ad_type=all&country=US&search_type=keyword_unordered&q=KIMBERLY%20DIMANNA,https://adstransparency.google.com/?region=US&query=KIMBERLY%20DIMANNA,1992332795
188,2020-02-28,6.2,Individual,OMAR FAOUR,Endocrinology,13220 USF LAUREL DR,TAMPA,FL,33612,813-974-1985,https://www.facebook.com/ads/library/?active_status=active&ad_type=all&country=US&search_type=keyword_unordered&q=OMAR%20FAOUR,https://adstransparency.google.com/?region=US&query=OMAR%20FAOUR,1073147021
189,2020-02-28,6.2,Individual,STEPHANIE TRACEY,OB-GYN,106 MYRTLE RIDGE RD,LUTZ,FL,33549,813-949-1185,https://www.facebook.com/ads/library/?active_status=active&ad_type=all&country=US&search_type=keyword_unordered&q=STEPHANIE%20TRACEY,https://adstransparency.google.com/?region=US&query=STEPHANIE%20TRACEY,1043844087
190,2020-01-31,6.3,Org,"LINETTE RIVERA, MD PA",Endocrinology,4014 W ESTRELLA ST,TAMPA,FL,33629,813-773-3661,https://www.facebook.com/ads/library/?active_status=active&ad_type=all&country=US&search_type=keyword_unordered&q=LINETTE%20RIVERA%2C%20MD%20PA,https://adstransparency.google.com/?region=US&query=LINETTE%20RIVERA%2C%20MD%20PA,1326679010
191,2020-01-11,6.4,Org,NORTH TAMPA PHYSICIAN ASSOCIATES LLC,Gastroenterology,5196 MARINER BLVD,SPRING HILL,FL,34609,352-871-0992,https://www.facebook.com/ads/library/?active_status=active&ad_type=all&country=US&search_type=keyword_unordered&q=NORTH%20TAMPA%20PHYSICIAN%20ASSOCIATES%20LLC,https://adstransparency.google.com/?region=US&query=NORTH%20TAMPA%20PHYSICIAN%20ASSOCIATES%20LLC,1528608155
192,2019-12-06,6.5,Org,"ADVANCED MEDICAL TREATMENTS, LLC",Primary Care,4401 W KENNEDY BLVD FL 3,TAMPA,FL,33609,412-965-1292,https://www.facebook.com/ads/library/?active_status=active&ad_type=all&country=US&search_type=keyword_unordered&q=ADVANCED%20MEDICAL%20TREATMENTS%2C%20LLC,https://adstransparency.google.com/?region=US&query=ADVANCED%20MEDICAL%20TREATMENTS%2C%20LLC,1396382545
193,2019-11-18,6.5,Individual,AMARILLYS ALVARADO-SOJO,Primary Care,10306 MANTA WAY,TAMPA,FL,33615,813-504-1900,https://www.facebook.com/ads/library/?active_status=active&ad_type=all&country=US&search_type=keyword_unordered&q=AMARILLYS%20ALVARADO-SOJO,https://adstransparency.google.com/?region=US&query=AMARILLYS%20ALVARADO-SOJO,1528604204
194,2019-10-07,6.6,Org,"AZ MEDICAL CENTER, LLC",Primary Care,3911 W WATERS AVE STE 13,TAMPA,FL,33614,813-600-3118,https://www.facebook.com/ads/library/?active_status=active&ad_type=all&country=US&search_type=keyword_unordered&q=AZ%20MEDICAL%20CENTER%2C%20LLC,https://adstransparency.google.com/?region=US&query=AZ%20MEDICAL%20CENTER%2C%20LLC,1912548355
195,2019-08-09,6.8,Org,EVENTUS INFUSION LLC,Gastroenterology,11300 LINDBERGH BLVD STE 107A,FORT MYERS,FL,33913,239-204-5984,https://www.facebook.com/ads/library/?active_status=active&ad_type=all&country=US&search_type=keyword_unordered&q=EVENTUS%20INFUSION%20LLC,https://adstransparency.google.com/?region=US&query=EVENTUS%20INFUSION%20LLC,1508411182
196,2019-07-31,6.8,Individual,LAURA COLON-RIVERA,Psychiatry,UNIVERSITY OF SOUTH FLORIDA DEPARTMENT OF PSYCHIATRY,TAMPA,FL,33613,813-821-8032,https://www.facebook.com/ads/library/?active_status=active&ad_type=all&country=US&search_type=keyword_unordered&q=LAURA%20COLON-RIVERA,https://adstransparency.google.com/?region=US&query=LAURA%20COLON-RIVERA,1336793041
197,2019-06-30,6.9,Individual,PRATIKSHYA THAPA,Endocrinology,13330 USF LAUREL DR FL 5,TAMPA,FL,33612,813-974-1985,https://www.facebook.com/ads/library/?active_status=active&ad_type=all&country=US&search_type=keyword_unordered&q=PRATIKSHYA%20THAPA,https://adstransparency.google.com/?region=US&query=PRATIKSHYA%20THAPA,1144882184
198,2019-06-27,6.9,Individual,RAGHAD ALKHAFAJI,Psychiatry,3515 E FLETCHER AVE,TAMPA,FL,33613,813-821-8038,https://www.facebook.com/ads/library/?active_status=active&ad_type=all&country=US&search_type=keyword_unordered&q=RAGHAD%20ALKHAFAJI,https://adstransparency.google.com/?region=US&query=RAGHAD%20ALKHAFAJI,1659932846
199,2019-06-24,6.9,Individual,SARAH ALI,Primary Care,12902 USF MAGNOLIA DR,TAMPA,FL,33612,813-745-7365,https://www.facebook.com/ads/library/?active_status=active&ad_type=all&country=US&search_type=keyword_unordered&q=SARAH%20ALI,https://adstransparency.google.com/?region=US&query=SARAH%20ALI,1336700178
200,2019-06-06,7.0,Individual,JAMES SIMON,Endocrinology,2605 W SWANN AVE STE 600,TAMPA,FL,33609,813-876-7073,https://www.facebook.com/ads/library/?active_status=active&ad_type=all&country=US&search_type=keyword_unordered&q=JAMES%20SIMON,https://adstransparency.google.com/?region=US&query=JAMES%20SIMON,1982263760
201,2019-05-23,7.0,Individual,AMADO CASTELLON,Primary Care,822 62ND STREET CIR E STE 102,BRADENTON,FL,34208,941-243-3983,https://www.facebook.com/ads/library/?active_status=active&ad_type=all&country=US&search_type=keyword_unordered&q=AMADO%20CASTELLON,https://adstransparency.google.com/?region=US&query=AMADO%20CASTELLON,1386201408
202,2019-05-23,7.0,Individual,NAGWA ABOU-GHANEM,Primary Care,15260 AMBERLY DR,TAMPA,FL,33647,813-975-1727,https://www.facebook.com/ads/library/?active_status=active&ad_type=all&country=US&search_type=keyword_unordered&q=NAGWA%20ABOU-GHANEM,https://adstransparency.google.com/?region=US&query=NAGWA%20ABOU-GHANEM,1346807484
203,2019-05-16,7.0,Individual,MICHAEL FLOWERS,Psychiatry,13000 BRUCE B DOWNS BLVD # 116A,TAMPA,FL,33612,813-972-2000,https://www.facebook.com/ads/library/?active_status=active&ad_type=all&country=US&search_type=keyword_unordered&q=MICHAEL%20FLOWERS,https://adstransparency.google.com/?region=US&query=MICHAEL%20FLOWERS,1164088928
204,2019-05-13,7.0,Individual,ELLIE FRAZEY,Psychiatry,11215 METRO PKWY STE 1,FORT MYERS,FL,33966,239-208-2212,https://www.facebook.com/ads/library/?active_status=active&ad_type=all&country=US&search_type=keyword_unordered&q=ELLIE%20FRAZEY,https://adstransparency.google.com/?region=US&query=ELLIE%20FRAZEY,1003472366
205,2019-04-22,7.1,Individual,TOAA ABUELENEN,Primary Care,101 SIVLEY RD SW,HUNTSVILLE,AL,35801,256-801-6047,https://www.facebook.com/ads/library/?active_status=active&ad_type=all&country=US&search_type=keyword_unordered&q=TOAA%20ABUELENEN,https://adstransparency.google.com/?region=US&query=TOAA%20ABUELENEN,1821652157
206,2019-04-21,7.1,Individual,USMAN AHMAD,Cardiology,3704 W EUCLID AVE,TAMPA,FL,33629,813-870-1741,https://www.facebook.com/ads/library/?active_status=active&ad_type=all&country=US&search_type=keyword_unordered&q=USMAN%20AHMAD,https://adstransparency.google.com/?region=US&query=USMAN%20AHMAD,1669035051
207,2019-04-21,7.1,Individual,AISHA ELFASI,Psychiatry,13330 USF LAUREL DR,TAMPA,FL,33612,813-821-8022,https://www.facebook.com/ads/library/?active_status=active&ad_type=all&country=US&search_type=keyword_unordered&q=AISHA%20ELFASI,https://adstransparency.google.com/?region=US&query=AISHA%20ELFASI,1154984532
208,2019-04-18,7.1,Individual,DANIEL CAMMARDELLA,Primary Care,2191 9TH AVE N STE 220,ST PETERSBURG,FL,33713,727-327-9667,https://www.facebook.com/ads/library/?active_status=active&ad_type=all&country=US&search_type=keyword_unordered&q=DANIEL%20CAMMARDELLA,https://adstransparency.google.com/?region=US&query=DANIEL%20CAMMARDELLA,1376106005
209,2019-04-09,7.1,Individual,WILLIAM BALADRON GUERRA,Primary Care,1989 W LUMSDEN RD,BRANDON,FL,33511,813-653-3111,https://www.facebook.com/ads/library/?active_status=active&ad_type=all&country=US&search_type=keyword_unordered&q=WILLIAM%20BALADRON%20GUERRA,https://adstransparency.google.com/?region=US&query=WILLIAM%20BALADRON%20GUERRA,1629531348
210,2019-04-09,7.1,Individual,JOSHUA SOLIMAN,Gastroenterology,9800 S HEALTHPARK DR STE 110,FORT MYERS,FL,33908,239-343-6202,https://www.facebook.com/ads/library/?active_status=active&ad_type=all&country=US&search_type=keyword_unordered&q=JOSHUA%20SOLIMAN,https://adstransparency.google.com/?region=US&query=JOSHUA%20SOLIMAN,1144783945
211,2019-04-03,7.1,Individual,MICHAEL SAINDON,Cardiology,2900 W OKLAHOMA AVE,MILWAUKEE,WI,53215,414-649-6000,https://www.facebook.com/ads/library/?active_status=active&ad_type=all&country=US&search_type=keyword_unordered&q=MICHAEL%20SAINDON,https://adstransparency.google.com/?region=US&query=MICHAEL%20SAINDON,1669934048
212,2019-04-03,7.1,Individual,JASMINE EDGHILL,OB-GYN,2 TAMPA GENERAL CIR,TAMPA,FL,33606,813-821-8019,https://www.facebook.com/ads/library/?active_status=active&ad_type=all&country=US&search_type=keyword_unordered&q=JASMINE%20EDGHILL,https://adstransparency.google.com/?region=US&query=JASMINE%20EDGHILL,1043772510
213,2019-04-02,7.1,Individual,OLIVIA HUDSON,Cardiology,625 19TH ST S,BIRMINGHAM,AL,35233,205-934-3411,https://www.facebook.com/ads/library/?active_status=active&ad_type=all&country=US&search_type=keyword_unordered&q=OLIVIA%20HUDSON,https://adstransparency.google.com/?region=US&query=OLIVIA%20HUDSON,1336601061
214,2019-04-02,7.1,Individual,SONYA BHASKAR,Gastroenterology,17 DAVIS BLVD STE 308,TAMPA,FL,33606,813-974-2201,https://www.facebook.com/ads/library/?active_status=active&ad_type=all&country=US&search_type=keyword_unordered&q=SONYA%20BHASKAR,https://adstransparency.google.com/?region=US&query=SONYA%20BHASKAR,1649732363
215,2019-04-02,7.1,Individual,JOHN CASSEL,Psychiatry,2 TAMPA GENERAL CIR,TAMPA,FL,33606,813-821-8038,https://www.facebook.com/ads/library/?active_status=active&ad_type=all&country=US&search_type=keyword_unordered&q=JOHN%20CASSEL,https://adstransparency.google.com/?region=US&query=JOHN%20CASSEL,1700348323
216,2019-03-31,7.2,Individual,NOAH HACKNEY,Cardiology,1 TAMPA GENERAL CIR,TAMPA,FL,33606,813-821-8038,https://www.facebook.com/ads/library/?active_status=active&ad_type=all&country=US&search_type=keyword_unordered&q=NOAH%20HACKNEY,https://adstransparency.google.com/?region=US&query=NOAH%20HACKNEY,1114488103
217,2019-03-28,7.2,Individual,SIRAAJ DAWOOD,Primary Care,1903 E FLETCHER AVE,TAMPA,FL,33612,813-344-1084,https://www.facebook.com/ads/library/?active_status=active&ad_type=all&country=US&search_type=keyword_unordered&q=SIRAAJ%20DAWOOD,https://adstransparency.google.com/?region=US&query=SIRAAJ%20DAWOOD,1760943039
218,2019-03-28,7.2,Individual,CHANLIR SEGARRA,Gastroenterology,1717 S ORANGE AVE STE 103,ORLANDO,FL,32806,321-841-4344,https://www.facebook.com/ads/library/?active_status=active&ad_type=all&country=US&search_type=keyword_unordered&q=CHANLIR%20SEGARRA,https://adstransparency.google.com/?region=US&query=CHANLIR%20SEGARRA,1831650092
219,2019-03-26,7.2,Org,A PLUS MEDCARE LLC,Primary Care,7211 N DALE MABRY HWY STE 100,TAMPA,FL,33614,813-933-2841,https://www.facebook.com/ads/library/?active_status=active&ad_type=all&country=US&search_type=keyword_unordered&q=A%20PLUS%20MEDCARE%20LLC,https://adstransparency.google.com/?region=US&query=A%20PLUS%20MEDCARE%20LLC,1184185001
220,2019-03-25,7.2,Individual,UJVAL CHOKSI,Primary Care,13000 BRUCE B DOWNS BLVD,TAMPA,FL,33612,813-972-2000,https://www.facebook.com/ads/library/?active_status=active&ad_type=all&country=US&search_type=keyword_unordered&q=UJVAL%20CHOKSI,https://adstransparency.google.com/?region=US&query=UJVAL%20CHOKSI,1902367808
221,2019-03-25,7.2,Individual,CHRISSY LIU,OB-GYN,17 DAVIS BLVD STE 308,TAMPA,FL,33606,813-974-2201,https://www.facebook.com/ads/library/?active_status=active&ad_type=all&country=US&search_type=keyword_unordered&q=CHRISSY%20LIU,https://adstransparency.google.com/?region=US&query=CHRISSY%20LIU,1285194266
222,2019-03-25,7.2,Individual,THERESA BINDAS,Psychiatry,17 DAVIS BLVD STE 308,TAMPA,FL,33606,813-974-2202,https://www.facebook.com/ads/library/?active_status=active&ad_type=all&country=US&search_type=keyword_unordered&q=THERESA%20BINDAS,https://adstransparency.google.com/?region=US&query=THERESA%20BINDAS,1417418385
223,2019-03-25,7.2,Individual,LAUREN FRAGAPANE,Psychiatry,265 E ROLLINS ST # 6,ORLANDO,FL,32804,407-303-6729,https://www.facebook.com/ads/library/?active_status=active&ad_type=all&country=US&search_type=keyword_unordered&q=LAUREN%20FRAGAPANE,https://adstransparency.google.com/?region=US&query=LAUREN%20FRAGAPANE,1134689060
224,2019-03-24,7.2,Individual,PATRICK COUCHOT,Primary Care,11 MELNEA CASS BLVD,BOSTON,MA,02119,617-414-2080,https://www.facebook.com/ads/library/?active_status=active&ad_type=all&country=US&search_type=keyword_unordered&q=PATRICK%20COUCHOT,https://adstransparency.google.com/?region=US&query=PATRICK%20COUCHOT,1730649872
225,2019-03-22,7.2,Individual,MUHANNAD AKEL,Cardiology,3704 W EUCLID AVE,TAMPA,FL,33629,614-363-8561,https://www.facebook.com/ads/library/?active_status=active&ad_type=all&country=US&search_type=keyword_unordered&q=MUHANNAD%20AKEL,https://adstransparency.google.com/?region=US&query=MUHANNAD%20AKEL,1669932851
226,2019-03-21,7.2,Individual,SANDEEP CHUGANI,Primary Care,2812 54TH AVE S,ST PETERSBURG,FL,33712,727-867-8641,https://www.facebook.com/ads/library/?active_status=active&ad_type=all&country=US&search_type=keyword_unordered&q=SANDEEP%20CHUGANI,https://adstransparency.google.com/?region=US&query=SANDEEP%20CHUGANI,1659831253
227,2019-03-20,7.2,Individual,AMIE GERODIMOS,Psychiatry,1303 W KENNEDY BLVD,TAMPA,FL,33606,813-893-6330,https://www.facebook.com/ads/library/?active_status=active&ad_type=all&country=US&search_type=keyword_unordered&q=AMIE%20GERODIMOS,https://adstransparency.google.com/?region=US&query=AMIE%20GERODIMOS,1346700051
228,2019-03-19,7.2,Individual,JOSEPH BRABHAM,Psychiatry,322 W BEARSS AVE,TAMPA,FL,33613,813-575-0477,https://www.facebook.com/ads/library/?active_status=active&ad_type=all&country=US&search_type=keyword_unordered&q=JOSEPH%20BRABHAM,https://adstransparency.google.com/?region=US&query=JOSEPH%20BRABHAM,1801355847
229,2019-03-19,7.2,Individual,KALEB CULPEPPER,Psychiatry,12600 CREEKSIDE LN STE 2,FORT MYERS,FL,33919,239-343-9235,https://www.facebook.com/ads/library/?active_status=active&ad_type=all&country=US&search_type=keyword_unordered&q=KALEB%20CULPEPPER,https://adstransparency.google.com/?region=US&query=KALEB%20CULPEPPER,1518426543
230,2019-03-18,7.2,Individual,NEIL KHOURY,Gastroenterology,263 FARMINGTON AVE,FARMINGTON,CT,06030,860-679-3238,https://www.facebook.com/ads/library/?active_status=active&ad_type=all&country=US&search_type=keyword_unordered&q=NEIL%20KHOURY,https://adstransparency.google.com/?region=US&query=NEIL%20KHOURY,1760941801
231,2019-03-05,7.2,Individual,KARLI GUARINO,OB-GYN,12902 USF MAGNOLIA DR,TAMPA,FL,33612,888-663-3488,https://www.facebook.com/ads/library/?active_status=active&ad_type=all&country=US&search_type=keyword_unordered&q=KARLI%20GUARINO,https://adstransparency.google.com/?region=US&query=KARLI%20GUARINO,1336607647
232,2019-03-01,7.2,Org,"CARESPAN MEDPSYCH NETWORK, PA",Primary Care,14437 UNIVERSITY COVE PL,TAMPA,FL,33613,813-972-7946,https://www.facebook.com/ads/library/?active_status=active&ad_type=all&country=US&search_type=keyword_unordered&q=CARESPAN%20MEDPSYCH%20NETWORK%2C%20PA,https://adstransparency.google.com/?region=US&query=CARESPAN%20MEDPSYCH%20NETWORK%2C%20PA,1376000992
233,2019-02-28,7.2,Org,BEST MEDICAL LLC,Primary Care,4730 N HABANA AVE STE 204,TAMPA,FL,33614,786-715-8147,https://www.facebook.com/ads/library/?active_status=active&ad_type=all&country=US&search_type=keyword_unordered&q=BEST%20MEDICAL%20LLC,https://adstransparency.google.com/?region=US&query=BEST%20MEDICAL%20LLC,1114484813
234,2019-02-25,7.2,Org,"AMANTE MEDICAL AND DIABETIC CENTER, P.A.",Primary Care,1001 N MACDILL AVE. SUITE B,TAMPA,FL,33607,813-999-1716,https://www.facebook.com/ads/library/?active_status=active&ad_type=all&country=US&search_type=keyword_unordered&q=AMANTE%20MEDICAL%20AND%20DIABETIC%20CENTER%2C%20P.A.,https://adstransparency.google.com/?region=US&query=AMANTE%20MEDICAL%20AND%20DIABETIC%20CENTER%2C%20P.A.,1720545981
235,2019-01-31,7.3,Org,DANIEL KORYA MD LLC,Psychiatry,55 MEADOWLANDS PKWY,SECAUCUS,NJ,07094,551-277-4441,https://www.facebook.com/ads/library/?active_status=active&ad_type=all&country=US&search_type=keyword_unordered&q=DANIEL%20KORYA%20MD%20LLC,https://adstransparency.google.com/?region=US&query=DANIEL%20KORYA%20MD%20LLC,1427512722
236,2019-01-26,7.3,Individual,FAWADULHAQ GILLANI,Psychiatry,1303 W KENNEDY BLVD,TAMPA,FL,33606,813-821-8038,https://www.facebook.com/ads/library/?active_status=active&ad_type=all&country=US&search_type=keyword_unordered&q=FAWADULHAQ%20GILLANI,https://adstransparency.google.com/?region=US&query=FAWADULHAQ%20GILLANI,1326502014
237,2018-09-21,7.7,Org,"ANGEL MEDICAL CLINIC, LLC",Primary Care,8001 N DALE MABRY HWY STE 701,TAMPA,FL,33614,813-304-2330,https://www.facebook.com/ads/library/?active_status=active&ad_type=all&country=US&search_type=keyword_unordered&q=ANGEL%20MEDICAL%20CLINIC%2C%20LLC,https://adstransparency.google.com/?region=US&query=ANGEL%20MEDICAL%20CLINIC%2C%20LLC,1881178242
238,2018-09-04,7.7,Org,CELEBRATION PRIMARY CARE ASSOCIATES,Primary Care,1530 CELEBRATION BLVD STE 407,CELEBRATION,FL,34747,813-269-6426,https://www.facebook.com/ads/library/?active_status=active&ad_type=all&country=US&search_type=keyword_unordered&q=CELEBRATION%20PRIMARY%20CARE%20ASSOCIATES,https://adstransparency.google.com/?region=US&query=CELEBRATION%20PRIMARY%20CARE%20ASSOCIATES,1558843748
239,2018-08-25,7.7,Org,BESTCARE PHYSICIAN SERVICES LLC.,Primary Care,5331 PRIMROSE LAKE CIR STE 112,TAMPA,FL,33647,813-240-9556,https://www.facebook.com/ads/library/?active_status=active&ad_type=all&country=US&search_type=keyword_unordered&q=BESTCARE%20PHYSICIAN%20SERVICES%20LLC.,https://adstransparency.google.com/?region=US&query=BESTCARE%20PHYSICIAN%20SERVICES%20LLC.,1821579046
240,2018-08-15,7.8,Individual,JENNIFER VINER,OB-GYN,700 WEST AVE S,LA CROSSE,WI,54601,608-785-0940,https://www.facebook.com/ads/library/?active_status=active&ad_type=all&country=US&search_type=keyword_unordered&q=JENNIFER%20VINER,https://adstransparency.google.com/?region=US&query=JENNIFER%20VINER,1871073254
241,2018-08-06,7.8,Org,ADVANCED BEHAVIOR CENTER INC,Psychiatry,5108 N HABANA AVE STE 1&2,TAMPA,FL,33614,813-533-0011,https://www.facebook.com/ads/library/?active_status=active&ad_type=all&country=US&search_type=keyword_unordered&q=ADVANCED%20BEHAVIOR%20CENTER%20INC,https://adstransparency.google.com/?region=US&query=ADVANCED%20BEHAVIOR%20CENTER%20INC,1205314804
242,2018-06-29,7.9,Individual,GEORGETTA BUNDLEY,Primary Care,12902 USF MAGNOLIA DR,TAMPA,FL,33612,813-745-7365,https://www.facebook.com/ads/library/?active_status=active&ad_type=all&country=US&search_type=keyword_unordered&q=GEORGETTA%20BUNDLEY,https://adstransparency.google.com/?region=US&query=GEORGETTA%20BUNDLEY,1407341647
243,2018-06-26,7.9,Individual,ANNETTE DEUTSCHER,Psychiatry,3004 GIANNA WAY,LAND O LAKES,FL,34638,813-616-1663,https://www.facebook.com/ads/library/?active_status=active&ad_type=all&country=US&search_type=keyword_unordered&q=ANNETTE%20DEUTSCHER,https://adstransparency.google.com/?region=US&query=ANNETTE%20DEUTSCHER,1356836019
244,2018-06-11,8.0,Individual,DANIEL RODRIGUEZ,Cardiology,14320 BRUCE B DOWNS BLVD,TAMPA,FL,33613,813-280-8181,https://www.facebook.com/ads/library/?active_status=active&ad_type=all&country=US&search_type=keyword_unordered&q=DANIEL%20RODRIGUEZ,https://adstransparency.google.com/?region=US&query=DANIEL%20RODRIGUEZ,1154814473
245,2018-06-04,8.0,Individual,SHANNON DAVE,Primary Care,2820 NE 214TH ST STE 801,AVENTURA,FL,33180,888-803-3370,https://www.facebook.com/ads/library/?active_status=active&ad_type=all&country=US&search_type=keyword_unordered&q=SHANNON%20DAVE,https://adstransparency.google.com/?region=US&query=SHANNON%20DAVE,1780176859
246,2018-05-24,8.0,Individual,ALEXANDRA SARAU,Cardiology,2 TAMPA GENERAL CIR,TAMPA,FL,33606,813-259-8684,https://www.facebook.com/ads/library/?active_status=active&ad_type=all&country=US&search_type=keyword_unordered&q=ALEXANDRA%20SARAU,https://adstransparency.google.com/?region=US&query=ALEXANDRA%20SARAU,1568953552
247,2018-05-23,8.0,Individual,ANDREW BARNES,Primary Care,114 W HIGHLAND BLVD,INVERNESS,FL,34452,352-560-0333,https://www.facebook.com/ads/library/?active_status=active&ad_type=all&country=US&search_type=keyword_unordered&q=ANDREW%20BARNES,https://adstransparency.google.com/?region=US&query=ANDREW%20BARNES,1598256752
248,2018-05-16,8.0,Individual,CLERIO FRANCISCO DE AZEVEDO FILHO,Cardiology,10 MEDICINE CIRCLE - DUKE MEDICAL PAVILION ROOM 1E50,DURHAM,NC,27710,919-668-3539,https://www.facebook.com/ads/library/?active_status=active&ad_type=all&country=US&search_type=keyword_unordered&q=CLERIO%20FRANCISCO%20DE%20AZEVEDO%20FILHO,https://adstransparency.google.com/?region=US&query=CLERIO%20FRANCISCO%20DE%20AZEVEDO%20FILHO,1619467529
249,2018-05-15,8.0,Individual,CAROLYN GAULDEN,Psychiatry,560 JACKSON ST N STE 302,ST PETERSBURG,FL,33705,727-849-4063,https://www.facebook.com/ads/library/?active_status=active&ad_type=all&country=US&search_type=keyword_unordered&q=CAROLYN%20GAULDEN,https://adstransparency.google.com/?region=US&query=CAROLYN%20GAULDEN,1831689827
250,2018-05-10,8.0,Individual,SHIVANI JANI,Endocrinology,3601 THE VANDERBILT CLINIC,NASHVILLE,TN,37232,615-322-3000,https://www.facebook.com/ads/library/?active_status=active&ad_type=all&country=US&search_type=keyword_unordered&q=SHIVANI%20JANI,https://adstransparency.google.com/?region=US&query=SHIVANI%20JANI,1063902484
251,2018-04-26,8.1,Individual,CHUKWUKA AYETIN,Primary Care,605 LAMAR AVE,BROOKSVILLE,FL,34601,352-796-9990,https://www.facebook.com/ads/library/?active_status=active&ad_type=all&country=US&search_type=keyword_unordered&q=CHUKWUKA%20AYETIN,https://adstransparency.google.com/?region=US&query=CHUKWUKA%20AYETIN,1508354432
252,2018-04-26,8.1,Individual,KRISHEN PATEL,Gastroenterology,9800 S HEALTHPARK DR STE 110,FORT MYERS,FL,33908,239-343-6202,https://www.facebook.com/ads/library/?active_status=active&ad_type=all&country=US&search_type=keyword_unordered&q=KRISHEN%20PATEL,https://adstransparency.google.com/?region=US&query=KRISHEN%20PATEL,1356839260
253,2018-04-24,8.1,Individual,PAPRI SARKAR,OB-GYN,5016 W CYPRESS ST STE 302,TAMPA,FL,33607,813-906-2285,https://www.facebook.com/ads/library/?active_status=active&ad_type=all&country=US&search_type=keyword_unordered&q=PAPRI%20SARKAR,https://adstransparency.google.com/?region=US&query=PAPRI%20SARKAR,1962990143
254,2018-04-24,8.1,Individual,MARK EBERBACH,Psychiatry,3515 E FLETCHER AVE,TAMPA,FL,33613,813-821-8038,https://www.facebook.com/ads/library/?active_status=active&ad_type=all&country=US&search_type=keyword_unordered&q=MARK%20EBERBACH,https://adstransparency.google.com/?region=US&query=MARK%20EBERBACH,1316435530
255,2018-04-23,8.1,Individual,QASSEM ABDELAL,Primary Care,3100 E FLETCHER AVE,TAMPA,FL,33613,407-303-7283,https://www.facebook.com/ads/library/?active_status=active&ad_type=all&country=US&search_type=keyword_unordered&q=QASSEM%20ABDELAL,https://adstransparency.google.com/?region=US&query=QASSEM%20ABDELAL,1477041796
256,2018-04-17,8.1,Individual,KYLE BORODUNOVICH,Primary Care,2812 54TH AVE S,ST PETERSBURG,FL,33712,727-867-8641,https://www.facebook.com/ads/library/?active_status=active&ad_type=all&country=US&search_type=keyword_unordered&q=KYLE%20BORODUNOVICH,https://adstransparency.google.com/?region=US&query=KYLE%20BORODUNOVICH,1396232229
257,2018-04-16,8.1,Individual,YASIR ALSARAF,Primary Care,3402 W DR MARTIN LUTHER KING JR BLVD,TAMPA,FL,33607,813-875-3950,https://www.facebook.com/ads/library/?active_status=active&ad_type=all&country=US&search_type=keyword_unordered&q=YASIR%20ALSARAF,https://adstransparency.google.com/?region=US&query=YASIR%20ALSARAF,1508353699
258,2018-04-12,8.1,Individual,JARED KRAININ,Cardiology,3601 LADSON RD STE 100,LADSON,SC,29456,843-285-2500,https://www.facebook.com/ads/library/?active_status=active&ad_type=all&country=US&search_type=keyword_unordered&q=JARED%20KRAININ,https://adstransparency.google.com/?region=US&query=JARED%20KRAININ,1932606134
259,2018-04-10,8.1,Individual,SETH MAXWELL,Cardiology,3000 MEDICAL PARK DR STE 300,TAMPA,FL,33613,813-497-9661,https://www.facebook.com/ads/library/?active_status=active&ad_type=all&country=US&search_type=keyword_unordered&q=SETH%20MAXWELL,https://adstransparency.google.com/?region=US&query=SETH%20MAXWELL,1891292447
260,2018-04-08,8.1,Individual,LISA CALVO,Psychiatry,170 MANNING DRIVE POB CB# 7025,CHAPEL HILL,NC,27599,919-966-6727,https://www.facebook.com/ads/library/?active_status=active&ad_type=all&country=US&search_type=keyword_unordered&q=LISA%20CALVO,https://adstransparency.google.com/?region=US&query=LISA%20CALVO,1821595760
261,2018-04-02,8.1,Individual,RYAN BRUNETTI,Cardiology,1 TAMPA GENERAL CIR,TAMPA,FL,33606,813-821-8038,https://www.facebook.com/ads/library/?active_status=active&ad_type=all&country=US&search_type=keyword_unordered&q=RYAN%20BRUNETTI,https://adstransparency.google.com/?region=US&query=RYAN%20BRUNETTI,1063918654
262,2018-03-31,8.2,Individual,ANASTASIYA BAGROVA,Primary Care,13330 USF LAUREL DR,TAMPA,FL,33612,813-821-8038,https://www.facebook.com/ads/library/?active_status=active&ad_type=all&country=US&search_type=keyword_unordered&q=ANASTASIYA%20BAGROVA,https://adstransparency.google.com/?region=US&query=ANASTASIYA%20BAGROVA,1215433172
263,2018-03-29,8.2,Individual,MISHAH AZHAR,Primary Care,4541 S DALE MABRY HWY STE 100,TAMPA,FL,33611,727-532-0002,https://www.facebook.com/ads/library/?active_status=active&ad_type=all&country=US&search_type=keyword_unordered&q=MISHAH%20AZHAR,https://adstransparency.google.com/?region=US&query=MISHAH%20AZHAR,1083119028
264,2018-03-29,8.2,Individual,ANN MERCIER,OB-GYN,12902 USF MAGNOLIA DR,TAMPA,FL,33612,888-663-3488,https://www.facebook.com/ads/library/?active_status=active&ad_type=all&country=US&search_type=keyword_unordered&q=ANN%20MERCIER,https://adstransparency.google.com/?region=US&query=ANN%20MERCIER,1336644319
265,2018-03-29,8.2,Individual,PAIGE CARRIGAN,Psychiatry,22 NORTHEAST DR,HERSHEY,PA,17033,800-243-1455,https://www.facebook.com/ads/library/?active_status=active&ad_type=all&country=US&search_type=keyword_unordered&q=PAIGE%20CARRIGAN,https://adstransparency.google.com/?region=US&query=PAIGE%20CARRIGAN,1265937403
266,2018-03-27,8.2,Individual,MAYADA ALI,Primary Care,111 E 210TH ST,BRONX,NY,10467,718-920-9168,https://www.facebook.com/ads/library/?active_status=active&ad_type=all&country=US&search_type=keyword_unordered&q=MAYADA%20ALI,https://adstransparency.google.com/?region=US&query=MAYADA%20ALI,1316442866
267,2018-03-27,8.2,Individual,ANNIE TOPHAM,Gastroenterology,2820 SE 3RD CT STE 100,OCALA,FL,34471,352-844-8145,https://www.facebook.com/ads/library/?active_status=active&ad_type=all&country=US&search_type=keyword_unordered&q=ANNIE%20TOPHAM,https://adstransparency.google.com/?region=US&query=ANNIE%20TOPHAM,1972008456
268,2018-03-26,8.2,Individual,BRYAN AGOSTINI SANZ,Primary Care,203 N MARION ST,TAMPA,FL,33602,813-474-9804,https://www.facebook.com/ads/library/?active_status=active&ad_type=all&country=US&search_type=keyword_unordered&q=BRYAN%20AGOSTINI%20SANZ,https://adstransparency.google.com/?region=US&query=BRYAN%20AGOSTINI%20SANZ,1194220814
269,2018-03-26,8.2,Individual,ANDREW JUNG,Cardiology,1222 S ORANGE AVE,ORLANDO,FL,32806,321-841-6444,https://www.facebook.com/ads/library/?active_status=active&ad_type=all&country=US&search_type=keyword_unordered&q=ANDREW%20JUNG,https://adstransparency.google.com/?region=US&query=ANDREW%20JUNG,1437654068
270,2018-03-26,8.2,Individual,SHAILAJA EMANI,Psychiatry,17 DAVIS BLVD STE 308,TAMPA,FL,33606,813-974-2805,https://www.facebook.com/ads/library/?active_status=active&ad_type=all&country=US&search_type=keyword_unordered&q=SHAILAJA%20EMANI,https://adstransparency.google.com/?region=US&query=SHAILAJA%20EMANI,1255836854
271,2018-03-23,8.2,Individual,KELLIE AARONS,Primary Care,400 N TAMPA ST FL 15,TAMPA,FL,33602,888-803-3370,https://www.facebook.com/ads/library/?active_status=active&ad_type=all&country=US&search_type=keyword_unordered&q=KELLIE%20AARONS,https://adstransparency.google.com/?region=US&query=KELLIE%20AARONS,1558865477
272,2018-03-19,8.2,Individual,ELIO MONSOUR,Endocrinology,12902 USF MAGNOLIA DR,TAMPA,FL,33612,813-745-7365,https://www.facebook.com/ads/library/?active_status=active&ad_type=all&country=US&search_type=keyword_unordered&q=ELIO%20MONSOUR,https://adstransparency.google.com/?region=US&query=ELIO%20MONSOUR,1669976320
273,2018-03-14,8.2,Org,AFFILIATED PHYSICIANS OF FLORIDA LLC,Primary Care,11603 SHELDON RD,TAMPA,FL,33626,813-853-9246,https://www.facebook.com/ads/library/?active_status=active&ad_type=all&country=US&search_type=keyword_unordered&q=AFFILIATED%20PHYSICIANS%20OF%20FLORIDA%20LLC,https://adstransparency.google.com/?region=US&query=AFFILIATED%20PHYSICIANS%20OF%20FLORIDA%20LLC,1194228338
274,2018-03-13,8.2,Org,SGF TAMPA BAY LLC,OB-GYN,5016 WEST CYPRESS STREET,TAMPA,FL,33609,800-239-5613,https://www.facebook.com/ads/library/?active_status=active&ad_type=all&country=US&search_type=keyword_unordered&q=SGF%20TAMPA%20BAY%20LLC,https://adstransparency.google.com/?region=US&query=SGF%20TAMPA%20BAY%20LLC,1013410497
275,2018-03-09,8.2,Individual,STEPHANIE COOPER,OB-GYN,1551 CLAY ST,WINTER PARK,FL,32789,407-644-5371,https://www.facebook.com/ads/library/?active_status=active&ad_type=all&country=US&search_type=keyword_unordered&q=STEPHANIE%20COOPER,https://adstransparency.google.com/?region=US&query=STEPHANIE%20COOPER,1629571344
276,2018-02-26,8.2,Org,"BRIGHT MEDICAL OPTIONS, LLC",Primary Care,4445 HWY 40,SAINT MARYS,GA,31558,813-233-6010,https://www.facebook.com/ads/library/?active_status=active&ad_type=all&country=US&search_type=keyword_unordered&q=BRIGHT%20MEDICAL%20OPTIONS%2C%20LLC,https://adstransparency.google.com/?region=US&query=BRIGHT%20MEDICAL%20OPTIONS%2C%20LLC,1427559343
277,2018-02-20,8.3,Individual,ADRIAN KOHUT,OB-GYN,2 TAMPA GENERAL CIR,TAMPA,FL,33606,813-821-8038,https://www.facebook.com/ads/library/?active_status=active&ad_type=all&country=US&search_type=keyword_unordered&q=ADRIAN%20KOHUT,https://adstransparency.google.com/?region=US&query=ADRIAN%20KOHUT,1629578257
278,2018-02-05,8.3,Org,ALLIANCE HEALTHCARE GPO LLC,Primary Care,14918 N FLORIDA AVE,TAMPA,FL,33613,813-931-0000,https://www.facebook.com/ads/library/?active_status=active&ad_type=all&country=US&search_type=keyword_unordered&q=ALLIANCE%20HEALTHCARE%20GPO%20LLC,https://adstransparency.google.com/?region=US&query=ALLIANCE%20HEALTHCARE%20GPO%20LLC,1275032278
279,2018-01-15,8.4,Org,CEREBRUM HEALTHCARE LLC,Psychiatry,3225 S MACDILL AVE STE 129-300,TAMPA,FL,33629,813-441-6803,https://www.facebook.com/ads/library/?active_status=active&ad_type=all&country=US&search_type=keyword_unordered&q=CEREBRUM%20HEALTHCARE%20LLC,https://adstransparency.google.com/?region=US&query=CEREBRUM%20HEALTHCARE%20LLC,1255849055
280,2018-01-13,8.4,Org,"CARDIAC CIN OF FLORIDA, LLC",Cardiology,3001 W MARTIN LUTHER KING JR BLVD,TAMPA,FL,33607,615-386-0064,https://www.facebook.com/ads/library/?active_status=active&ad_type=all&country=US&search_type=keyword_unordered&q=CARDIAC%20CIN%20OF%20FLORIDA%2C%20LLC,https://adstransparency.google.com/?region=US&query=CARDIAC%20CIN%20OF%20FLORIDA%2C%20LLC,1902314875
281,2017-11-27,8.5,Individual,ATZA ACOSTA FELICIANO,Primary Care,3128 E HILLSBOROUGH AVE,TAMPA,FL,33610,813-579-1769,https://www.facebook.com/ads/library/?active_status=active&ad_type=all&country=US&search_type=keyword_unordered&q=ATZA%20ACOSTA%20FELICIANO,https://adstransparency.google.com/?region=US&query=ATZA%20ACOSTA%20FELICIANO,1194239384
282,2017-11-16,8.5,Org,"ADVANCED ADULT MEDICINE, INC",Primary Care,1127 NIKKI VIEW DR,BRANDON,FL,33511,813-876-7600,https://www.facebook.com/ads/library/?active_status=active&ad_type=all&country=US&search_type=keyword_unordered&q=ADVANCED%20ADULT%20MEDICINE%2C%20INC,https://adstransparency.google.com/?region=US&query=ADVANCED%20ADULT%20MEDICINE%2C%20INC,1043723752
283,2017-10-06,8.6,Org,"ACCESS MEDICAL GROUP OF TAMPA II, LLC.",Primary Care,4054 W HILLSBOROUGH AVE,TAMPA,FL,33614,813-906-1412,https://www.facebook.com/ads/library/?active_status=active&ad_type=all&country=US&search_type=keyword_unordered&q=ACCESS%20MEDICAL%20GROUP%20OF%20TAMPA%20II%2C%20LLC.,https://adstransparency.google.com/?region=US&query=ACCESS%20MEDICAL%20GROUP%20OF%20TAMPA%20II%2C%20LLC.,1841700697
284,2017-09-26,8.7,Org,BERLAND MEDICAL GROUP LLC,Primary Care,11792 LAKE ASTON CT STE A,TAMPA,FL,33626,813-690-0225,https://www.facebook.com/ads/library/?active_status=active&ad_type=all&country=US&search_type=keyword_unordered&q=BERLAND%20MEDICAL%20GROUP%20LLC,https://adstransparency.google.com/?region=US&query=BERLAND%20MEDICAL%20GROUP%20LLC,1376052019
285,2017-09-05,8.7,Individual,AASHKA SHAH,Endocrinology,13801 BRUCE B DOWNS BLVD STE 201,TAMPA,FL,33613,850-624-5040,https://www.facebook.com/ads/library/?active_status=active&ad_type=all&country=US&search_type=keyword_unordered&q=AASHKA%20SHAH,https://adstransparency.google.com/?region=US&query=AASHKA%20SHAH,1184142754
286,2017-09-01,8.7,Org,ACINA MEDICAL CENTERS PLLC,Primary Care,6914 W LINEBAUGH AVE STE 102,TAMPA,FL,33625,727-432-1380,https://www.facebook.com/ads/library/?active_status=active&ad_type=all&country=US&search_type=keyword_unordered&q=ACINA%20MEDICAL%20CENTERS%20PLLC,https://adstransparency.google.com/?region=US&query=ACINA%20MEDICAL%20CENTERS%20PLLC,1184142986
287,2017-07-31,8.8,Org,JAIME F CASELLAS MD CORP,Cardiology,4600 N HABANA AVE SUIT #13,TAMPA,FL,33614,813-870-3278,https://www.facebook.com/ads/library/?active_status=active&ad_type=all&country=US&search_type=keyword_unordered&q=JAIME%20F%20CASELLAS%20MD%20CORP,https://adstransparency.google.com/?region=US&query=JAIME%20F%20CASELLAS%20MD%20CORP,1982128062
288,2017-07-27,8.8,Org,"HESHAM FAKHRI, MD PLLC",Cardiology,2605 W SWANN AVE STE 100,TAMPA,FL,33609,813-708-8346,https://www.facebook.com/ads/library/?active_status=active&ad_type=all&country=US&search_type=keyword_unordered&q=HESHAM%20FAKHRI%2C%20MD%20PLLC,https://adstransparency.google.com/?region=US&query=HESHAM%20FAKHRI%2C%20MD%20PLLC,1174047674
289,2017-06-29,8.9,Individual,DAE HYUN LEE,Cardiology,3400 SPRUCE STREET,PHILADELPHIA,PA,19104,215-662-7355,https://www.facebook.com/ads/library/?active_status=active&ad_type=all&country=US&search_type=keyword_unordered&q=DAE%20HYUN%20LEE,https://adstransparency.google.com/?region=US&query=DAE%20HYUN%20LEE,1235650284
290,2017-06-26,8.9,Individual,ENAS ABDALLAH,Primary Care,12902 USF MAGNOLIA DR,TAMPA,FL,33612,813-745-4673,https://www.facebook.com/ads/library/?active_status=active&ad_type=all&country=US&search_type=keyword_unordered&q=ENAS%20ABDALLAH,https://adstransparency.google.com/?region=US&query=ENAS%20ABDALLAH,1083134555
291,2017-05-12,9.0,Individual,CRISTINA NUNEZ,Cardiology,1 TAMPA GENERAL CIR,TAMPA,FL,33606,813-821-8038,https://www.facebook.com/ads/library/?active_status=active&ad_type=all&country=US&search_type=keyword_unordered&q=CRISTINA%20NUNEZ,https://adstransparency.google.com/?region=US&query=CRISTINA%20NUNEZ,1922535632
292,2017-05-11,9.0,Individual,CASSANDRA GANDLE,Gastroenterology,14547 BRUCE B DOWNS BLVD STE A,TAMPA,FL,33613,813-280-7100,https://www.facebook.com/ads/library/?active_status=active&ad_type=all&country=US&search_type=keyword_unordered&q=CASSANDRA%20GANDLE,https://adstransparency.google.com/?region=US&query=CASSANDRA%20GANDLE,1669908703
293,2017-05-04,9.1,Individual,PADMASTUTI AKELLA,Primary Care,123 SUMMER ST,WORCESTER,MA,01608,508-363-6208,https://www.facebook.com/ads/library/?active_status=active&ad_type=all&country=US&search_type=keyword_unordered&q=PADMASTUTI%20AKELLA,https://adstransparency.google.com/?region=US&query=PADMASTUTI%20AKELLA,1467988873
294,2017-04-27,9.1,Individual,CATHLEEN BRUNER,Primary Care,2175 NW RALEIGH ST STE 110,PORTLAND,OR,97210,415-840-0560,https://www.facebook.com/ads/library/?active_status=active&ad_type=all&country=US&search_type=keyword_unordered&q=CATHLEEN%20BRUNER,https://adstransparency.google.com/?region=US&query=CATHLEEN%20BRUNER,1578098455
295,2017-04-20,9.1,Individual,SHRUTHI NARASIMHA,Gastroenterology,9320 US HIGHWAY 301 S STE 350,RIVERVIEW,FL,33578,813-328-2070,https://www.facebook.com/ads/library/?active_status=active&ad_type=all&country=US&search_type=keyword_unordered&q=SHRUTHI%20NARASIMHA,https://adstransparency.google.com/?region=US&query=SHRUTHI%20NARASIMHA,1952835563
296,2017-04-19,9.1,Individual,JENNIFER COSTA,Primary Care,13220 USF LAUREL DRIVE,TAMPA,FL,33612,813-974-2201,https://www.facebook.com/ads/library/?active_status=active&ad_type=all&country=US&search_type=keyword_unordered&q=JENNIFER%20COSTA,https://adstransparency.google.com/?region=US&query=JENNIFER%20COSTA,1922532654
297,2017-04-19,9.1,Individual,ALEKSANDRA POLIC,OB-GYN,300 HALKET ST,PITTSBURGH,PA,15213,636-141-2641,https://www.facebook.com/ads/library/?active_status=active&ad_type=all&country=US&search_type=keyword_unordered&q=ALEKSANDRA%20POLIC,https://adstransparency.google.com/?region=US&query=ALEKSANDRA%20POLIC,1467986174
298,2017-04-18,9.1,Org,360 DEGREE MEDICAL CARE PA,Primary Care,3111 W SAN JOSE ST,TAMPA,FL,33629,813-446-5460,https://www.facebook.com/ads/library/?active_status=active&ad_type=all&country=US&search_type=keyword_unordered&q=360%20DEGREE%20MEDICAL%20CARE%20PA,https://adstransparency.google.com/?region=US&query=360%20DEGREE%20MEDICAL%20CARE%20PA,1760916696
299,2017-04-18,9.1,Individual,ELAINE AQUINO,Primary Care,5112 N HABANA AVE,TAMPA,FL,33614,813-374-2406,https://www.facebook.com/ads/library/?active_status=active&ad_type=all&country=US&search_type=keyword_unordered&q=ELAINE%20AQUINO,https://adstransparency.google.com/?region=US&query=ELAINE%20AQUINO,1629502513
300,2017-04-17,9.1,Individual,SABRINA PRABAKARAN,Gastroenterology,3000 MEDICAL PARK DR STE 500,TAMPA,FL,33613,813-615-7028,https://www.facebook.com/ads/library/?active_status=active&ad_type=all&country=US&search_type=keyword_unordered&q=SABRINA%20PRABAKARAN,https://adstransparency.google.com/?region=US&query=SABRINA%20PRABAKARAN,1003340076
301,2017-04-13,9.1,Individual,ALYSSA ANDRING,Psychiatry,13000 BRUCE B DOWNS BLVD,TAMPA,FL,33612,877-741-3400,https://www.facebook.com/ads/library/?active_status=active&ad_type=all&country=US&search_type=keyword_unordered&q=ALYSSA%20ANDRING,https://adstransparency.google.com/?region=US&query=ALYSSA%20ANDRING,1427582790
302,2017-04-07,9.1,Individual,JENNIFER FORBES,Cardiology,3503 E FRONTAGE RD,TAMPA,FL,33607,813-586-8187,https://www.facebook.com/ads/library/?active_status=active&ad_type=all&country=US&search_type=keyword_unordered&q=JENNIFER%20FORBES,https://adstransparency.google.com/?region=US&query=JENNIFER%20FORBES,1952834756
303,2017-04-06,9.1,Individual,RITESH PATEL,Cardiology,3000 MEDICAL PARK DR STE 320,TAMPA,FL,33613,813-336-5766,https://www.facebook.com/ads/library/?active_status=active&ad_type=all&country=US&search_type=keyword_unordered&q=RITESH%20PATEL,https://adstransparency.google.com/?region=US&query=RITESH%20PATEL,1063945004
304,2017-04-06,9.1,Individual,ANNA BABAIE,Psychiatry,1968 PEACHTREE RD NW,ATLANTA,GA,30309,404-367-3014,https://www.facebook.com/ads/library/?active_status=active&ad_type=all&country=US&search_type=keyword_unordered&q=ANNA%20BABAIE,https://adstransparency.google.com/?region=US&query=ANNA%20BABAIE,1669905568
305,2017-04-05,9.1,Individual,ANUJ AGARWAL,Primary Care,12902 USF MAGNOLIA DR,TAMPA,FL,33612,813-745-4673,https://www.facebook.com/ads/library/?active_status=active&ad_type=all&country=US&search_type=keyword_unordered&q=ANUJ%20AGARWAL,https://adstransparency.google.com/?region=US&query=ANUJ%20AGARWAL,1598298614
306,2017-04-03,9.1,Individual,LEEN ALSALEH,Primary Care,1600 LAKELAND HILLS BLVD,LAKELAND,FL,33805,863-680-7486,https://www.facebook.com/ads/library/?active_status=active&ad_type=all&country=US&search_type=keyword_unordered&q=LEEN%20ALSALEH,https://adstransparency.google.com/?region=US&query=LEEN%20ALSALEH,1801328216
307,2017-04-02,9.1,Individual,CAITLIN CROWGEY,Psychiatry,17 DAVIS BLVD,TAMPA,FL,33606,813-974-2805,https://www.facebook.com/ads/library/?active_status=active&ad_type=all&country=US&search_type=keyword_unordered&q=CAITLIN%20CROWGEY,https://adstransparency.google.com/?region=US&query=CAITLIN%20CROWGEY,1013449644
308,2017-03-30,9.2,Individual,DENISE FERADOV,Cardiology,17 DAVIS BLVD,TAMPA,FL,33606,813-259-0661,https://www.facebook.com/ads/library/?active_status=active&ad_type=all&country=US&search_type=keyword_unordered&q=DENISE%20FERADOV,https://adstransparency.google.com/?region=US&query=DENISE%20FERADOV,1063944882
309,2017-03-30,9.2,Individual,BRIAN BLACK,Gastroenterology,17 DAVIS BLVD STE 308,TAMPA,FL,33606,813-259-8510,https://www.facebook.com/ads/library/?active_status=active&ad_type=all&country=US&search_type=keyword_unordered&q=BRIAN%20BLACK,https://adstransparency.google.com/?region=US&query=BRIAN%20BLACK,1528590429
310,2017-03-29,9.2,Individual,SEAN AMIRZADEH,Endocrinology,4816 N ARMENIA AVE,TAMPA,FL,33603,813-876-3636,https://www.facebook.com/ads/library/?active_status=active&ad_type=all&country=US&search_type=keyword_unordered&q=SEAN%20AMIRZADEH,https://adstransparency.google.com/?region=US&query=SEAN%20AMIRZADEH,1801328927
311,2017-03-29,9.2,Individual,SAMUEL SLONE,Gastroenterology,17 DAVIS BLVD,TAMPA,FL,33606,813-250-2506,https://www.facebook.com/ads/library/?active_status=active&ad_type=all&country=US&search_type=keyword_unordered&q=SAMUEL%20SLONE,https://adstransparency.google.com/?region=US&query=SAMUEL%20SLONE,1801328844
312,2017-03-28,9.2,Individual,HUSSAIN BASRAWALA,Cardiology,1300 S. COLUMBIA RD,GRAND FORKS,ND,58201,701-780-6000,https://www.facebook.com/ads/library/?active_status=active&ad_type=all&country=US&search_type=keyword_unordered&q=HUSSAIN%20BASRAWALA,https://adstransparency.google.com/?region=US&query=HUSSAIN%20BASRAWALA,1225560428
313,2017-03-27,9.2,Individual,FRANCISCO ALVARADO,Primary Care,521 W STATE ROAD 434,LONGWOOD,FL,32750,321-841-6444,https://www.facebook.com/ads/library/?active_status=active&ad_type=all&country=US&search_type=keyword_unordered&q=FRANCISCO%20ALVARADO,https://adstransparency.google.com/?region=US&query=FRANCISCO%20ALVARADO,1295266740
314,2017-03-27,9.2,Individual,ADEL EL SAYED,Psychiatry,8451 TEMPLE TERRACE HWY,TAMPA,FL,33637,813-631-7100,https://www.facebook.com/ads/library/?active_status=active&ad_type=all&country=US&search_type=keyword_unordered&q=ADEL%20EL%20SAYED,https://adstransparency.google.com/?region=US&query=ADEL%20EL%20SAYED,1841721396
315,2017-03-24,9.2,Individual,AJAY BHANDARI,Cardiology,17 DAVIS BLVD,TAMPA,FL,33606,813-259-0661,https://www.facebook.com/ads/library/?active_status=active&ad_type=all&country=US&search_type=keyword_unordered&q=AJAY%20BHANDARI,https://adstransparency.google.com/?region=US&query=AJAY%20BHANDARI,1407387160
316,2017-03-23,9.2,Individual,KELLY BRUCE,OB-GYN,200 1ST ST SW,ROCHESTER,MN,55905,507-284-2511,https://www.facebook.com/ads/library/?active_status=active&ad_type=all&country=US&search_type=keyword_unordered&q=KELLY%20BRUCE,https://adstransparency.google.com/?region=US&query=KELLY%20BRUCE,1871024570
317,2017-03-20,9.2,Individual,MICHAEL CARRANZA,Gastroenterology,14547 BRUCE B DOWNS BLVD STE A,TAMPA,FL,33613,813-280-7100,https://www.facebook.com/ads/library/?active_status=active&ad_type=all&country=US&search_type=keyword_unordered&q=MICHAEL%20CARRANZA,https://adstransparency.google.com/?region=US&query=MICHAEL%20CARRANZA,1255872461
318,2017-03-02,9.2,Org,AMERICAN ARTHRITIS & RHEUMATOLOGY ASSOCIATES LLC,Primary Care,1025 MILITARY TRL STE 200,JUPITER,FL,33458,561-747-1987,https://www.facebook.com/ads/library/?active_status=active&ad_type=all&country=US&search_type=keyword_unordered&q=AMERICAN%20ARTHRITIS%20%26%20RHEUMATOLOGY%20ASSOCIATES%20LLC,https://adstransparency.google.com/?region=US&query=AMERICAN%20ARTHRITIS%20%26%20RHEUMATOLOGY%20ASSOCIATES%20LLC,1598205072
319,2017-02-14,9.3,Individual,GUSTAVO MEYRELES-CHALJUB,Endocrinology,602 S AUDUBON AVE STE A,TAMPA,FL,33609,813-931-2424,https://www.facebook.com/ads/library/?active_status=active&ad_type=all&country=US&search_type=keyword_unordered&q=GUSTAVO%20MEYRELES-CHALJUB,https://adstransparency.google.com/?region=US&query=GUSTAVO%20MEYRELES-CHALJUB,1700325479
320,2017-02-03,9.3,Org,"AMOMA, PLLC",Psychiatry,1314 S GRAND BLVD STE 2,SPOKANE,WA,99202,813-955-2827,https://www.facebook.com/ads/library/?active_status=active&ad_type=all&country=US&search_type=keyword_unordered&q=AMOMA%2C%20PLLC,https://adstransparency.google.com/?region=US&query=AMOMA%2C%20PLLC,1215475744
321,2017-01-11,9.4,Org,LOCICERO HOSPITAL GROUP LLC,Endocrinology,2605 W SWANN AVE,TAMPA,FL,33609,813-876-7073,https://www.facebook.com/ads/library/?active_status=active&ad_type=all&country=US&search_type=keyword_unordered&q=LOCICERO%20HOSPITAL%20GROUP%20LLC,https://adstransparency.google.com/?region=US&query=LOCICERO%20HOSPITAL%20GROUP%20LLC,1407392780
322,2016-11-14,9.5,Org,"BEHAVIORAL COLLABORATIVE CARE SOLUTIONS, LLC",Psychiatry,9000 SW 137TH AVE STE 103,MIAMI,FL,33186,305-671-3503,https://www.facebook.com/ads/library/?active_status=active&ad_type=all&country=US&search_type=keyword_unordered&q=BEHAVIORAL%20COLLABORATIVE%20CARE%20SOLUTIONS%2C%20LLC,https://adstransparency.google.com/?region=US&query=BEHAVIORAL%20COLLABORATIVE%20CARE%20SOLUTIONS%2C%20LLC,1487196010
323,2016-10-31,9.6,Org,CAPERNAUM MEDICAL CENTER FOR KIDS PLLC,Psychiatry,2024 EDGEWOOD DR S,LAKELAND,FL,33803,863-232-4323,https://www.facebook.com/ads/library/?active_status=active&ad_type=all&country=US&search_type=keyword_unordered&q=CAPERNAUM%20MEDICAL%20CENTER%20FOR%20KIDS%20PLLC,https://adstransparency.google.com/?region=US&query=CAPERNAUM%20MEDICAL%20CENTER%20FOR%20KIDS%20PLLC,1881146413
324,2016-10-24,9.6,Org,TAMPA GENERAL MEDICAL GROUP INC,Endocrinology,10740 PALM RIVER ROAD,TAMPA,FL,33619,813-660-6000,https://www.facebook.com/ads/library/?active_status=active&ad_type=all&country=US&search_type=keyword_unordered&q=TAMPA%20GENERAL%20MEDICAL%20GROUP%20INC,https://adstransparency.google.com/?region=US&query=TAMPA%20GENERAL%20MEDICAL%20GROUP%20INC,1073064127
325,2016-09-09,9.7,Individual,ESSA ALSHARIF,Primary Care,10647 BIG BEND RD STE 212,RIVERVIEW,FL,33579,813-844-4600,https://www.facebook.com/ads/library/?active_status=active&ad_type=all&country=US&search_type=keyword_unordered&q=ESSA%20ALSHARIF,https://adstransparency.google.com/?region=US&query=ESSA%20ALSHARIF,1124575899
326,2016-08-29,9.7,Org,FLORIDA DIABETES AND ENDOCRINE ASSOCIATES LLC,Endocrinology,7001 N DALE MABRY HWY STE 2,TAMPA,FL,33614,813-252-9849,https://www.facebook.com/ads/library/?active_status=active&ad_type=all&country=US&search_type=keyword_unordered&q=FLORIDA%20DIABETES%20AND%20ENDOCRINE%20ASSOCIATES%20LLC,https://adstransparency.google.com/?region=US&query=FLORIDA%20DIABETES%20AND%20ENDOCRINE%20ASSOCIATES%20LLC,1295281467
327,2016-08-07,9.8,Individual,CLAUDIA MONGE,Cardiology,13127 VAIL RIDGE DR,RIVERVIEW,FL,33579,813-661-6199,https://www.facebook.com/ads/library/?active_status=active&ad_type=all&country=US&search_type=keyword_unordered&q=CLAUDIA%20MONGE,https://adstransparency.google.com/?region=US&query=CLAUDIA%20MONGE,1831643923
328,2016-08-01,9.8,Individual,YADIS ARROYO,Gastroenterology,5016 W CYPRESS ST STE 200,TAMPA,FL,33607,813-542-2589,https://www.facebook.com/ads/library/?active_status=active&ad_type=all&country=US&search_type=keyword_unordered&q=YADIS%20ARROYO,https://adstransparency.google.com/?region=US&query=YADIS%20ARROYO,1790238269
329,2016-07-22,9.8,Individual,LAUREN HAMMER,OB-GYN,4150 NORTH ARMENIA AVENUE,TAMPA,FL,33607,813-876-0914,https://www.facebook.com/ads/library/?active_status=active&ad_type=all&country=US&search_type=keyword_unordered&q=LAUREN%20HAMMER,https://adstransparency.google.com/?region=US&query=LAUREN%20HAMMER,1720431968
330,2016-07-19,9.8,Org,"ADVENTIST HEALTH SYSTEM/SUNBELT, INC.",Primary Care,6930 GUNN HWY,TAMPA,FL,33625,813-792-2550,https://www.facebook.com/ads/library/?active_status=active&ad_type=all&country=US&search_type=keyword_unordered&q=ADVENTIST%20HEALTH%20SYSTEM%2FSUNBELT%2C%20INC.,https://adstransparency.google.com/?region=US&query=ADVENTIST%20HEALTH%20SYSTEM%2FSUNBELT%2C%20INC.,1083067664
331,2016-07-13,9.9,Org,"ARIZONA LS, LLC",Primary Care,509 S HYDE PARK AVE,TAMPA,FL,33606,813-228-6334,https://www.facebook.com/ads/library/?active_status=active&ad_type=all&country=US&search_type=keyword_unordered&q=ARIZONA%20LS%2C%20LLC,https://adstransparency.google.com/?region=US&query=ARIZONA%20LS%2C%20LLC,1144673229
332,2016-07-04,9.9,Org,ROOT CAUSE MEDICAL CLINIC INC,Endocrinology,15049 BRUCE B DOWNS BLVD,TAMPA,FL,33647,937-216-9048,https://www.facebook.com/ads/library/?active_status=active&ad_type=all&country=US&search_type=keyword_unordered&q=ROOT%20CAUSE%20MEDICAL%20CLINIC%20INC,https://adstransparency.google.com/?region=US&query=ROOT%20CAUSE%20MEDICAL%20CLINIC%20INC,1962854802
333,2016-06-28,9.9,Individual,DIANA ENCALADA SOTO,OB-GYN,200 1ST ST SW,ROCHESTER,MN,55905,507-284-2511,https://www.facebook.com/ads/library/?active_status=active&ad_type=all&country=US&search_type=keyword_unordered&q=DIANA%20ENCALADA%20SOTO,https://adstransparency.google.com/?region=US&query=DIANA%20ENCALADA%20SOTO,1508217977
334,2016-06-28,9.9,Individual,KARLA CALZADA MORALES,Psychiatry,12512 BRUCE B DOWNS BLVD,TAMPA,FL,33612,813-977-8700,https://www.facebook.com/ads/library/?active_status=active&ad_type=all&country=US&search_type=keyword_unordered&q=KARLA%20CALZADA%20MORALES,https://adstransparency.google.com/?region=US&query=KARLA%20CALZADA%20MORALES,1013368349
335,2016-06-27,9.9,Individual,CHRISTIAN BECHTOLD,Primary Care,6000 49TH ST N,ST PETERSBURG,FL,33709,727-521-5057,https://www.facebook.com/ads/library/?active_status=active&ad_type=all&country=US&search_type=keyword_unordered&q=CHRISTIAN%20BECHTOLD,https://adstransparency.google.com/?region=US&query=CHRISTIAN%20BECHTOLD,1528419967
336,2016-06-21,9.9,Individual,ARIC TUCKER,Gastroenterology,4301 N HABANA AVE,TAMPA,FL,33607,813-876-0951,https://www.facebook.com/ads/library/?active_status=active&ad_type=all&country=US&search_type=keyword_unordered&q=ARIC%20TUCKER,https://adstransparency.google.com/?region=US&query=ARIC%20TUCKER,1699125559
337,2016-06-16,9.9,Org,PELVIC FLOOR INSTITUTE LLC,OB-GYN,2919 W SWANN AVE,TAMPA,FL,33609,813-551-3540,https://www.facebook.com/ads/library/?active_status=active&ad_type=all&country=US&search_type=keyword_unordered&q=PELVIC%20FLOOR%20INSTITUTE%20LLC,https://adstransparency.google.com/?region=US&query=PELVIC%20FLOOR%20INSTITUTE%20LLC,1598115933
338,2016-06-16,9.9,Individual,KAY EVERETT,Cardiology,1 TAMPA GENERAL CIR,TAMPA,FL,33606,813-821-8038,https://www.facebook.com/ads/library/?active_status=active&ad_type=all&country=US&search_type=keyword_unordered&q=KAY%20EVERETT,https://adstransparency.google.com/?region=US&query=KAY%20EVERETT,1316397771
339,2016-06-08,10.0,Individual,MATTHEW LOZIER,Cardiology,2 TAMPA GENERAL CIR,TAMPA,FL,33606,813-821-8038,https://www.facebook.com/ads/library/?active_status=active&ad_type=all&country=US&search_type=keyword_unordered&q=MATTHEW%20LOZIER,https://adstransparency.google.com/?region=US&query=MATTHEW%20LOZIER,1134578370
340,2016-05-03,10.1,Individual,JAD MROUE,Cardiology,2 TAMPA GENERAL CIR,TAMPA,FL,33606,813-821-8038,https://www.facebook.com/ads/library/?active_status=active&ad_type=all&country=US&search_type=keyword_unordered&q=JAD%20MROUE,https://adstransparency.google.com/?region=US&query=JAD%20MROUE,1275988792
341,2016-04-28,10.1,Individual,MIMI BACH,Primary Care,5130 SUNFOREST DR STE 300,TAMPA,FL,33634,727-256-2830,https://www.facebook.com/ads/library/?active_status=active&ad_type=all&country=US&search_type=keyword_unordered&q=MIMI%20BACH,https://adstransparency.google.com/?region=US&query=MIMI%20BACH,1902251861
342,2016-04-27,10.1,Org,KEVIN L KLEIN DO PA,Cardiology,3000 E FLETCHER AVE,TAMPA,FL,33613,813-971-2424,https://www.facebook.com/ads/library/?active_status=active&ad_type=all&country=US&search_type=keyword_unordered&q=KEVIN%20L%20KLEIN%20DO%20PA,https://adstransparency.google.com/?region=US&query=KEVIN%20L%20KLEIN%20DO%20PA,1376998369
343,2016-04-26,10.1,Individual,MARSHA ANTOINE,Primary Care,1 TAMPA GENERAL CIR,TAMPA,FL,33606,813-821-8038,https://www.facebook.com/ads/library/?active_status=active&ad_type=all&country=US&search_type=keyword_unordered&q=MARSHA%20ANTOINE,https://adstransparency.google.com/?region=US&query=MARSHA%20ANTOINE,1285089300
344,2016-04-19,10.1,Individual,BRITNEY GALANTINO,Psychiatry,2605 W SWANN AVE STE 600,TAMPA,FL,33609,813-876-7073,https://www.facebook.com/ads/library/?active_status=active&ad_type=all&country=US&search_type=keyword_unordered&q=BRITNEY%20GALANTINO,https://adstransparency.google.com/?region=US&query=BRITNEY%20GALANTINO,1568816320
345,2016-04-14,10.1,Individual,LILIA STEFANIWSKY,Gastroenterology,33920 US 19 N STE 124,PALM HARBOR,FL,34684,727-785-7654,https://www.facebook.com/ads/library/?active_status=active&ad_type=all&country=US&search_type=keyword_unordered&q=LILIA%20STEFANIWSKY,https://adstransparency.google.com/?region=US&query=LILIA%20STEFANIWSKY,1053765206
346,2016-04-12,10.1,Org,"BARKER, LYNCH & HEBBLEWHITE, DO'S, P.A. BARIATRIC MEDICINE",Primary Care,13124 N FLORIDA AVE,TAMPA,FL,33612,813-932-5389,https://www.facebook.com/ads/library/?active_status=active&ad_type=all&country=US&search_type=keyword_unordered&q=BARKER%2C%20LYNCH%20%26%20HEBBLEWHITE%2C%20DO'S%2C%20P.A.%20BARIATRIC%20MEDICINE,https://adstransparency.google.com/?region=US&query=BARKER%2C%20LYNCH%20%26%20HEBBLEWHITE%2C%20DO'S%2C%20P.A.%20BARIATRIC%20MEDICINE,1538523949
347,2016-04-12,10.1,Individual,CAROLINE JOHNS,Endocrinology,8960 COLONIAL CENTER DR STE 202,FORT MYERS,FL,33905,239-343-9646,https://www.facebook.com/ads/library/?active_status=active&ad_type=all&country=US&search_type=keyword_unordered&q=CAROLINE%20JOHNS,https://adstransparency.google.com/?region=US&query=CAROLINE%20JOHNS,1730543174
348,2016-04-07,10.1,Individual,ALEXANDER DAWSON,Psychiatry,111 COLCHESTER AVE,BURLINGTON,VT,05401,802-847-0552,https://www.facebook.com/ads/library/?active_status=active&ad_type=all&country=US&search_type=keyword_unordered&q=ALEXANDER%20DAWSON,https://adstransparency.google.com/?region=US&query=ALEXANDER%20DAWSON,1801250683
349,2016-04-06,10.1,Org,CORPUS CHRISTI WEIGHTLOSS LLC,Primary Care,5402 HOLLY RD,CORPUS CHRISTI,TX,78411,361-993-1221,https://www.facebook.com/ads/library/?active_status=active&ad_type=all&country=US&search_type=keyword_unordered&q=CORPUS%20CHRISTI%20WEIGHTLOSS%20LLC,https://adstransparency.google.com/?region=US&query=CORPUS%20CHRISTI%20WEIGHTLOSS%20LLC,1396109419
350,2016-04-05,10.1,Individual,SHREYA NARAYANAN,Gastroenterology,17 DAVIS BLVD,TAMPA,FL,33606,813-259-0661,https://www.facebook.com/ads/library/?active_status=active&ad_type=all&country=US&search_type=keyword_unordered&q=SHREYA%20NARAYANAN,https://adstransparency.google.com/?region=US&query=SHREYA%20NARAYANAN,1720441850
351,2016-04-04,10.1,Org,CITRUS PARK FAMILY CARE LLC,Primary Care,6182 GUNN HWY,TAMPA,FL,33625,813-960-1100,https://www.facebook.com/ads/library/?active_status=active&ad_type=all&country=US&search_type=keyword_unordered&q=CITRUS%20PARK%20FAMILY%20CARE%20LLC,https://adstransparency.google.com/?region=US&query=CITRUS%20PARK%20FAMILY%20CARE%20LLC,1578926739
352,2016-04-04,10.1,Individual,HEATHER BELLE,Primary Care,13330 USF LAUREL DR,TAMPA,FL,33612,813-821-8038,https://www.facebook.com/ads/library/?active_status=active&ad_type=all&country=US&search_type=keyword_unordered&q=HEATHER%20BELLE,https://adstransparency.google.com/?region=US&query=HEATHER%20BELLE,1356704670
353,2016-04-04,10.1,Individual,JOSE RUIZ MORALES,Cardiology,5 TAMPA GENERAL CIR STE 300,TAMPA,FL,33606,813-251-0793,https://www.facebook.com/ads/library/?active_status=active&ad_type=all&country=US&search_type=keyword_unordered&q=JOSE%20RUIZ%20MORALES,https://adstransparency.google.com/?region=US&query=JOSE%20RUIZ%20MORALES,1033572284
354,2016-04-01,10.1,Org,"FLORIDA CARDIAC THERAPEUTICS, INC",Cardiology,10033 DOCTOR M.L.K. JR ST N,ST PETERSBURG,FL,33716,727-498-8898,https://www.facebook.com/ads/library/?active_status=active&ad_type=all&country=US&search_type=keyword_unordered&q=FLORIDA%20CARDIAC%20THERAPEUTICS%2C%20INC,https://adstransparency.google.com/?region=US&query=FLORIDA%20CARDIAC%20THERAPEUTICS%2C%20INC,1508229972
355,2016-03-31,10.1,Individual,JORGE CAPDEVILA,Primary Care,203 N MARION ST,TAMPA,FL,33602,813-474-9804,https://www.facebook.com/ads/library/?active_status=active&ad_type=all&country=US&search_type=keyword_unordered&q=JORGE%20CAPDEVILA,https://adstransparency.google.com/?region=US&query=JORGE%20CAPDEVILA,1225491897
356,2016-03-31,10.1,Individual,ANEETA JOSEPH,Endocrinology,16011 TAMPA PALMS BLVD W,TAMPA,FL,33647,813-844-5551,https://www.facebook.com/ads/library/?active_status=active&ad_type=all&country=US&search_type=keyword_unordered&q=ANEETA%20JOSEPH,https://adstransparency.google.com/?region=US&query=ANEETA%20JOSEPH,1396108916
357,2016-03-29,10.2,Individual,CHRISTOPHER BITETZAKIS,Cardiology,2 TAMPA GENERAL CIR,TAMPA,FL,33606,813-821-8038,https://www.facebook.com/ads/library/?active_status=active&ad_type=all&country=US&search_type=keyword_unordered&q=CHRISTOPHER%20BITETZAKIS,https://adstransparency.google.com/?region=US&query=CHRISTOPHER%20BITETZAKIS,1275996241
358,2016-03-28,10.2,Individual,SHREYA MISHRA,Cardiology,655 W 8TH ST,JACKSONVILLE,FL,32209,904-244-3932,https://www.facebook.com/ads/library/?active_status=active&ad_type=all&country=US&search_type=keyword_unordered&q=SHREYA%20MISHRA,https://adstransparency.google.com/?region=US&query=SHREYA%20MISHRA,1134581135
359,2016-03-27,10.2,Individual,AMANDA DAILEY,Primary Care,415 APOLLO BEACH BLVD,APOLLO BEACH,FL,33572,813-645-8494,https://www.facebook.com/ads/library/?active_status=active&ad_type=all&country=US&search_type=keyword_unordered&q=AMANDA%20DAILEY,https://adstransparency.google.com/?region=US&query=AMANDA%20DAILEY,1588026728
360,2016-03-26,10.2,Individual,THANH-PHUONG AFIAT,Primary Care,12902 USF MAGNOLIA DR,TAMPA,FL,33612,813-745-7365,https://www.facebook.com/ads/library/?active_status=active&ad_type=all&country=US&search_type=keyword_unordered&q=THANH-PHUONG%20AFIAT,https://adstransparency.google.com/?region=US&query=THANH-PHUONG%20AFIAT,1811359037
361,2016-03-23,10.2,Individual,ANTHONY KENDLE,OB-GYN,17 DAVIS BLVD STE 308,TAMPA,FL,33606,813-259-8876,https://www.facebook.com/ads/library/?active_status=active&ad_type=all&country=US&search_type=keyword_unordered&q=ANTHONY%20KENDLE,https://adstransparency.google.com/?region=US&query=ANTHONY%20KENDLE,1275995789
362,2016-03-03,10.2,Individual,CHERIE GORDON,OB-GYN,2818 W VIRGINIA AVENUE,TAMPA,FL,33607,813-872-8551,https://www.facebook.com/ads/library/?active_status=active&ad_type=all&country=US&search_type=keyword_unordered&q=CHERIE%20GORDON,https://adstransparency.google.com/?region=US&query=CHERIE%20GORDON,1780044750
363,2016-02-12,10.3,Org,THYROID ENDOCRINOLOGY AND DIABETES SPECIALISTS OF TAMPA LLC,Endocrinology,508 S HABANA AVE STE 360,TAMPA,FL,33609,813-474-3636,https://www.facebook.com/ads/library/?active_status=active&ad_type=all&country=US&search_type=keyword_unordered&q=THYROID%20ENDOCRINOLOGY%20AND%20DIABETES%20SPECIALISTS%20OF%20TAMPA%20LLC,https://adstransparency.google.com/?region=US&query=THYROID%20ENDOCRINOLOGY%20AND%20DIABETES%20SPECIALISTS%20OF%20TAMPA%20LLC,1912366428
364,2016-01-14,10.4,Individual,LYCIA ALEXANDER-GUERRA,Psychiatry,13919 CARROLLWOOD VILLAGE RUN,TAMPA,FL,33618,813-908-5080,https://www.facebook.com/ads/library/?active_status=active&ad_type=all&country=US&search_type=keyword_unordered&q=LYCIA%20ALEXANDER-GUERRA,https://adstransparency.google.com/?region=US&query=LYCIA%20ALEXANDER-GUERRA,1285090613
365,2016-01-08,10.4,Org,"BEHAVIORAL HEALTH SCIENCE OF WEST FLORIDA, LLC",Psychiatry,508 S HABANA AVE STE 380,TAMPA,FL,33609,813-872-0457,https://www.facebook.com/ads/library/?active_status=active&ad_type=all&country=US&search_type=keyword_unordered&q=BEHAVIORAL%20HEALTH%20SCIENCE%20OF%20WEST%20FLORIDA%2C%20LLC,https://adstransparency.google.com/?region=US&query=BEHAVIORAL%20HEALTH%20SCIENCE%20OF%20WEST%20FLORIDA%2C%20LLC,1508222324
366,2015-12-31,10.4,Individual,KATHERINE CALLANDER,Cardiology,HELIX: 30 N MARIO CAPECCHI DR RM 3N100,SALT LAKE CITY,UT,84112,801-581-2121,https://www.facebook.com/ads/library/?active_status=active&ad_type=all&country=US&search_type=keyword_unordered&q=KATHERINE%20CALLANDER,https://adstransparency.google.com/?region=US&query=KATHERINE%20CALLANDER,1942666292
367,2015-12-23,10.4,Individual,ANGELA ORCHOLSKI,OB-GYN,2818 W VIRGINIA AVE,TAMPA,FL,33607,813-872-8551,https://www.facebook.com/ads/library/?active_status=active&ad_type=all&country=US&search_type=keyword_unordered&q=ANGELA%20ORCHOLSKI,https://adstransparency.google.com/?region=US&query=ANGELA%20ORCHOLSKI,1447615182
368,2015-12-02,10.5,Org,CARDIOVASCULAR INSTITUTE OF AMERICA PA,Cardiology,6328 GUNN HWY STE C,TAMPA,FL,33625,813-610-9510,https://www.facebook.com/ads/library/?active_status=active&ad_type=all&country=US&search_type=keyword_unordered&q=CARDIOVASCULAR%20INSTITUTE%20OF%20AMERICA%20PA,https://adstransparency.google.com/?region=US&query=CARDIOVASCULAR%20INSTITUTE%20OF%20AMERICA%20PA,1104291178
369,2015-08-17,10.8,Org,ADVANCED CARE GASTROENTEROLOGY ASSOCIATES,Gastroenterology,15303 AMBERLY DR STE A,TAMPA,FL,33647,813-751-9727,https://www.facebook.com/ads/library/?active_status=active&ad_type=all&country=US&search_type=keyword_unordered&q=ADVANCED%20CARE%20GASTROENTEROLOGY%20ASSOCIATES,https://adstransparency.google.com/?region=US&query=ADVANCED%20CARE%20GASTROENTEROLOGY%20ASSOCIATES,1831565688
370,2015-06-25,10.9,Org,ALLIANCE CARE CORP.,Primary Care,7211 N DALE MABRY HWY STE 222,TAMPA,FL,33614,954-990-0967,https://www.facebook.com/ads/library/?active_status=active&ad_type=all&country=US&search_type=keyword_unordered&q=ALLIANCE%20CARE%20CORP.,https://adstransparency.google.com/?region=US&query=ALLIANCE%20CARE%20CORP.,1255713228
371,2015-06-23,10.9,Org,ARIZONA LS LLC,Primary Care,966 HOUSTON NORTHCUTT BLVD,MT PLEASANT,SC,29464,843-388-6334,https://www.facebook.com/ads/library/?active_status=active&ad_type=all&country=US&search_type=keyword_unordered&q=ARIZONA%20LS%20LLC,https://adstransparency.google.com/?region=US&query=ARIZONA%20LS%20LLC,1699157958
372,2015-06-22,10.9,Individual,HADI MAHMALJY,Cardiology,3010 E 138TH AVE STE 12,TAMPA,FL,33613,813-975-2800,https://www.facebook.com/ads/library/?active_status=active&ad_type=all&country=US&search_type=keyword_unordered&q=HADI%20MAHMALJY,https://adstransparency.google.com/?region=US&query=HADI%20MAHMALJY,1336521830
373,2015-06-16,10.9,Individual,JEET MEHTA,Cardiology,1601 SW ARCHER RD,GAINESVILLE,FL,32608,352-548-6000,https://www.facebook.com/ads/library/?active_status=active&ad_type=all&country=US&search_type=keyword_unordered&q=JEET%20MEHTA,https://adstransparency.google.com/?region=US&query=JEET%20MEHTA,1558742411
374,2015-06-15,10.9,Individual,JOHN CIOTTI,Psychiatry,13330 USF LAUREL DR,TAMPA,FL,33612,813-821-8038,https://www.facebook.com/ads/library/?active_status=active&ad_type=all&country=US&search_type=keyword_unordered&q=JOHN%20CIOTTI,https://adstransparency.google.com/?region=US&query=JOHN%20CIOTTI,1992186985
375,2015-06-04,11.0,Individual,HANNAH BROMBERG,Primary Care,12902 USF MAGNOLIA DR,TAMPA,FL,33612,813-745-4630,https://www.facebook.com/ads/library/?active_status=active&ad_type=all&country=US&search_type=keyword_unordered&q=HANNAH%20BROMBERG,https://adstransparency.google.com/?region=US&query=HANNAH%20BROMBERG,1679953632
376,2015-06-03,11.0,Org,HEART AND VASCULAR ASSOCIATES OF TAMPA LLC,Cardiology,2715 N MACDILL AVE,TAMPA,FL,33607,813-280-0202,https://www.facebook.com/ads/library/?active_status=active&ad_type=all&country=US&search_type=keyword_unordered&q=HEART%20AND%20VASCULAR%20ASSOCIATES%20OF%20TAMPA%20LLC,https://adstransparency.google.com/?region=US&query=HEART%20AND%20VASCULAR%20ASSOCIATES%20OF%20TAMPA%20LLC,1154701365
377,2015-05-22,11.0,Individual,SISIR AKKINENI,Primary Care,1365 CLIFTON RD NE BLDG A3,ATLANTA,GA,30322,404-778-7823,https://www.facebook.com/ads/library/?active_status=active&ad_type=all&country=US&search_type=keyword_unordered&q=SISIR%20AKKINENI,https://adstransparency.google.com/?region=US&query=SISIR%20AKKINENI,1487033486
378,2015-05-07,11.1,Individual,SUHAS GANGADHARA,Psychiatry,740 S LIMESTONE,LEXINGTON,KY,40536,859-323-5661,https://www.facebook.com/ads/library/?active_status=active&ad_type=all&country=US&search_type=keyword_unordered&q=SUHAS%20GANGADHARA,https://adstransparency.google.com/?region=US&query=SUHAS%20GANGADHARA,1972981223
379,2015-05-04,11.1,Individual,CAMILA AVILA,Primary Care,6107 MEMORIAL HWY STE A,TAMPA,FL,33615,813-514-2328,https://www.facebook.com/ads/library/?active_status=active&ad_type=all&country=US&search_type=keyword_unordered&q=CAMILA%20AVILA,https://adstransparency.google.com/?region=US&query=CAMILA%20AVILA,1063899615
380,2015-04-29,11.1,Individual,ERINDA STEFI,Gastroenterology,409 BAYSHORE BLVD,TAMPA,FL,33606,813-844-5460,https://www.facebook.com/ads/library/?active_status=active&ad_type=all&country=US&search_type=keyword_unordered&q=ERINDA%20STEFI,https://adstransparency.google.com/?region=US&query=ERINDA%20STEFI,1013394956
381,2015-04-27,11.1,Individual,STEPHANIE MATTATHIL,Cardiology,3003 W DR MLK BLVD FL JRBLVD2,TAMPA,FL,33607,813-586-8079,https://www.facebook.com/ads/library/?active_status=active&ad_type=all&country=US&search_type=keyword_unordered&q=STEPHANIE%20MATTATHIL,https://adstransparency.google.com/?region=US&query=STEPHANIE%20MATTATHIL,1225415466
382,2015-04-24,11.1,Individual,PAULA HERNANDEZ BURGOS,Cardiology,6919 N DALE MABRY HWY STE 125,TAMPA,FL,33614,813-497-9661,https://www.facebook.com/ads/library/?active_status=active&ad_type=all&country=US&search_type=keyword_unordered&q=PAULA%20HERNANDEZ%20BURGOS,https://adstransparency.google.com/?region=US&query=PAULA%20HERNANDEZ%20BURGOS,1194112342
383,2015-04-22,11.1,Individual,AARON DESAI,Psychiatry,65 JAMES ST,EDISON,NJ,08820,732-321-7010,https://www.facebook.com/ads/library/?active_status=active&ad_type=all&country=US&search_type=keyword_unordered&q=AARON%20DESAI,https://adstransparency.google.com/?region=US&query=AARON%20DESAI,1558758128
384,2015-04-15,11.1,Individual,ATUL RATRA,Gastroenterology,5016 W CYPRESS ST STE 200,TAMPA,FL,33607,813-710-5876,https://www.facebook.com/ads/library/?active_status=active&ad_type=all&country=US&search_type=keyword_unordered&q=ATUL%20RATRA,https://adstransparency.google.com/?region=US&query=ATUL%20RATRA,1205223351
385,2015-04-13,11.1,Individual,KIMBERLY ABDELKADER,Primary Care,15310 AMBERLY DR STE 250,TAMPA,FL,33647,813-907-0123,https://www.facebook.com/ads/library/?active_status=active&ad_type=all&country=US&search_type=keyword_unordered&q=KIMBERLY%20ABDELKADER,https://adstransparency.google.com/?region=US&query=KIMBERLY%20ABDELKADER,1609262062
386,2015-04-08,11.1,Individual,RAYMOND DE CUBA,Primary Care,3518 DRAWBRIDGE PKWY STE 330,GREENSBORO,NC,27410,336-890-3140,https://www.facebook.com/ads/library/?active_status=active&ad_type=all&country=US&search_type=keyword_unordered&q=RAYMOND%20DE%20CUBA,https://adstransparency.google.com/?region=US&query=RAYMOND%20DE%20CUBA,1427444207
387,2015-04-08,11.1,Individual,EMMANUEL BASSILY,Cardiology,2 TAMPA GENERAL CIR,TAMPA,FL,33606,813-821-8038,https://www.facebook.com/ads/library/?active_status=active&ad_type=all&country=US&search_type=keyword_unordered&q=EMMANUEL%20BASSILY,https://adstransparency.google.com/?region=US&query=EMMANUEL%20BASSILY,1417343245
388,2015-04-07,11.1,Individual,MICHELLE KUZNICKI,OB-GYN,9500 EUCLID AVE,CLEVELAND,OH,44195,216-938-2618,https://www.facebook.com/ads/library/?active_status=active&ad_type=all&country=US&search_type=keyword_unordered&q=MICHELLE%20KUZNICKI,https://adstransparency.google.com/?region=US&query=MICHELLE%20KUZNICKI,1518353507
389,2015-04-06,11.1,Org,ANIL M BHATIA MD PA,Primary Care,14447 UNIVERSITY COVE PL,TAMPA,FL,33613,813-975-1501,https://www.facebook.com/ads/library/?active_status=active&ad_type=all&country=US&search_type=keyword_unordered&q=ANIL%20M%20BHATIA%20MD%20PA,https://adstransparency.google.com/?region=US&query=ANIL%20M%20BHATIA%20MD%20PA,1376938415
390,2015-04-04,11.1,Individual,BRETT CANN,Primary Care,17 DAVIS BLVD,TAMPA,FL,33606,727-467-2502,https://www.facebook.com/ads/library/?active_status=active&ad_type=all&country=US&search_type=keyword_unordered&q=BRETT%20CANN,https://adstransparency.google.com/?region=US&query=BRETT%20CANN,1487049631
391,2015-04-03,11.1,Individual,CARLOS PLA FERNANDEZ,Endocrinology,17 DAVIS BLVD STE 308,TAMPA,FL,33606,813-259-0661,https://www.facebook.com/ads/library/?active_status=active&ad_type=all&country=US&search_type=keyword_unordered&q=CARLOS%20PLA%20FERNANDEZ,https://adstransparency.google.com/?region=US&query=CARLOS%20PLA%20FERNANDEZ,1194110361
392,2015-04-03,11.1,Individual,MICHELLE ROSARIO,Gastroenterology,500 UNIVERSITY DR,HERSHEY,PA,17033,800-243-1455,https://www.facebook.com/ads/library/?active_status=active&ad_type=all&country=US&search_type=keyword_unordered&q=MICHELLE%20ROSARIO,https://adstransparency.google.com/?region=US&query=MICHELLE%20ROSARIO,1467847640
393,2015-04-01,11.1,Individual,KEERTHANA AKKINENI,Psychiatry,3000 MEDICAL PARK DR STE 510,TAMPA,FL,33613,813-615-7725,https://www.facebook.com/ads/library/?active_status=active&ad_type=all&country=US&search_type=keyword_unordered&q=KEERTHANA%20AKKINENI,https://adstransparency.google.com/?region=US&query=KEERTHANA%20AKKINENI,1275928715
394,2015-04-01,11.1,Individual,STEPHEN ARADI,Psychiatry,13330 USF LAUREL DR,TAMPA,FL,33612,813-974-1033,https://www.facebook.com/ads/library/?active_status=active&ad_type=all&country=US&search_type=keyword_unordered&q=STEPHEN%20ARADI,https://adstransparency.google.com/?region=US&query=STEPHEN%20ARADI,1518352996
395,2015-03-31,11.2,Individual,RYAN HIDALGO,OB-GYN,2 TAMPA GENERAL CIR,TAMPA,FL,33606,813-259-8500,https://www.facebook.com/ads/library/?active_status=active&ad_type=all&country=US&search_type=keyword_unordered&q=RYAN%20HIDALGO,https://adstransparency.google.com/?region=US&query=RYAN%20HIDALGO,1598150153
396,2015-03-30,11.2,Individual,ERIKA NEW,OB-GYN,9109 STONY POINT DR,RICHMOND,VA,23235,804-327-8820,https://www.facebook.com/ads/library/?active_status=active&ad_type=all&country=US&search_type=keyword_unordered&q=ERIKA%20NEW,https://adstransparency.google.com/?region=US&query=ERIKA%20NEW,1932594843
397,2015-03-26,11.2,Individual,MATTHEW BARON,Primary Care,12902 USF MAGNOLIA DR,TAMPA,FL,33612,813-745-7365,https://www.facebook.com/ads/library/?active_status=active&ad_type=all&country=US&search_type=keyword_unordered&q=MATTHEW%20BARON,https://adstransparency.google.com/?region=US&query=MATTHEW%20BARON,1730573890
398,2015-03-26,11.2,Individual,ASHOK SHIANI,Gastroenterology,2421 SILVER STREAM LN,WILMINGTON,NC,28401,910-341-3343,https://www.facebook.com/ads/library/?active_status=active&ad_type=all&country=US&search_type=keyword_unordered&q=ASHOK%20SHIANI,https://adstransparency.google.com/?region=US&query=ASHOK%20SHIANI,1629462700
399,2015-03-20,11.2,Org,"JAZNIYA CURIOCA, MD, PA",OB-GYN,508 S HABANA AVE,TAMPA,FL,33609,813-877-5747,https://www.facebook.com/ads/library/?active_status=active&ad_type=all&country=US&search_type=keyword_unordered&q=JAZNIYA%20CURIOCA%2C%20MD%2C%20PA,https://adstransparency.google.com/?region=US&query=JAZNIYA%20CURIOCA%2C%20MD%2C%20PA,1528452141
400,2015-02-27,11.2,Individual,PRERNA DOGRA,Endocrinology,12902 USF MAGNOLIA DR,TAMPA,FL,33612,813-745-7365,https://www.facebook.com/ads/library/?active_status=active&ad_type=all&country=US&search_type=keyword_unordered&q=PRERNA%20DOGRA,https://adstransparency.google.com/?region=US&query=PRERNA%20DOGRA,1487046488
401,2015-02-17,11.3,Org,"EDDY E. BERGES, M.D.",Psychiatry,2706 W SAINT ISABEL ST,TAMPA,FL,33607,813-870-3665,https://www.facebook.com/ads/library/?active_status=active&ad_type=all&country=US&search_type=keyword_unordered&q=EDDY%20E.%20BERGES%2C%20M.D.,https://adstransparency.google.com/?region=US&query=EDDY%20E.%20BERGES%2C%20M.D.,1033500749
402,2015-01-26,11.3,Org,"CARDIAC INTERPRETATIONS, LLC",Cardiology,5 TAMPA GENERAL CIR,TAMPA,FL,33606,813-374-2462,https://www.facebook.com/ads/library/?active_status=active&ad_type=all&country=US&search_type=keyword_unordered&q=CARDIAC%20INTERPRETATIONS%2C%20LLC,https://adstransparency.google.com/?region=US&query=CARDIAC%20INTERPRETATIONS%2C%20LLC,1396135646
403,2015-01-22,11.3,Org,"MAHER M AYOUBI, MD, LLC",Cardiology,2727 W DR MARTIN LUTHER KING JR BLVD STE 300,TAMPA,FL,33607,813-932-6106,https://www.facebook.com/ads/library/?active_status=active&ad_type=all&country=US&search_type=keyword_unordered&q=MAHER%20M%20AYOUBI%2C%20MD%2C%20LLC,https://adstransparency.google.com/?region=US&query=MAHER%20M%20AYOUBI%2C%20MD%2C%20LLC,1124417597
404,2014-12-19,11.4,Org,"ADVENTIST HEALTH SYSTEM/SUNBELT, INC.",Primary Care,4001 W LINEBAUGH AVE,TAMPA,FL,33624,407-200-2300,https://www.facebook.com/ads/library/?active_status=active&ad_type=all&country=US&search_type=keyword_unordered&q=ADVENTIST%20HEALTH%20SYSTEM%2FSUNBELT%2C%20INC.,https://adstransparency.google.com/?region=US&query=ADVENTIST%20HEALTH%20SYSTEM%2FSUNBELT%2C%20INC.,1194123349
405,2014-10-01,11.6,Org,BAIN COMPLETE WELLNESS LLC,Primary Care,10311 CROSS CREEK BLVD,TAMPA,FL,33647,813-907-9898,https://www.facebook.com/ads/library/?active_status=active&ad_type=all&country=US&search_type=keyword_unordered&q=BAIN%20COMPLETE%20WELLNESS%20LLC,https://adstransparency.google.com/?region=US&query=BAIN%20COMPLETE%20WELLNESS%20LLC,1821491168
406,2014-09-23,11.7,Individual,THANH-XUAN LE,OB-GYN,7050 GALL BLVD,ZEPHYRHILLS,FL,33541,813-782-8761,https://www.facebook.com/ads/library/?active_status=active&ad_type=all&country=US&search_type=keyword_unordered&q=THANH-XUAN%20LE,https://adstransparency.google.com/?region=US&query=THANH-XUAN%20LE,1184026957
407,2014-09-20,11.7,Individual,NEGAR NIKNAM,Gastroenterology,13330 USF LAUREL DR,TAMPA,FL,33612,813-974-2201,https://www.facebook.com/ads/library/?active_status=active&ad_type=all&country=US&search_type=keyword_unordered&q=NEGAR%20NIKNAM,https://adstransparency.google.com/?region=US&query=NEGAR%20NIKNAM,1922400092
408,2014-08-02,11.8,Individual,SHAHLA BARI,Primary Care,19229 PEPPER GRASS DRIVE,TAMPA,FL,33647,401-752-1500,https://www.facebook.com/ads/library/?active_status=active&ad_type=all&country=US&search_type=keyword_unordered&q=SHAHLA%20BARI,https://adstransparency.google.com/?region=US&query=SHAHLA%20BARI,1487063525
409,2014-07-23,11.8,Individual,GHAZAL ALI,Primary Care,18404 N TATUM BLVD STE 101,PHOENIX,AZ,85032,602-992-1900,https://www.facebook.com/ads/library/?active_status=active&ad_type=all&country=US&search_type=keyword_unordered&q=GHAZAL%20ALI,https://adstransparency.google.com/?region=US&query=GHAZAL%20ALI,1447668439
410,2014-07-22,11.8,Individual,MOHAMMAD EL-RIFAI,Endocrinology,3700 W 203RD ST STE 310,OLYMPIA FIELDS,IL,60461,708-679-2130,https://www.facebook.com/ads/library/?active_status=active&ad_type=all&country=US&search_type=keyword_unordered&q=MOHAMMAD%20EL-RIFAI,https://adstransparency.google.com/?region=US&query=MOHAMMAD%20EL-RIFAI,1992112973
411,2014-07-09,11.9,Individual,IVAN CRUZ REPOLLET,Primary Care,4340 W HILLSBOROUGH AVE STE 210,TAMPA,FL,33614,813-425-8970,https://www.facebook.com/ads/library/?active_status=active&ad_type=all&country=US&search_type=keyword_unordered&q=IVAN%20CRUZ%20REPOLLET,https://adstransparency.google.com/?region=US&query=IVAN%20CRUZ%20REPOLLET,1609282722
412,2014-07-07,11.9,Individual,SUDHA KODE,Endocrinology,13801 BRUCE B DOWNS BLVD,TAMPA,FL,33613,773-815-4687,https://www.facebook.com/ads/library/?active_status=active&ad_type=all&country=US&search_type=keyword_unordered&q=SUDHA%20KODE,https://adstransparency.google.com/?region=US&query=SUDHA%20KODE,1396151718
413,2014-07-07,11.9,Individual,TARA SUAREZ,OB-GYN,4761 S CLEVELAND AVE STE 4,FORT MYERS,FL,33907,239-343-6100,https://www.facebook.com/ads/library/?active_status=active&ad_type=all&country=US&search_type=keyword_unordered&q=TARA%20SUAREZ,https://adstransparency.google.com/?region=US&query=TARA%20SUAREZ,1528474988
414,2014-06-30,11.9,Individual,CAMILLE ALFONSO,Primary Care,3001 W DR MARTIN LUTHER KING JR BLVD,TAMPA,FL,33607,813-870-4933,https://www.facebook.com/ads/library/?active_status=active&ad_type=all&country=US&search_type=keyword_unordered&q=CAMILLE%20ALFONSO,https://adstransparency.google.com/?region=US&query=CAMILLE%20ALFONSO,1912312794
415,2014-06-27,11.9,Org,ALLIED IM LLC,Primary Care,119 OAKFIELD DR,BRANDON,FL,33511,813-304-1986,https://www.facebook.com/ads/library/?active_status=active&ad_type=all&country=US&search_type=keyword_unordered&q=ALLIED%20IM%20LLC,https://adstransparency.google.com/?region=US&query=ALLIED%20IM%20LLC,1295140325
416,2014-06-19,11.9,Org,13701 BRUCE B DOWNS BOULEVARD,Cardiology,13701 BRUCE B DOWNS BLVD,TAMPA,FL,33613,813-979-9580,https://www.facebook.com/ads/library/?active_status=active&ad_type=all&country=US&search_type=keyword_unordered&q=13701%20BRUCE%20B%20DOWNS%20BOULEVARD,https://adstransparency.google.com/?region=US&query=13701%20BRUCE%20B%20DOWNS%20BOULEVARD,1609280403
417,2014-06-10,12.0,Org,"ADVENTIST HEALTH SYSTEM/SUNBELT, INC.",Primary Care,301 N DALE MABRY HWY,TAMPA,FL,33609,813-284-0985,https://www.facebook.com/ads/library/?active_status=active&ad_type=all&country=US&search_type=keyword_unordered&q=ADVENTIST%20HEALTH%20SYSTEM%2FSUNBELT%2C%20INC.,https://adstransparency.google.com/?region=US&query=ADVENTIST%20HEALTH%20SYSTEM%2FSUNBELT%2C%20INC.,1114330800
418,2014-06-04,12.0,Org,"ECG TAMPA BAY, LLC",Cardiology,3100 E FLETCHER AVE,TAMPA,FL,33613,813-971-2424,https://www.facebook.com/ads/library/?active_status=active&ad_type=all&country=US&search_type=keyword_unordered&q=ECG%20TAMPA%20BAY%2C%20LLC,https://adstransparency.google.com/?region=US&query=ECG%20TAMPA%20BAY%2C%20LLC,1598178899
419,2014-06-03,12.0,Individual,SARA CHALIFOUX,Gastroenterology,1852 HILLVIEW ST STE 301,SARASOTA,FL,34239,941-262-0400,https://www.facebook.com/ads/library/?active_status=active&ad_type=all&country=US&search_type=keyword_unordered&q=SARA%20CHALIFOUX,https://adstransparency.google.com/?region=US&query=SARA%20CHALIFOUX,1326451774
420,2014-04-28,12.1,Individual,RACHEL SPRAGUE,OB-GYN,2590 HEALING WAY STE 160,WESLEY CHAPEL,FL,33543,813-321-0146,https://www.facebook.com/ads/library/?active_status=active&ad_type=all&country=US&search_type=keyword_unordered&q=RACHEL%20SPRAGUE,https://adstransparency.google.com/?region=US&query=RACHEL%20SPRAGUE,1871903096
421,2014-04-23,12.1,Individual,MARK ARMANIOUS,Psychiatry,13330 USF LAUREL DR,TAMPA,FL,33612,813-974-2201,https://www.facebook.com/ads/library/?active_status=active&ad_type=all&country=US&search_type=keyword_unordered&q=MARK%20ARMANIOUS,https://adstransparency.google.com/?region=US&query=MARK%20ARMANIOUS,1740600261
422,2014-04-20,12.1,Individual,ANUM AHMED,Primary Care,4401 CORTEZ RD W,BRADENTON,FL,34210,941-357-5550,https://www.facebook.com/ads/library/?active_status=active&ad_type=all&country=US&search_type=keyword_unordered&q=ANUM%20AHMED,https://adstransparency.google.com/?region=US&query=ANUM%20AHMED,1609296441
423,2014-04-18,12.1,Individual,CAMERON CORTE,Primary Care,8050 SPRING RUN DR,FAIRHOPE,AL,36532,727-269-6008,https://www.facebook.com/ads/library/?active_status=active&ad_type=all&country=US&search_type=keyword_unordered&q=CAMERON%20CORTE,https://adstransparency.google.com/?region=US&query=CAMERON%20CORTE,1083034888
424,2014-04-16,12.1,Individual,ANZHELIKA ENGEL,Psychiatry,950 N KROME AVE STE 401,HOMESTEAD,FL,33030,305-248-0874,https://www.facebook.com/ads/library/?active_status=active&ad_type=all&country=US&search_type=keyword_unordered&q=ANZHELIKA%20ENGEL,https://adstransparency.google.com/?region=US&query=ANZHELIKA%20ENGEL,1588084677
425,2014-04-14,12.1,Individual,ANSEL AMARAL,Cardiology,3000 MEDICAL PARK DR STE 320,TAMPA,FL,33613,813-336-5766,https://www.facebook.com/ads/library/?active_status=active&ad_type=all&country=US&search_type=keyword_unordered&q=ANSEL%20AMARAL,https://adstransparency.google.com/?region=US&query=ANSEL%20AMARAL,1659790004
426,2014-04-14,12.1,Individual,ARUN IYER,Cardiology,509 S ARMENIA AVE FL 2,TAMPA,FL,33609,813-821-8001,https://www.facebook.com/ads/library/?active_status=active&ad_type=all&country=US&search_type=keyword_unordered&q=ARUN%20IYER,https://adstransparency.google.com/?region=US&query=ARUN%20IYER,1336568799
427,2014-04-10,12.1,Org,COMPLETE PRIMARY/URGENT CARE LLC,Primary Care,2304 E FLETCHER AVE,TAMPA,FL,33612,813-615-2273,https://www.facebook.com/ads/library/?active_status=active&ad_type=all&country=US&search_type=keyword_unordered&q=COMPLETE%20PRIMARY%2FURGENT%20CARE%20LLC,https://adstransparency.google.com/?region=US&query=COMPLETE%20PRIMARY%2FURGENT%20CARE%20LLC,1730508334
428,2014-04-10,12.1,Individual,KANITA BEBA ABADAL,Psychiatry,13330 USF LAUREL DR,TAMPA,FL,33612,813-974-2201,https://www.facebook.com/ads/library/?active_status=active&ad_type=all&country=US&search_type=keyword_unordered&q=KANITA%20BEBA%20ABADAL,https://adstransparency.google.com/?region=US&query=KANITA%20BEBA%20ABADAL,1376962993
429,2014-04-08,12.1,Individual,USHTAR AMIN,Psychiatry,13330 USF LAUREL DR,TAMPA,FL,33612,813-974-2201,https://www.facebook.com/ads/library/?active_status=active&ad_type=all&country=US&search_type=keyword_unordered&q=USHTAR%20AMIN,https://adstransparency.google.com/?region=US&query=USHTAR%20AMIN,1588083596
430,2014-04-04,12.1,Individual,MERNA ARMANIOUS,Cardiology,3000 MEDICAL PARK DR,TAMPA,FL,33613,813-497-9661,https://www.facebook.com/ads/library/?active_status=active&ad_type=all&country=US&search_type=keyword_unordered&q=MERNA%20ARMANIOUS,https://adstransparency.google.com/?region=US&query=MERNA%20ARMANIOUS,1649698861
431,2014-04-04,12.1,Individual,HEATHER MILLER,OB-GYN,2895 HUELAND POND BLVD STE 100,WESLEY CHAPEL,FL,33543,813-279-7107,https://www.facebook.com/ads/library/?active_status=active&ad_type=all&country=US&search_type=keyword_unordered&q=HEATHER%20MILLER,https://adstransparency.google.com/?region=US&query=HEATHER%20MILLER,1225456452
432,2014-04-01,12.1,Individual,MONICA AVILA,OB-GYN,12902 USF MAGNOLIA DR,TAMPA,FL,33612,813-745-4673,https://www.facebook.com/ads/library/?active_status=active&ad_type=all&country=US&search_type=keyword_unordered&q=MONICA%20AVILA,https://adstransparency.google.com/?region=US&query=MONICA%20AVILA,1194143776
433,2014-03-31,12.2,Individual,JAYMIN PATEL,Cardiology,14100 FIVAY RD STE 160,HUDSON,FL,34667,727-862-1080,https://www.facebook.com/ads/library/?active_status=active&ad_type=all&country=US&search_type=keyword_unordered&q=JAYMIN%20PATEL,https://adstransparency.google.com/?region=US&query=JAYMIN%20PATEL,1831517598
434,2014-03-27,12.2,Individual,WALID AZIZ,Psychiatry,19046 BRUCE B DOWNS BLVD # 1439,TAMPA,FL,33647,727-238-5911,https://www.facebook.com/ads/library/?active_status=active&ad_type=all&country=US&search_type=keyword_unordered&q=WALID%20AZIZ,https://adstransparency.google.com/?region=US&query=WALID%20AZIZ,1417374372
435,2014-01-21,12.3,Org,"ARIZONA LS, LLC",Primary Care,99 CHELMSFORD RD,NORTH BILLERICA,MA,01862,978-244-0411,https://www.facebook.com/ads/library/?active_status=active&ad_type=all&country=US&search_type=keyword_unordered&q=ARIZONA%20LS%2C%20LLC,https://adstransparency.google.com/?region=US&query=ARIZONA%20LS%2C%20LLC,1639591050
436,2013-11-25,12.5,Org,"GERRISH GASTROENTEROLOGY, PL",Gastroenterology,2102 S MACDILL AVE,TAMPA,FL,33629,813-304-2140,https://www.facebook.com/ads/library/?active_status=active&ad_type=all&country=US&search_type=keyword_unordered&q=GERRISH%20GASTROENTEROLOGY%2C%20PL,https://adstransparency.google.com/?region=US&query=GERRISH%20GASTROENTEROLOGY%2C%20PL,1154751345
437,2013-09-20,12.7,Org,BAIN COMPLETE WELLNESS LLC,Primary Care,2901 BUSCH LAKE BLVD,TAMPA,FL,33614,813-936-7979,https://www.facebook.com/ads/library/?active_status=active&ad_type=all&country=US&search_type=keyword_unordered&q=BAIN%20COMPLETE%20WELLNESS%20LLC,https://adstransparency.google.com/?region=US&query=BAIN%20COMPLETE%20WELLNESS%20LLC,1619303740
438,2013-09-12,12.7,Org,BLUE WAVE PSYCHIATRY LLC,Psychiatry,6601 MEMORIAL HWY,TAMPA,FL,33615,727-871-1178,https://www.facebook.com/ads/library/?active_status=active&ad_type=all&country=US&search_type=keyword_unordered&q=BLUE%20WAVE%20PSYCHIATRY%20LLC,https://adstransparency.google.com/?region=US&query=BLUE%20WAVE%20PSYCHIATRY%20LLC,1164857876
439,2013-08-29,12.7,Org,"ALBERT TAWIL, M.D., P.A.",Primary Care,508 S HABANA AVE,TAMPA,FL,33609,813-876-5548,https://www.facebook.com/ads/library/?active_status=active&ad_type=all&country=US&search_type=keyword_unordered&q=ALBERT%20TAWIL%2C%20M.D.%2C%20P.A.,https://adstransparency.google.com/?region=US&query=ALBERT%20TAWIL%2C%20M.D.%2C%20P.A.,1396179024
440,2013-08-06,12.8,Org,TAMPA BAY ENDOCRINOLOGY PA,Endocrinology,5301 N HABANA AVE,TAMPA,FL,33614,813-876-3636,https://www.facebook.com/ads/library/?active_status=active&ad_type=all&country=US&search_type=keyword_unordered&q=TAMPA%20BAY%20ENDOCRINOLOGY%20PA,https://adstransparency.google.com/?region=US&query=TAMPA%20BAY%20ENDOCRINOLOGY%20PA,1306278874
441,2013-08-05,12.8,Org,ADITHYA K GANDHI MD PLC,Cardiology,18128 LONGWATER RUN DR,TAMPA,FL,33647,813-685-2191,https://www.facebook.com/ads/library/?active_status=active&ad_type=all&country=US&search_type=keyword_unordered&q=ADITHYA%20K%20GANDHI%20MD%20PLC,https://adstransparency.google.com/?region=US&query=ADITHYA%20K%20GANDHI%20MD%20PLC,1619309499
442,2013-08-05,12.8,Org,EUGENE A WARD M.D. PA,Gastroenterology,3450 E FLETCHER AVENUE,TAMPA,FL,33613,813-972-1654,https://www.facebook.com/ads/library/?active_status=active&ad_type=all&country=US&search_type=keyword_unordered&q=EUGENE%20A%20WARD%20M.D.%20PA,https://adstransparency.google.com/?region=US&query=EUGENE%20A%20WARD%20M.D.%20PA,1003248741
443,2013-07-31,12.8,Org,FLORIDA HOSPITAL PHYSICIAN GROUP INC,Endocrinology,3000 MEDICAL PARK DR,TAMPA,FL,33613,813-336-5766,https://www.facebook.com/ads/library/?active_status=active&ad_type=all&country=US&search_type=keyword_unordered&q=FLORIDA%20HOSPITAL%20PHYSICIAN%20GROUP%20INC,https://adstransparency.google.com/?region=US&query=FLORIDA%20HOSPITAL%20PHYSICIAN%20GROUP%20INC,1174955256
444,2013-07-17,12.9,Individual,HAFIZ KHAN,Gastroenterology,3000 MEDICAL PARK DR STE 500,TAMPA,FL,33613,813-615-7028,https://www.facebook.com/ads/library/?active_status=active&ad_type=all&country=US&search_type=keyword_unordered&q=HAFIZ%20KHAN,https://adstransparency.google.com/?region=US&query=HAFIZ%20KHAN,1699117754
445,2013-06-12,13.0,Individual,MITCHELL POPOVETSKY,Endocrinology,4025 N WESTERN AVE,CHICAGO,IL,60618,773-275-7700,https://www.facebook.com/ads/library/?active_status=active&ad_type=all&country=US&search_type=keyword_unordered&q=MITCHELL%20POPOVETSKY,https://adstransparency.google.com/?region=US&query=MITCHELL%20POPOVETSKY,1740628635
446,2013-06-06,13.0,Individual,DANIELA CROUSILLAT,Cardiology,2 TAMPA GENERAL CIR,TAMPA,FL,33606,813-821-8038,https://www.facebook.com/ads/library/?active_status=active&ad_type=all&country=US&search_type=keyword_unordered&q=DANIELA%20CROUSILLAT,https://adstransparency.google.com/?region=US&query=DANIELA%20CROUSILLAT,1518305085
447,2013-05-13,13.0,Individual,OGUGUA ANENE-MAIDOH,Psychiatry,5707 N 22ND ST,TAMPA,FL,33610,813-272-2244,https://www.facebook.com/ads/library/?active_status=active&ad_type=all&country=US&search_type=keyword_unordered&q=OGUGUA%20ANENE-MAIDOH,https://adstransparency.google.com/?region=US&query=OGUGUA%20ANENE-MAIDOH,1609212000
448,2013-05-13,13.0,Individual,AMINA EDATHODU,Psychiatry,4119 N ARMENIA AVE,TAMPA,FL,33607,813-870-7065,https://www.facebook.com/ads/library/?active_status=active&ad_type=all&country=US&search_type=keyword_unordered&q=AMINA%20EDATHODU,https://adstransparency.google.com/?region=US&query=AMINA%20EDATHODU,1912343310
449,2013-05-02,13.1,Org,ASPIRE HEALTH MEDICAL PARTNERS OF MIDDLE TENNESSEE PC,Primary Care,333 COMMERCE ST,NASHVILLE,TN,37201,615-454-9850,https://www.facebook.com/ads/library/?active_status=active&ad_type=all&country=US&search_type=keyword_unordered&q=ASPIRE%20HEALTH%20MEDICAL%20PARTNERS%20OF%20MIDDLE%20TENNESSEE%20PC,https://adstransparency.google.com/?region=US&query=ASPIRE%20HEALTH%20MEDICAL%20PARTNERS%20OF%20MIDDLE%20TENNESSEE%20PC,1215372354
450,2013-05-02,13.1,Individual,CHRISTOPHER COOK,Cardiology,2 TAMPA GENERAL CIR,TAMPA,FL,33606,813-821-8038,https://www.facebook.com/ads/library/?active_status=active&ad_type=all&country=US&search_type=keyword_unordered&q=CHRISTOPHER%20COOK,https://adstransparency.google.com/?region=US&query=CHRISTOPHER%20COOK,1548605744
451,2013-04-16,13.1,Individual,PATRICK CHANG,Cardiology,1222 S ORANGE AVE FL 4,ORLANDO,FL,32806,321-841-6444,https://www.facebook.com/ads/library/?active_status=active&ad_type=all&country=US&search_type=keyword_unordered&q=PATRICK%20CHANG,https://adstransparency.google.com/?region=US&query=PATRICK%20CHANG,1922441351
452,2013-04-15,13.1,Individual,JESSICA HUANG,Cardiology,2 TAMPA GENERAL CIR,TAMPA,FL,33606,813-974-2201,https://www.facebook.com/ads/library/?active_status=active&ad_type=all&country=US&search_type=keyword_unordered&q=JESSICA%20HUANG,https://adstransparency.google.com/?region=US&query=JESSICA%20HUANG,1194168542
453,2013-04-11,13.1,Individual,TANYA BOGLE,Primary Care,17645 JAMESTOWN WAY,LUTZ,FL,33558,423-718-2698,https://www.facebook.com/ads/library/?active_status=active&ad_type=all&country=US&search_type=keyword_unordered&q=TANYA%20BOGLE,https://adstransparency.google.com/?region=US&query=TANYA%20BOGLE,1316380041
454,2013-04-11,13.1,Individual,YEVGENIYA KUSHCHAYEVA,Endocrinology,13330 USF LAUREL DR,TAMPA,FL,33612,813-974-2201,https://www.facebook.com/ads/library/?active_status=active&ad_type=all&country=US&search_type=keyword_unordered&q=YEVGENIYA%20KUSHCHAYEVA,https://adstransparency.google.com/?region=US&query=YEVGENIYA%20KUSHCHAYEVA,1356784185
455,2013-04-05,13.1,Org,NADER H CHADDA MD LLC,Cardiology,14100 FIVAY RD STE 330,HUDSON,FL,34667,727-859-7670,https://www.facebook.com/ads/library/?active_status=active&ad_type=all&country=US&search_type=keyword_unordered&q=NADER%20H%20CHADDA%20MD%20LLC,https://adstransparency.google.com/?region=US&query=NADER%20H%20CHADDA%20MD%20LLC,1578806774
456,2013-04-04,13.1,Individual,RAHMAN NAKSHABENDI,Gastroenterology,671 S KINGS AVE,BRANDON,FL,33511,813-972-3750,https://www.facebook.com/ads/library/?active_status=active&ad_type=all&country=US&search_type=keyword_unordered&q=RAHMAN%20NAKSHABENDI,https://adstransparency.google.com/?region=US&query=RAHMAN%20NAKSHABENDI,1750624086
457,2013-04-04,13.1,Individual,KRISTINA CHECHOTKA,Psychiatry,1 TAMPA GENERAL CIR,TAMPA,FL,33606,813-844-7545,https://www.facebook.com/ads/library/?active_status=active&ad_type=all&country=US&search_type=keyword_unordered&q=KRISTINA%20CHECHOTKA,https://adstransparency.google.com/?region=US&query=KRISTINA%20CHECHOTKA,1710220017
458,2013-04-01,13.1,Individual,KIRBYLEE NELSON,Gastroenterology,259 E ERIE ST STE 1600,CHICAGO,IL,60611,312-695-5620,https://www.facebook.com/ads/library/?active_status=active&ad_type=all&country=US&search_type=keyword_unordered&q=KIRBYLEE%20NELSON,https://adstransparency.google.com/?region=US&query=KIRBYLEE%20NELSON,1780927418
459,2013-03-27,13.2,Individual,ASHLEY DAVIS-YADLEY,Gastroenterology,4301 N HABANA AVE,TAMPA,FL,33607,813-876-0951,https://www.facebook.com/ads/library/?active_status=active&ad_type=all&country=US&search_type=keyword_unordered&q=ASHLEY%20DAVIS-YADLEY,https://adstransparency.google.com/?region=US&query=ASHLEY%20DAVIS-YADLEY,1568704674
460,2013-03-27,13.2,Individual,SAGAR PATIL,Gastroenterology,3000 MEDICAL PARK DR STE 500,TAMPA,FL,33613,813-615-7028,https://www.facebook.com/ads/library/?active_status=active&ad_type=all&country=US&search_type=keyword_unordered&q=SAGAR%20PATIL,https://adstransparency.google.com/?region=US&query=SAGAR%20PATIL,1508108630
461,2013-03-27,13.2,Individual,ISABEL PRIETO,OB-GYN,3000 MEDICAL PARK DR STE 500,TAMPA,FL,33613,813-615-7117,https://www.facebook.com/ads/library/?active_status=active&ad_type=all&country=US&search_type=keyword_unordered&q=ISABEL%20PRIETO,https://adstransparency.google.com/?region=US&query=ISABEL%20PRIETO,1548503691
462,2013-03-27,13.2,Individual,BENJAMIN BAILEY,Psychiatry,12902 USF MAGNOLIA DR,TAMPA,FL,33612,813-745-4673,https://www.facebook.com/ads/library/?active_status=active&ad_type=all&country=US&search_type=keyword_unordered&q=BENJAMIN%20BAILEY,https://adstransparency.google.com/?region=US&query=BENJAMIN%20BAILEY,1649513789
463,2013-03-20,13.2,Individual,DAVID BROMBERG,Gastroenterology,259 E ERIE ST STE 1600,CHICAGO,IL,60611,312-695-5620,https://www.facebook.com/ads/library/?active_status=active&ad_type=all&country=US&search_type=keyword_unordered&q=DAVID%20BROMBERG,https://adstransparency.google.com/?region=US&query=DAVID%20BROMBERG,1942542618
464,2013-02-07,13.3,Individual,MICHAEL DANIEL,Gastroenterology,2 TAMPA GENERAL CIR,TAMPA,FL,33606,813-821-8038,https://www.facebook.com/ads/library/?active_status=active&ad_type=all&country=US&search_type=keyword_unordered&q=MICHAEL%20DANIEL,https://adstransparency.google.com/?region=US&query=MICHAEL%20DANIEL,1407195621
465,2013-01-24,13.3,Individual,JESUS GIL GUTIERREZ,Psychiatry,5707 N 22ND ST,TAMPA,FL,33610,813-272-2244,https://www.facebook.com/ads/library/?active_status=active&ad_type=all&country=US&search_type=keyword_unordered&q=JESUS%20GIL%20GUTIERREZ,https://adstransparency.google.com/?region=US&query=JESUS%20GIL%20GUTIERREZ,1942548052
466,2013-01-07,13.4,Org,ERNESTO J. MILLAN MD. PA.,Psychiatry,5110 N. HABANA AVE. SUITE #1,TAMPA,FL,33614,813-448-6755,https://www.facebook.com/ads/library/?active_status=active&ad_type=all&country=US&search_type=keyword_unordered&q=ERNESTO%20J.%20MILLAN%20MD.%20PA.,https://adstransparency.google.com/?region=US&query=ERNESTO%20J.%20MILLAN%20MD.%20PA.,1851638167
467,2012-12-17,13.4,Org,BAIN COMPLETE WELLNESS LLC.,Primary Care,10311 CROSS CREEK BLVD STE E,TAMPA,FL,33647,813-574-2460,https://www.facebook.com/ads/library/?active_status=active&ad_type=all&country=US&search_type=keyword_unordered&q=BAIN%20COMPLETE%20WELLNESS%20LLC.,https://adstransparency.google.com/?region=US&query=BAIN%20COMPLETE%20WELLNESS%20LLC.,1376889519
468,2012-11-19,13.5,Org,BAY AREA ENDOCRINOLOGY ASSOCIATES LLC,Endocrinology,4816 N ARMENIA AVE,TAMPA,FL,33603,813-876-3636,https://www.facebook.com/ads/library/?active_status=active&ad_type=all&country=US&search_type=keyword_unordered&q=BAY%20AREA%20ENDOCRINOLOGY%20ASSOCIATES%20LLC,https://adstransparency.google.com/?region=US&query=BAY%20AREA%20ENDOCRINOLOGY%20ASSOCIATES%20LLC,1699019315
469,2012-11-07,13.5,Individual,VANESSA LANCASTER,OB-GYN,3000 MEDICAL PARK DR,TAMPA,FL,33613,813-769-2778,https://www.facebook.com/ads/library/?active_status=active&ad_type=all&country=US&search_type=keyword_unordered&q=VANESSA%20LANCASTER,https://adstransparency.google.com/?region=US&query=VANESSA%20LANCASTER,1548514946
470,2012-09-19,13.7,Individual,MOHAMMED AL-JUMAYLI,Primary Care,12902 USF MAGNOLIA DR,TAMPA,FL,33612,813-745-8658,https://www.facebook.com/ads/library/?active_status=active&ad_type=all&country=US&search_type=keyword_unordered&q=MOHAMMED%20AL-JUMAYLI,https://adstransparency.google.com/?region=US&query=MOHAMMED%20AL-JUMAYLI,1083964878
471,2012-09-18,13.7,Org,ARTHUR J. PEDREGAL MD PA,Psychiatry,4710 N HABANA AVE STE 303,TAMPA,FL,33614,813-879-7940,https://www.facebook.com/ads/library/?active_status=active&ad_type=all&country=US&search_type=keyword_unordered&q=ARTHUR%20J.%20PEDREGAL%20MD%20PA,https://adstransparency.google.com/?region=US&query=ARTHUR%20J.%20PEDREGAL%20MD%20PA,1154671022
472,2012-09-14,13.7,Individual,OBIANUJU AMADI,Primary Care,1714 SW 17TH ST STE 450,OCALA,FL,34471,352-509-9900,https://www.facebook.com/ads/library/?active_status=active&ad_type=all&country=US&search_type=keyword_unordered&q=OBIANUJU%20AMADI,https://adstransparency.google.com/?region=US&query=OBIANUJU%20AMADI,1538419759
473,2012-08-28,13.7,Org,AJOY KOTWAL MD PA,Primary Care,3102 W CYPRESS ST,TAMPA,FL,33607,813-874-1404,https://www.facebook.com/ads/library/?active_status=active&ad_type=all&country=US&search_type=keyword_unordered&q=AJOY%20KOTWAL%20MD%20PA,https://adstransparency.google.com/?region=US&query=AJOY%20KOTWAL%20MD%20PA,1639427396
474,2012-07-31,13.8,Individual,BAYAN MESMAR,Endocrinology,13330 USF LAUREL DR,TAMPA,FL,33612,813-974-2201,https://www.facebook.com/ads/library/?active_status=active&ad_type=all&country=US&search_type=keyword_unordered&q=BAYAN%20MESMAR,https://adstransparency.google.com/?region=US&query=BAYAN%20MESMAR,1306192976
475,2012-07-20,13.8,Individual,RENE GOMEZ ESQUIVEL,Gastroenterology,13330 USF LAUREL DR,TAMPA,FL,33612,813-974-2201,https://www.facebook.com/ads/library/?active_status=active&ad_type=all&country=US&search_type=keyword_unordered&q=RENE%20GOMEZ%20ESQUIVEL,https://adstransparency.google.com/?region=US&query=RENE%20GOMEZ%20ESQUIVEL,1295080794
476,2012-06-25,13.9,Individual,EDUARDO RODRIGUEZ ZARATE,Gastroenterology,409 BAYSHORE BLVD,TAMPA,FL,33606,813-844-5460,https://www.facebook.com/ads/library/?active_status=active&ad_type=all&country=US&search_type=keyword_unordered&q=EDUARDO%20RODRIGUEZ%20ZARATE,https://adstransparency.google.com/?region=US&query=EDUARDO%20RODRIGUEZ%20ZARATE,1407110414
477,2012-06-24,13.9,Individual,SARASWATHI CAPPELLE,Gastroenterology,12902 USF MAGNOLIA DR,TAMPA,FL,33612,813-745-7365,https://www.facebook.com/ads/library/?active_status=active&ad_type=all&country=US&search_type=keyword_unordered&q=SARASWATHI%20CAPPELLE,https://adstransparency.google.com/?region=US&query=SARASWATHI%20CAPPELLE,1083977045
478,2012-06-19,13.9,Individual,BADAL SHAH,Gastroenterology,3825 COUNTRYSIDE BLVD N,PALM HARBOR,FL,34684,727-784-2848,https://www.facebook.com/ads/library/?active_status=active&ad_type=all&country=US&search_type=keyword_unordered&q=BADAL%20SHAH,https://adstransparency.google.com/?region=US&query=BADAL%20SHAH,1962765511
479,2012-06-18,13.9,Individual,HOURIYA AYOUBIEH,Primary Care,2 TAMPA GENERAL CIR,TAMPA,FL,33606,813-821-8038,https://www.facebook.com/ads/library/?active_status=active&ad_type=all&country=US&search_type=keyword_unordered&q=HOURIYA%20AYOUBIEH,https://adstransparency.google.com/?region=US&query=HOURIYA%20AYOUBIEH,1417210170
480,2012-06-13,13.9,Individual,KAMRAN AHMED,Primary Care,12902 USF MAGNOLIA DR,TAMPA,FL,33612,813-745-8535,https://www.facebook.com/ads/library/?active_status=active&ad_type=all&country=US&search_type=keyword_unordered&q=KAMRAN%20AHMED,https://adstransparency.google.com/?region=US&query=KAMRAN%20AHMED,1659633915
481,2012-05-24,14.0,Individual,MIA ISADORA FRONTERAS,Endocrinology,13901 BRUCE B DOWNS BLVD,TAMPA,FL,33613,813-615-7620,https://www.facebook.com/ads/library/?active_status=active&ad_type=all&country=US&search_type=keyword_unordered&q=MIA%20ISADORA%20FRONTERAS,https://adstransparency.google.com/?region=US&query=MIA%20ISADORA%20FRONTERAS,1275893158
482,2012-05-22,14.0,Individual,DARREN ADDERLY,Primary Care,12901 BRUCE B DOWNS BLVD # 41,TAMPA,FL,33612,813-259-8725,https://www.facebook.com/ads/library/?active_status=active&ad_type=all&country=US&search_type=keyword_unordered&q=DARREN%20ADDERLY,https://adstransparency.google.com/?region=US&query=DARREN%20ADDERLY,1386904522
483,2012-05-01,14.1,Org,"MARY BEESON, M.D. PA",Endocrinology,417 CORBETT ST,BELLEAIR,FL,33756,727-441-4581,https://www.facebook.com/ads/library/?active_status=active&ad_type=all&country=US&search_type=keyword_unordered&q=MARY%20BEESON%2C%20M.D.%20PA,https://adstransparency.google.com/?region=US&query=MARY%20BEESON%2C%20M.D.%20PA,1497013163
484,2012-05-01,14.1,Individual,JOHN SCHMITTNER,Cardiology,2401 S 31ST ST,TEMPLE,TX,76508,254-724-2111,https://www.facebook.com/ads/library/?active_status=active&ad_type=all&country=US&search_type=keyword_unordered&q=JOHN%20SCHMITTNER,https://adstransparency.google.com/?region=US&query=JOHN%20SCHMITTNER,1275891913
485,2012-04-23,14.1,Individual,JONATHAN HILAL,Gastroenterology,13330 USF LAUREL DR,TAMPA,FL,33612,813-974-2201,https://www.facebook.com/ads/library/?active_status=active&ad_type=all&country=US&search_type=keyword_unordered&q=JONATHAN%20HILAL,https://adstransparency.google.com/?region=US&query=JONATHAN%20HILAL,1871851204
486,2012-04-20,14.1,Org,CENTRAL PALM BEACH PHYSICIANS & URGENT CARE INC,Primary Care,2727 W DR MARTIN LUTHER KING JR BLVD,TAMPA,FL,33607,772-467-2677,https://www.facebook.com/ads/library/?active_status=active&ad_type=all&country=US&search_type=keyword_unordered&q=CENTRAL%20PALM%20BEACH%20PHYSICIANS%20%26%20URGENT%20CARE%20INC,https://adstransparency.google.com/?region=US&query=CENTRAL%20PALM%20BEACH%20PHYSICIANS%20%26%20URGENT%20CARE%20INC,1750648226
487,2012-04-20,14.1,Individual,NIDHI PATEL,Cardiology,2 TAMPA GENERAL CIR,TAMPA,FL,33606,813-974-2201,https://www.facebook.com/ads/library/?active_status=active&ad_type=all&country=US&search_type=keyword_unordered&q=NIDHI%20PATEL,https://adstransparency.google.com/?region=US&query=NIDHI%20PATEL,1952668584
488,2012-04-20,14.1,Individual,CHINEDU NWABUOBI,OB-GYN,207 W GORE ST STE 300,ORLANDO,FL,32806,321-841-8555,https://www.facebook.com/ads/library/?active_status=active&ad_type=all&country=US&search_type=keyword_unordered&q=CHINEDU%20NWABUOBI,https://adstransparency.google.com/?region=US&query=CHINEDU%20NWABUOBI,1366709990
489,2012-04-17,14.1,Individual,WOJCIECH BLONSKI,Gastroenterology,13000 BRUCE B DOWNS BLVD,TAMPA,FL,33612,813-972-2000,https://www.facebook.com/ads/library/?active_status=active&ad_type=all&country=US&search_type=keyword_unordered&q=WOJCIECH%20BLONSKI,https://adstransparency.google.com/?region=US&query=WOJCIECH%20BLONSKI,1366709230
490,2012-04-13,14.1,Individual,ANANT KHAROD,Cardiology,2 TAMPA GENERAL CIR,TAMPA,FL,33606,813-821-8038,https://www.facebook.com/ads/library/?active_status=active&ad_type=all&country=US&search_type=keyword_unordered&q=ANANT%20KHAROD,https://adstransparency.google.com/?region=US&query=ANANT%20KHAROD,1952668097
491,2012-04-11,14.1,Individual,ANJULI LUTHRA,Gastroenterology,12902 USF MAGNOLIA DR,TAMPA,FL,33612,813-745-2777,https://www.facebook.com/ads/library/?active_status=active&ad_type=all&country=US&search_type=keyword_unordered&q=ANJULI%20LUTHRA,https://adstransparency.google.com/?region=US&query=ANJULI%20LUTHRA,1205192580
492,2012-04-10,14.1,Individual,ADAM BERRY,Primary Care,12953 PALMS WEST DR STE 102,LOXAHATCHEE,FL,33470,561-793-1713,https://www.facebook.com/ads/library/?active_status=active&ad_type=all&country=US&search_type=keyword_unordered&q=ADAM%20BERRY,https://adstransparency.google.com/?region=US&query=ADAM%20BERRY,1386900835
493,2012-04-08,14.1,Individual,SRINIVAS BOPPANA,Primary Care,5130 SUNFOREST DR STE 300,TAMPA,FL,33634,727-824-0780,https://www.facebook.com/ads/library/?active_status=active&ad_type=all&country=US&search_type=keyword_unordered&q=SRINIVAS%20BOPPANA,https://adstransparency.google.com/?region=US&query=SRINIVAS%20BOPPANA,1679839252
494,2012-04-08,14.1,Individual,VIKESH KHANIJOW,Gastroenterology,33920 US 19 N STE 124,PALM HARBOR,FL,34684,727-785-7654,https://www.facebook.com/ads/library/?active_status=active&ad_type=all&country=US&search_type=keyword_unordered&q=VIKESH%20KHANIJOW,https://adstransparency.google.com/?region=US&query=VIKESH%20KHANIJOW,1962768531
495,2012-04-06,14.1,Individual,AMIE HARVEY,Gastroenterology,2080 CHILD ST,JACKSONVILLE,FL,32214,904-542-7276,https://www.facebook.com/ads/library/?active_status=active&ad_type=all&country=US&search_type=keyword_unordered&q=AMIE%20HARVEY,https://adstransparency.google.com/?region=US&query=AMIE%20HARVEY,1982960621
496,2012-04-03,14.1,Individual,NADIJDA BASSIL,Primary Care,6918 GUNN HWY,TAMPA,FL,33625,813-891-6310,https://www.facebook.com/ads/library/?active_status=active&ad_type=all&country=US&search_type=keyword_unordered&q=NADIJDA%20BASSIL,https://adstransparency.google.com/?region=US&query=NADIJDA%20BASSIL,1730445743
497,2012-04-02,14.1,Individual,OMEGA BALL,Primary Care,750 BRUNSWICK AVE,TRENTON,NJ,08638,609-394-6000,https://www.facebook.com/ads/library/?active_status=active&ad_type=all&country=US&search_type=keyword_unordered&q=OMEGA%20BALL,https://adstransparency.google.com/?region=US&query=OMEGA%20BALL,1154687374
498,2012-04-01,14.1,Individual,AMANDA BIGHORSE,Primary Care,7912 E 31ST CT,TULSA,OK,74145,918-743-8200,https://www.facebook.com/ads/library/?active_status=active&ad_type=all&country=US&search_type=keyword_unordered&q=AMANDA%20BIGHORSE,https://adstransparency.google.com/?region=US&query=AMANDA%20BIGHORSE,1619243888
499,2012-03-28,14.2,Individual,JASON COLIZZO,Gastroenterology,3333 CATTLEMEN RD STE 202,SARASOTA,FL,34232,941-342-8892,https://www.facebook.com/ads/library/?active_status=active&ad_type=all&country=US&search_type=keyword_unordered&q=JASON%20COLIZZO,https://adstransparency.google.com/?region=US&query=JASON%20COLIZZO,1538435003
500,2012-03-22,14.2,Org,ADVANCED MEDICAL RESOURCES LLC,Psychiatry,5000 LEGACY DR STE 330,PLANO,TX,75024,281-768-6730,https://www.facebook.com/ads/library/?active_status=active&ad_type=all&country=US&search_type=keyword_unordered&q=ADVANCED%20MEDICAL%20RESOURCES%20LLC,https://adstransparency.google.com/?region=US&query=ADVANCED%20MEDICAL%20RESOURCES%20LLC,1811263999
501,2012-03-20,14.2,Individual,SHONE ALMEIDA,Cardiology,2 TAMPA GENERAL CIR,TAMPA,FL,33606,813-821-8038,https://www.facebook.com/ads/library/?active_status=active&ad_type=all&country=US&search_type=keyword_unordered&q=SHONE%20ALMEIDA,https://adstransparency.google.com/?region=US&query=SHONE%20ALMEIDA,1225303563
502,2012-03-20,14.2,Individual,BRIJESH PATEL,Gastroenterology,111 MALTESE DR,MIDDLETOWN,NY,10940,845-342-4774,https://www.facebook.com/ads/library/?active_status=active&ad_type=all&country=US&search_type=keyword_unordered&q=BRIJESH%20PATEL,https://adstransparency.google.com/?region=US&query=BRIJESH%20PATEL,1902171168
503,2012-03-19,14.2,Individual,MADELINE CANDELARIO-COSME,Endocrinology,602 S AUDUBON AVE STE A,TAMPA,FL,33609,813-931-2424,https://www.facebook.com/ads/library/?active_status=active&ad_type=all&country=US&search_type=keyword_unordered&q=MADELINE%20CANDELARIO-COSME,https://adstransparency.google.com/?region=US&query=MADELINE%20CANDELARIO-COSME,1144595406
504,2012-03-15,14.2,Org,"ELITE PSYCHIATRIC CONSULTING SERVICES, LLC",Psychiatry,10006 CROSS CREEK BLVD,TAMPA,FL,33647,856-625-0540,https://www.facebook.com/ads/library/?active_status=active&ad_type=all&country=US&search_type=keyword_unordered&q=ELITE%20PSYCHIATRIC%20CONSULTING%20SERVICES%2C%20LLC,https://adstransparency.google.com/?region=US&query=ELITE%20PSYCHIATRIC%20CONSULTING%20SERVICES%2C%20LLC,1902171481
505,2012-02-28,14.2,Org,"CARDIOVASCULAR CLINIC, INC.",Cardiology,17863 HUNTING BOW CIR STE 101,LUTZ,FL,33558,727-376-6699,https://www.facebook.com/ads/library/?active_status=active&ad_type=all&country=US&search_type=keyword_unordered&q=CARDIOVASCULAR%20CLINIC%2C%20INC.,https://adstransparency.google.com/?region=US&query=CARDIOVASCULAR%20CLINIC%2C%20INC.,1356615058
506,2012-02-23,14.3,Individual,MARLA SEVILLA ALSINA,Endocrinology,13330 USF LAUREL DR,TAMPA,FL,33612,813-974-2201,https://www.facebook.com/ads/library/?active_status=active&ad_type=all&country=US&search_type=keyword_unordered&q=MARLA%20SEVILLA%20ALSINA,https://adstransparency.google.com/?region=US&query=MARLA%20SEVILLA%20ALSINA,1396019238
507,2012-02-11,14.3,Org,PLANNED PARENTHOOD OF SOUTHWEST AND CENTRAL FLORIDA,OB-GYN,8068 N 56TH ST,TAMPA,FL,33617,813-980-3555,https://www.facebook.com/ads/library/?active_status=active&ad_type=all&country=US&search_type=keyword_unordered&q=PLANNED%20PARENTHOOD%20OF%20SOUTHWEST%20AND%20CENTRAL%20FLORIDA,https://adstransparency.google.com/?region=US&query=PLANNED%20PARENTHOOD%20OF%20SOUTHWEST%20AND%20CENTRAL%20FLORIDA,1760755458
508,2012-02-10,14.3,Individual,SILVIA SALGADO NUNEZ DEL PRADO,Endocrinology,13330 USF LAUREL DR,TAMPA,FL,33612,813-821-8038,https://www.facebook.com/ads/library/?active_status=active&ad_type=all&country=US&search_type=keyword_unordered&q=SILVIA%20SALGADO%20NUNEZ%20DEL%20PRADO,https://adstransparency.google.com/?region=US&query=SILVIA%20SALGADO%20NUNEZ%20DEL%20PRADO,1194098905
509,2012-01-25,14.3,Individual,NYREE BRYANT,Primary Care,13311 N 56TH ST,TAMPA,FL,33617,813-985-2992,https://www.facebook.com/ads/library/?active_status=active&ad_type=all&country=US&search_type=keyword_unordered&q=NYREE%20BRYANT,https://adstransparency.google.com/?region=US&query=NYREE%20BRYANT,1750652590
510,2012-01-11,14.4,Org,BAY AREA ADVANCE GASTROENTEROLOGY CARE INC,Gastroenterology,1130 KYLE WOOD LN,BRANDON,FL,33511,813-600-5423,https://www.facebook.com/ads/library/?active_status=active&ad_type=all&country=US&search_type=keyword_unordered&q=BAY%20AREA%20ADVANCE%20GASTROENTEROLOGY%20CARE%20INC,https://adstransparency.google.com/?region=US&query=BAY%20AREA%20ADVANCE%20GASTROENTEROLOGY%20CARE%20INC,1790055457
511,2011-12-19,14.4,Org,CLINICAL&DIAGNOSTIC CARDIOLOGY,Cardiology,16057 TAMPA PALMS BLVD W,TAMPA,FL,33647,813-681-0379,https://www.facebook.com/ads/library/?active_status=active&ad_type=all&country=US&search_type=keyword_unordered&q=CLINICAL%26DIAGNOSTIC%20CARDIOLOGY,https://adstransparency.google.com/?region=US&query=CLINICAL%26DIAGNOSTIC%20CARDIOLOGY,1336418474
512,2011-12-10,14.5,Org,ASSOCIATES FOR BEHAVIORAL MEDICINE,Psychiatry,14437 UNIVERSITY COVE PL,TAMPA,FL,33613,813-972-7946,https://www.facebook.com/ads/library/?active_status=active&ad_type=all&country=US&search_type=keyword_unordered&q=ASSOCIATES%20FOR%20BEHAVIORAL%20MEDICINE,https://adstransparency.google.com/?region=US&query=ASSOCIATES%20FOR%20BEHAVIORAL%20MEDICINE,1659649283
513,2011-12-05,14.5,Org,"A AND R PSYCHIATRIC AND MENTAL HEALTH SERVICES, LLC",Psychiatry,2150 W DR MARTIN LUTHER KING JR BLVD,TAMPA,FL,33607,813-872-1525,https://www.facebook.com/ads/library/?active_status=active&ad_type=all&country=US&search_type=keyword_unordered&q=A%20AND%20R%20PSYCHIATRIC%20AND%20MENTAL%20HEALTH%20SERVICES%2C%20LLC,https://adstransparency.google.com/?region=US&query=A%20AND%20R%20PSYCHIATRIC%20AND%20MENTAL%20HEALTH%20SERVICES%2C%20LLC,1306114301
514,2011-12-01,14.5,Org,"AMERICAN BEST FAMILY CARE, PA",Primary Care,8054 DEERWOOD CIR,TAMPA,FL,33610,813-252-4002,https://www.facebook.com/ads/library/?active_status=active&ad_type=all&country=US&search_type=keyword_unordered&q=AMERICAN%20BEST%20FAMILY%20CARE%2C%20PA,https://adstransparency.google.com/?region=US&query=AMERICAN%20BEST%20FAMILY%20CARE%2C%20PA,1902174261
515,2011-11-19,14.5,Individual,MOHAMMED ALOMAR,Primary Care,12902 USF MAGNOLIA DR,TAMPA,FL,33612,137-452-7188,https://www.facebook.com/ads/library/?active_status=active&ad_type=all&country=US&search_type=keyword_unordered&q=MOHAMMED%20ALOMAR,https://adstransparency.google.com/?region=US&query=MOHAMMED%20ALOMAR,1245507227
516,2011-11-10,14.5,Individual,STEPHANIE SHORT,OB-GYN,4030 W BOY SCOUT BLVD STE 800,TAMPA,FL,33607,813-286-0033,https://www.facebook.com/ads/library/?active_status=active&ad_type=all&country=US&search_type=keyword_unordered&q=STEPHANIE%20SHORT,https://adstransparency.google.com/?region=US&query=STEPHANIE%20SHORT,1134406705
517,2011-10-20,14.6,Individual,PINCHIEH CHIANG,Primary Care,333 1ST ST STE A,SAN FRANCISCO,CA,94105,888-803-3370,https://www.facebook.com/ads/library/?active_status=active&ad_type=all&country=US&search_type=keyword_unordered&q=PINCHIEH%20CHIANG,https://adstransparency.google.com/?region=US&query=PINCHIEH%20CHIANG,1558646513
518,2011-10-19,14.6,Individual,HALA AL JIBOURY,Gastroenterology,3000 MEDICAL PARK DR STE 500,TAMPA,FL,33613,813-615-7028,https://www.facebook.com/ads/library/?active_status=active&ad_type=all&country=US&search_type=keyword_unordered&q=HALA%20AL%20JIBOURY,https://adstransparency.google.com/?region=US&query=HALA%20AL%20JIBOURY,1356626402
519,2011-09-29,14.7,Org,BAY AREA ENDOCRINOLOGY P.A.,Endocrinology,205 N PLANT AVE,PLANT CITY,FL,33563,813-876-3636,https://www.facebook.com/ads/library/?active_status=active&ad_type=all&country=US&search_type=keyword_unordered&q=BAY%20AREA%20ENDOCRINOLOGY%20P.A.,https://adstransparency.google.com/?region=US&query=BAY%20AREA%20ENDOCRINOLOGY%20P.A.,1568746295
520,2011-09-26,14.7,Org,ALAN R SINGER MD LLC,Primary Care,17511 N DALE MABRY HWY,LUTZ,FL,33548,813-962-6700,https://www.facebook.com/ads/library/?active_status=active&ad_type=all&country=US&search_type=keyword_unordered&q=ALAN%20R%20SINGER%20MD%20LLC,https://adstransparency.google.com/?region=US&query=ALAN%20R%20SINGER%20MD%20LLC,1386927432
521,2011-09-20,14.7,Individual,PEEYUSH GROVER,Cardiology,13127 VAIL RIDGE DR,RIVERVIEW,FL,33579,813-661-6199,https://www.facebook.com/ads/library/?active_status=active&ad_type=all&country=US&search_type=keyword_unordered&q=PEEYUSH%20GROVER,https://adstransparency.google.com/?region=US&query=PEEYUSH%20GROVER,1427331149
522,2011-08-22,14.8,Org,ANISTA CORPORATION,Primary Care,10718 COUNTRYWAY BLVD,TAMPA,FL,33626,813-855-4000,https://www.facebook.com/ads/library/?active_status=active&ad_type=all&country=US&search_type=keyword_unordered&q=ANISTA%20CORPORATION,https://adstransparency.google.com/?region=US&query=ANISTA%20CORPORATION,1184904252
523,2011-08-08,14.8,Individual,RAM BISHNOI,Psychiatry,3515 E FLETCHER AVE,TAMPA,FL,33613,813-821-8038,https://www.facebook.com/ads/library/?active_status=active&ad_type=all&country=US&search_type=keyword_unordered&q=RAM%20BISHNOI,https://adstransparency.google.com/?region=US&query=RAM%20BISHNOI,1780963835
524,2011-07-29,14.8,Individual,SHANA FLORVELLA,Psychiatry,3515 E FLETCHER AVE # MDC14,TAMPA,FL,33613,813-974-8900,https://www.facebook.com/ads/library/?active_status=active&ad_type=all&country=US&search_type=keyword_unordered&q=SHANA%20FLORVELLA,https://adstransparency.google.com/?region=US&query=SHANA%20FLORVELLA,1730467325
525,2011-07-23,14.8,Individual,NICHOLAS KOTCH,Cardiology,601 7TH ST S STE 205,ST PETERSBURG,FL,33701,727-893-6234,https://www.facebook.com/ads/library/?active_status=active&ad_type=all&country=US&search_type=keyword_unordered&q=NICHOLAS%20KOTCH,https://adstransparency.google.com/?region=US&query=NICHOLAS%20KOTCH,1588942650
526,2011-07-13,14.9,Individual,ASMA AL-ZOUGBI,Endocrinology,3211 W AZEELE ST,TAMPA,FL,33609,813-360-1214,https://www.facebook.com/ads/library/?active_status=active&ad_type=all&country=US&search_type=keyword_unordered&q=ASMA%20AL-ZOUGBI,https://adstransparency.google.com/?region=US&query=ASMA%20AL-ZOUGBI,1679861405
527,2011-07-12,14.9,Individual,FIRAS ABED,Primary Care,3140 S FALKENBURG RD STE 201,RIVERVIEW,FL,33578,813-910-8708,https://www.facebook.com/ads/library/?active_status=active&ad_type=all&country=US&search_type=keyword_unordered&q=FIRAS%20ABED,https://adstransparency.google.com/?region=US&query=FIRAS%20ABED,1275821183
528,2011-07-06,14.9,Individual,KONSTANTINOS MARMAGKIOLIS,Cardiology,2727 W DR MARTIN LUTHER KING JR BLVD STE 800,TAMPA,FL,33607,813-873-0000,https://www.facebook.com/ads/library/?active_status=active&ad_type=all&country=US&search_type=keyword_unordered&q=KONSTANTINOS%20MARMAGKIOLIS,https://adstransparency.google.com/?region=US&query=KONSTANTINOS%20MARMAGKIOLIS,1053608505
529,2011-07-05,14.9,Individual,MED DAN,Primary Care,2720 S 6TH AVE,TUCSON,AZ,85713,520-475-5418,https://www.facebook.com/ads/library/?active_status=active&ad_type=all&country=US&search_type=keyword_unordered&q=MED%20DAN,https://adstransparency.google.com/?region=US&query=MED%20DAN,1154618650
530,2011-06-29,14.9,Individual,SARIMAR AGOSTO SALGADO,Endocrinology,12902 USF MAGNOLIA DR,TAMPA,FL,33612,813-745-4673,https://www.facebook.com/ads/library/?active_status=active&ad_type=all&country=US&search_type=keyword_unordered&q=SARIMAR%20AGOSTO%20SALGADO,https://adstransparency.google.com/?region=US&query=SARIMAR%20AGOSTO%20SALGADO,1588951560
531,2011-06-08,15.0,Individual,THOMAS TOUSSAINT,OB-GYN,4030 W BOY SCOUT BLVD STE 800,TAMPA,FL,33607,813-286-0033,https://www.facebook.com/ads/library/?active_status=active&ad_type=all&country=US&search_type=keyword_unordered&q=THOMAS%20TOUSSAINT,https://adstransparency.google.com/?region=US&query=THOMAS%20TOUSSAINT,1255625091
532,2011-05-31,15.0,Individual,BHAVIK GEDIA,Psychiatry,2727 W DR MARTIN LUTHER KING JR BLVD,TAMPA,FL,33607,813-321-1429,https://www.facebook.com/ads/library/?active_status=active&ad_type=all&country=US&search_type=keyword_unordered&q=BHAVIK%20GEDIA,https://adstransparency.google.com/?region=US&query=BHAVIK%20GEDIA,1871887406
533,2011-05-24,15.0,Individual,SHANNON RATKE,OB-GYN,100 PERTH LN,WINTER PARK,FL,32792,407-645-5565,https://www.facebook.com/ads/library/?active_status=active&ad_type=all&country=US&search_type=keyword_unordered&q=SHANNON%20RATKE,https://adstransparency.google.com/?region=US&query=SHANNON%20RATKE,1346533387
534,2011-05-23,15.0,Individual,NANETTE BENTLEY,Primary Care,4129 N ARMENIA AVE STE B,TAMPA,FL,33607,813-879-3699,https://www.facebook.com/ads/library/?active_status=active&ad_type=all&country=US&search_type=keyword_unordered&q=NANETTE%20BENTLEY,https://adstransparency.google.com/?region=US&query=NANETTE%20BENTLEY,1457644536
535,2011-05-20,15.0,Individual,MASHANDA CAMPBELL,Primary Care,990 WHITLOCK AVE NW STE A,MARIETTA,GA,30064,770-943-7808,https://www.facebook.com/ads/library/?active_status=active&ad_type=all&country=US&search_type=keyword_unordered&q=MASHANDA%20CAMPBELL,https://adstransparency.google.com/?region=US&query=MASHANDA%20CAMPBELL,1174816383
536,2011-05-18,15.0,Individual,ABDULJABBAR AL TEKREETI,Primary Care,3901 COCONUT PALM DR STE 120,TAMPA,FL,33619,813-289-6597,https://www.facebook.com/ads/library/?active_status=active&ad_type=all&country=US&search_type=keyword_unordered&q=ABDULJABBAR%20AL%20TEKREETI,https://adstransparency.google.com/?region=US&query=ABDULJABBAR%20AL%20TEKREETI,1043503436
537,2011-05-17,15.0,Individual,JOSHUA CHANDY,Psychiatry,7814 N DALE MABRY HWY,TAMPA,FL,33614,813-405-3938,https://www.facebook.com/ads/library/?active_status=active&ad_type=all&country=US&search_type=keyword_unordered&q=JOSHUA%20CHANDY,https://adstransparency.google.com/?region=US&query=JOSHUA%20CHANDY,1558654079
538,2011-05-06,15.1,Individual,ERIN GEORGE,OB-GYN,12902 USF MAGNOLIA DR,TAMPA,FL,33612,813-745-4673,https://www.facebook.com/ads/library/?active_status=active&ad_type=all&country=US&search_type=keyword_unordered&q=ERIN%20GEORGE,https://adstransparency.google.com/?region=US&query=ERIN%20GEORGE,1366734550
539,2011-05-04,15.1,Individual,PETER FORSYTH,Psychiatry,12902 USF MAGNOLIA DR,TAMPA,FL,33612,813-745-4673,https://www.facebook.com/ads/library/?active_status=active&ad_type=all&country=US&search_type=keyword_unordered&q=PETER%20FORSYTH,https://adstransparency.google.com/?region=US&query=PETER%20FORSYTH,1841582285
540,2011-04-30,15.1,Individual,VAAGN ANDIKYAN,OB-GYN,2 TAMPA GENERAL CIR FL 3,TAMPA,FL,33606,813-844-7585,https://www.facebook.com/ads/library/?active_status=active&ad_type=all&country=US&search_type=keyword_unordered&q=VAAGN%20ANDIKYAN,https://adstransparency.google.com/?region=US&query=VAAGN%20ANDIKYAN,1881985414
541,2011-04-29,15.1,Individual,HAZEM ABUGRARA,Primary Care,3001 W DR MARTIN LUTHER KING JR BLVD FL 3,TAMPA,FL,33607,813-870-4933,https://www.facebook.com/ads/library/?active_status=active&ad_type=all&country=US&search_type=keyword_unordered&q=HAZEM%20ABUGRARA,https://adstransparency.google.com/?region=US&query=HAZEM%20ABUGRARA,1083905640
542,2011-04-27,15.1,Individual,BOSEDE AFOLABI,Primary Care,4612 N HABANA AVE FL 2,TAMPA,FL,33614,727-532-0002,https://www.facebook.com/ads/library/?active_status=active&ad_type=all&country=US&search_type=keyword_unordered&q=BOSEDE%20AFOLABI,https://adstransparency.google.com/?region=US&query=BOSEDE%20AFOLABI,1134410988
543,2011-04-20,15.1,Individual,JESSEN JACOB,Cardiology,2 TAMPA GENERAL CIR,TAMPA,FL,33606,813-821-8038,https://www.facebook.com/ads/library/?active_status=active&ad_type=all&country=US&search_type=keyword_unordered&q=JESSEN%20JACOB,https://adstransparency.google.com/?region=US&query=JESSEN%20JACOB,1457642829
544,2011-04-14,15.1,Individual,PARTH JOSHI,Gastroenterology,33920 US 19 N STE 124,PALM HARBOR,FL,34684,727-785-7654,https://www.facebook.com/ads/library/?active_status=active&ad_type=all&country=US&search_type=keyword_unordered&q=PARTH%20JOSHI,https://adstransparency.google.com/?region=US&query=PARTH%20JOSHI,1689964355
545,2011-04-14,15.1,Individual,KATHERINE APOSTOLAKIS-KYRUS,OB-GYN,625 6TH AVE S,ST PETERSBURG,FL,33701,727-553-7903,https://www.facebook.com/ads/library/?active_status=active&ad_type=all&country=US&search_type=keyword_unordered&q=KATHERINE%20APOSTOLAKIS-KYRUS,https://adstransparency.google.com/?region=US&query=KATHERINE%20APOSTOLAKIS-KYRUS,1528358397
546,2011-04-08,15.1,Individual,CAMILLE THELIN,Gastroenterology,13330 USF LAUREL DR,TAMPA,FL,33612,813-974-2201,https://www.facebook.com/ads/library/?active_status=active&ad_type=all&country=US&search_type=keyword_unordered&q=CAMILLE%20THELIN,https://adstransparency.google.com/?region=US&query=CAMILLE%20THELIN,1235429408
547,2011-04-08,15.1,Individual,ALEXIS COHEN-ORAM,Psychiatry,3515 E FLETCHER AVE,TAMPA,FL,33613,813-974-8900,https://www.facebook.com/ads/library/?active_status=active&ad_type=all&country=US&search_type=keyword_unordered&q=ALEXIS%20COHEN-ORAM,https://adstransparency.google.com/?region=US&query=ALEXIS%20COHEN-ORAM,1013207240
548,2011-04-07,15.1,Individual,SARAH BENDEL,Primary Care,3311 DANIELS RD STE 104,WINTER GARDEN,FL,34787,407-743-0351,https://www.facebook.com/ads/library/?active_status=active&ad_type=all&country=US&search_type=keyword_unordered&q=SARAH%20BENDEL,https://adstransparency.google.com/?region=US&query=SARAH%20BENDEL,1619266947
549,2011-04-05,15.1,Individual,ARJUN NANDA,Gastroenterology,33920 US 19 N STE 124,PALM HARBOR,FL,34684,727-785-7654,https://www.facebook.com/ads/library/?active_status=active&ad_type=all&country=US&search_type=keyword_unordered&q=ARJUN%20NANDA,https://adstransparency.google.com/?region=US&query=ARJUN%20NANDA,1346539806
550,2011-03-30,15.2,Individual,AMIT PATEL,Gastroenterology,1969 W OGDEN AVE,CHICAGO,IL,60612,312-864-4783,https://www.facebook.com/ads/library/?active_status=active&ad_type=all&country=US&search_type=keyword_unordered&q=AMIT%20PATEL,https://adstransparency.google.com/?region=US&query=AMIT%20PATEL,1164711107
551,2011-03-30,15.2,Individual,ROSHANAK RABBANIFARD,Gastroenterology,12901 BRUCE B DOWNS BLVD # 82,TAMPA,FL,33612,813-974-2034,https://www.facebook.com/ads/library/?active_status=active&ad_type=all&country=US&search_type=keyword_unordered&q=ROSHANAK%20RABBANIFARD,https://adstransparency.google.com/?region=US&query=ROSHANAK%20RABBANIFARD,1477842482
552,2011-03-29,15.2,Individual,MALEEHA HAQ,Cardiology,3000 MEDICAL PARK DR STE 300,TAMPA,FL,33613,813-497-9661,https://www.facebook.com/ads/library/?active_status=active&ad_type=all&country=US&search_type=keyword_unordered&q=MALEEHA%20HAQ,https://adstransparency.google.com/?region=US&query=MALEEHA%20HAQ,1649569799
553,2011-03-21,15.2,Individual,TERESA BAKER,Psychiatry,3515 E FLETCHER AVE,TAMPA,FL,33613,813-974-8900,https://www.facebook.com/ads/library/?active_status=active&ad_type=all&country=US&search_type=keyword_unordered&q=TERESA%20BAKER,https://adstransparency.google.com/?region=US&query=TERESA%20BAKER,1497054175
554,2011-03-13,15.2,Org,24TH CENTURY MEDICAL CENTER,Primary Care,7747 W HILLSBOROUGH AVE,TAMPA,FL,33615,813-230-4212,https://www.facebook.com/ads/library/?active_status=active&ad_type=all&country=US&search_type=keyword_unordered&q=24TH%20CENTURY%20MEDICAL%20CENTER,https://adstransparency.google.com/?region=US&query=24TH%20CENTURY%20MEDICAL%20CENTER,1386942423
555,2011-02-14,15.3,Individual,DIPANITA BARUA,Primary Care,3001 W DR MARTIN LUTHER KING JR BLVD,TAMPA,FL,33607,813-870-4933,https://www.facebook.com/ads/library/?active_status=active&ad_type=all&country=US&search_type=keyword_unordered&q=DIPANITA%20BARUA,https://adstransparency.google.com/?region=US&query=DIPANITA%20BARUA,1376840157
556,2011-01-27,15.3,Individual,MARY BALLOU,OB-GYN,1551 CLAY ST,WINTER PARK,FL,32789,407-644-5371,https://www.facebook.com/ads/library/?active_status=active&ad_type=all&country=US&search_type=keyword_unordered&q=MARY%20BALLOU,https://adstransparency.google.com/?region=US&query=MARY%20BALLOU,1336445147
557,2010-11-17,15.5,Individual,JANINNE ABEL,Primary Care,6175 NEWTON DR NE,COVINGTON,GA,30014,678-342-6000,https://www.facebook.com/ads/library/?active_status=active&ad_type=all&country=US&search_type=keyword_unordered&q=JANINNE%20ABEL,https://adstransparency.google.com/?region=US&query=JANINNE%20ABEL,1427359843
558,2010-10-30,15.6,Org,AKINSETE MD PA,Primary Care,3100 E FLETCHER AVE,TAMPA,FL,33613,240-606-8835,https://www.facebook.com/ads/library/?active_status=active&ad_type=all&country=US&search_type=keyword_unordered&q=AKINSETE%20MD%20PA,https://adstransparency.google.com/?region=US&query=AKINSETE%20MD%20PA,1962702472
559,2010-10-21,15.6,Org,"BERNARD F GERMAIN, MD PA",Primary Care,15416 N FLORIDA AVE,TAMPA,FL,33613,813-960-2400,https://www.facebook.com/ads/library/?active_status=active&ad_type=all&country=US&search_type=keyword_unordered&q=BERNARD%20F%20GERMAIN%2C%20MD%20PA,https://adstransparency.google.com/?region=US&query=BERNARD%20F%20GERMAIN%2C%20MD%20PA,1518267756
560,2010-10-05,15.6,Org,CARDIOTHORACIC SURGERY OF HYDE PARK INC,Primary Care,8950 9TH ST N STE 102,ST PETERSBURG,FL,33702,727-498-8898,https://www.facebook.com/ads/library/?active_status=active&ad_type=all&country=US&search_type=keyword_unordered&q=CARDIOTHORACIC%20SURGERY%20OF%20HYDE%20PARK%20INC,https://adstransparency.google.com/?region=US&query=CARDIOTHORACIC%20SURGERY%20OF%20HYDE%20PARK%20INC,1093024333
561,2010-10-05,15.6,Org,"GERALD H DOMINGUEZ, MD PA",Gastroenterology,4710 N HABANA AVE,TAMPA,FL,33614,813-872-7987,https://www.facebook.com/ads/library/?active_status=active&ad_type=all&country=US&search_type=keyword_unordered&q=GERALD%20H%20DOMINGUEZ%2C%20MD%20PA,https://adstransparency.google.com/?region=US&query=GERALD%20H%20DOMINGUEZ%2C%20MD%20PA,1356650535
562,2010-09-01,15.7,Org,BAY AREA HOSPITALISTS AND EXTENDED CARE PA,Primary Care,3001 W DR MARTIN LUTHER KING JR BLVD,TAMPA,FL,33607,813-890-8004,https://www.facebook.com/ads/library/?active_status=active&ad_type=all&country=US&search_type=keyword_unordered&q=BAY%20AREA%20HOSPITALISTS%20AND%20EXTENDED%20CARE%20PA,https://adstransparency.google.com/?region=US&query=BAY%20AREA%20HOSPITALISTS%20AND%20EXTENDED%20CARE%20PA,1679880447
563,2010-08-31,15.7,Org,JOHN ISAAC DELGADO M D P A,Gastroenterology,2919 W SWANN AVE,TAMPA,FL,33609,813-930-2829,https://www.facebook.com/ads/library/?active_status=active&ad_type=all&country=US&search_type=keyword_unordered&q=JOHN%20ISAAC%20DELGADO%20M%20D%20P%20A,https://adstransparency.google.com/?region=US&query=JOHN%20ISAAC%20DELGADO%20M%20D%20P%20A,1669788493
564,2010-08-20,15.8,Org,"BENJAMIN MENA, M.D. P.A.",Primary Care,2835 W DE LEON ST,TAMPA,FL,33609,813-443-0606,https://www.facebook.com/ads/library/?active_status=active&ad_type=all&country=US&search_type=keyword_unordered&q=BENJAMIN%20MENA%2C%20M.D.%20P.A.,https://adstransparency.google.com/?region=US&query=BENJAMIN%20MENA%2C%20M.D.%20P.A.,1316253982
565,2010-08-16,15.8,Org,"N.B. EDGERTON, JR., M.D., P.A.",Gastroenterology,4510 W BAY TO BAY BLVD,TAMPA,FL,33629,813-875-8650,https://www.facebook.com/ads/library/?active_status=active&ad_type=all&country=US&search_type=keyword_unordered&q=N.B.%20EDGERTON%2C%20JR.%2C%20M.D.%2C%20P.A.,https://adstransparency.google.com/?region=US&query=N.B.%20EDGERTON%2C%20JR.%2C%20M.D.%2C%20P.A.,1336454214
566,2010-08-13,15.8,Individual,GAYE FICARROTTA,OB-GYN,4705 ALT 19,PALM HARBOR,FL,34683,727-935-6477,https://www.facebook.com/ads/library/?active_status=active&ad_type=all&country=US&search_type=keyword_unordered&q=GAYE%20FICARROTTA,https://adstransparency.google.com/?region=US&query=GAYE%20FICARROTTA,1205141215
567,2010-08-05,15.8,Individual,GAURAV BANSODE,Primary Care,2906 17TH ST,SAINT CLOUD,FL,34769,407-892-2135,https://www.facebook.com/ads/library/?active_status=active&ad_type=all&country=US&search_type=keyword_unordered&q=GAURAV%20BANSODE,https://adstransparency.google.com/?region=US&query=GAURAV%20BANSODE,1134433857
568,2010-07-08,15.9,Individual,ELIZABETH ENSMINGER,Endocrinology,2501 W KENNEDY BLVD,TAMPA,FL,33609,813-844-1385,https://www.facebook.com/ads/library/?active_status=active&ad_type=all&country=US&search_type=keyword_unordered&q=ELIZABETH%20ENSMINGER,https://adstransparency.google.com/?region=US&query=ELIZABETH%20ENSMINGER,1427360361
569,2010-06-30,15.9,Individual,CHRISTOPHER NOBO,Gastroenterology,10573 BLOOMINGDALE RIDGE DR,RIVERVIEW,FL,33578,813-284-6574,https://www.facebook.com/ads/library/?active_status=active&ad_type=all&country=US&search_type=keyword_unordered&q=CHRISTOPHER%20NOBO,https://adstransparency.google.com/?region=US&query=CHRISTOPHER%20NOBO,1407167919
570,2010-06-28,15.9,Org,ADVANCED INTERGRATED MEDICINE INC,Primary Care,119 OAKFIELD DR,BRANDON,FL,33511,855-421-2733,https://www.facebook.com/ads/library/?active_status=active&ad_type=all&country=US&search_type=keyword_unordered&q=ADVANCED%20INTERGRATED%20MEDICINE%20INC,https://adstransparency.google.com/?region=US&query=ADVANCED%20INTERGRATED%20MEDICINE%20INC,1164733861
571,2010-06-22,15.9,Org,DHIRAJ WARMAN MD PA,Cardiology,10441 QUALITY DR STE 300,SPRING HILL,FL,34609,352-683-3136,https://www.facebook.com/ads/library/?active_status=active&ad_type=all&country=US&search_type=keyword_unordered&q=DHIRAJ%20WARMAN%20MD%20PA,https://adstransparency.google.com/?region=US&query=DHIRAJ%20WARMAN%20MD%20PA,1861713018
572,2010-06-22,15.9,Individual,KATIE PROPST,OB-GYN,9500 EUCLID AVE,CLEVELAND,OH,44195,216-445-4877,https://www.facebook.com/ads/library/?active_status=active&ad_type=all&country=US&search_type=keyword_unordered&q=KATIE%20PROPST,https://adstransparency.google.com/?region=US&query=KATIE%20PROPST,1609197888
573,2010-06-18,15.9,Org,"FRED I RABOW MD, PA",Cardiology,2919 W SWANN AVE,TAMPA,FL,33609,813-870-1747,https://www.facebook.com/ads/library/?active_status=active&ad_type=all&country=US&search_type=keyword_unordered&q=FRED%20I%20RABOW%20MD%2C%20PA,https://adstransparency.google.com/?region=US&query=FRED%20I%20RABOW%20MD%2C%20PA,1780905224
574,2010-06-15,15.9,Individual,HIRAM BEZERRA,Cardiology,2 TAMPA GENERAL CIR,TAMPA,FL,33606,813-974-2201,https://www.facebook.com/ads/library/?active_status=active&ad_type=all&country=US&search_type=keyword_unordered&q=HIRAM%20BEZERRA,https://adstransparency.google.com/?region=US&query=HIRAM%20BEZERRA,1528389442
575,2010-06-09,16.0,Individual,ADETOLA LOUIS-JACQUES,OB-GYN,1600 SW ARCHER RD,GAINESVILLE,FL,32610,352-273-7584,https://www.facebook.com/ads/library/?active_status=active&ad_type=all&country=US&search_type=keyword_unordered&q=ADETOLA%20LOUIS-JACQUES,https://adstransparency.google.com/?region=US&query=ADETOLA%20LOUIS-JACQUES,1851611123
576,2010-06-06,16.0,Individual,MINA ELNEMR,Gastroenterology,7827 N DALE MABRY HWY STE 104,TAMPA,FL,33614,813-600-3709,https://www.facebook.com/ads/library/?active_status=active&ad_type=all&country=US&search_type=keyword_unordered&q=MINA%20ELNEMR,https://adstransparency.google.com/?region=US&query=MINA%20ELNEMR,1760702302
577,2010-05-20,16.0,Individual,OLIVER ABELA,Primary Care,9981 S HEALTHPARK DR,FORT MYERS,FL,33908,239-343-5820,https://www.facebook.com/ads/library/?active_status=active&ad_type=all&country=US&search_type=keyword_unordered&q=OLIVER%20ABELA,https://adstransparency.google.com/?region=US&query=OLIVER%20ABELA,1659690337
578,2010-05-20,16.0,Individual,OMAR SANTANA HERNANDEZ,Endocrinology,2106 S LOIS AVE,TAMPA,FL,33629,813-844-4200,https://www.facebook.com/ads/library/?active_status=active&ad_type=all&country=US&search_type=keyword_unordered&q=OMAR%20SANTANA%20HERNANDEZ,https://adstransparency.google.com/?region=US&query=OMAR%20SANTANA%20HERNANDEZ,1104145705
579,2010-05-19,16.0,Org,EDMUND G GRANT MD PA,Psychiatry,13801 BRUCE B DOWNS BLVD,TAMPA,FL,33613,813-971-8811,https://www.facebook.com/ads/library/?active_status=active&ad_type=all&country=US&search_type=keyword_unordered&q=EDMUND%20G%20GRANT%20MD%20PA,https://adstransparency.google.com/?region=US&query=EDMUND%20G%20GRANT%20MD%20PA,1962721761
580,2010-05-18,16.0,Individual,NILSA DE JESUS ROSARIO,Psychiatry,5707 N 22ND ST,TAMPA,FL,33610,813-272-2244,https://www.facebook.com/ads/library/?active_status=active&ad_type=all&country=US&search_type=keyword_unordered&q=NILSA%20DE%20JESUS%20ROSARIO,https://adstransparency.google.com/?region=US&query=NILSA%20DE%20JESUS%20ROSARIO,1134448095
581,2010-05-04,16.1,Individual,JASON FELIBERTI,Cardiology,5 TAMPA GENERAL CIR,TAMPA,FL,33606,813-251-0793,https://www.facebook.com/ads/library/?active_status=active&ad_type=all&country=US&search_type=keyword_unordered&q=JASON%20FELIBERTI,https://adstransparency.google.com/?region=US&query=JASON%20FELIBERTI,1811215692
582,2010-04-29,16.1,Individual,BRIAN GADBOIS,Psychiatry,825 W LINEBAUGH AVE,TAMPA,FL,33612,813-931-5560,https://www.facebook.com/ads/library/?active_status=active&ad_type=all&country=US&search_type=keyword_unordered&q=BRIAN%20GADBOIS,https://adstransparency.google.com/?region=US&query=BRIAN%20GADBOIS,1316264435
583,2010-04-29,16.1,Individual,CHETAN GANDHY,Psychiatry,13330 USF LAUREL DR.,TAMPA,FL,33612,813-396-9478,https://www.facebook.com/ads/library/?active_status=active&ad_type=all&country=US&search_type=keyword_unordered&q=CHETAN%20GANDHY,https://adstransparency.google.com/?region=US&query=CHETAN%20GANDHY,1225355340
584,2010-04-26,16.1,Individual,MILAN PATEL,Gastroenterology,33920 US 19 N STE 124,PALM HARBOR,FL,34684,727-785-7654,https://www.facebook.com/ads/library/?active_status=active&ad_type=all&country=US&search_type=keyword_unordered&q=MILAN%20PATEL,https://adstransparency.google.com/?region=US&query=MILAN%20PATEL,1043537335
585,2010-04-22,16.1,Individual,ALEX DEEM,Psychiatry,13000 BRUCE B DOWNS BLVD,TAMPA,FL,33612,813-360-2277,https://www.facebook.com/ads/library/?active_status=active&ad_type=all&country=US&search_type=keyword_unordered&q=ALEX%20DEEM,https://adstransparency.google.com/?region=US&query=ALEX%20DEEM,1669799243
586,2010-04-21,16.1,Individual,MINAL AHSON,Primary Care,5 TAMPA GENERAL CIR # 750,TAMPA,FL,33606,813-844-3397,https://www.facebook.com/ads/library/?active_status=active&ad_type=all&country=US&search_type=keyword_unordered&q=MINAL%20AHSON,https://adstransparency.google.com/?region=US&query=MINAL%20AHSON,1124345749
587,2010-04-08,16.1,Individual,JOANNA BARRIS,Primary Care,1 TAMPA GENERAL CIR,TAMPA,FL,33606,813-844-3397,https://www.facebook.com/ads/library/?active_status=active&ad_type=all&country=US&search_type=keyword_unordered&q=JOANNA%20BARRIS,https://adstransparency.google.com/?region=US&query=JOANNA%20BARRIS,1083930655
588,2010-04-08,16.1,Individual,JING-YI CHERN,OB-GYN,12902 USF MAGNOLIA DR,TAMPA,FL,33612,813-745-7365,https://www.facebook.com/ads/library/?active_status=active&ad_type=all&country=US&search_type=keyword_unordered&q=JING-YI%20CHERN,https://adstransparency.google.com/?region=US&query=JING-YI%20CHERN,1093031676
589,2010-04-05,16.1,Individual,SHIRRIN AHMADI-DAVIS,Psychiatry,2727 W MLK BLVD,TAMPA,FL,33607,813-872-7582,https://www.facebook.com/ads/library/?active_status=active&ad_type=all&country=US&search_type=keyword_unordered&q=SHIRRIN%20AHMADI-DAVIS,https://adstransparency.google.com/?region=US&query=SHIRRIN%20AHMADI-DAVIS,1396060174
590,2010-03-31,16.2,Individual,SAPNA DHAWAN,Psychiatry,4918 N HABANA AVE,TAMPA,FL,33614,866-762-1743,https://www.facebook.com/ads/library/?active_status=active&ad_type=all&country=US&search_type=keyword_unordered&q=SAPNA%20DHAWAN,https://adstransparency.google.com/?region=US&query=SAPNA%20DHAWAN,1255656419
591,2010-03-25,16.2,Individual,FELIPE ALVARADO AMADO,Primary Care,5130 SUNFOREST DR STE 300,TAMPA,FL,33634,727-824-0780,https://www.facebook.com/ads/library/?active_status=active&ad_type=all&country=US&search_type=keyword_unordered&q=FELIPE%20ALVARADO%20AMADO,https://adstransparency.google.com/?region=US&query=FELIPE%20ALVARADO%20AMADO,1023332657
592,2010-03-16,16.2,Individual,MICHAEL ALVAREZ,Primary Care,4620 N HABANA AVE,TAMPA,FL,33614,813-875-9362,https://www.facebook.com/ads/library/?active_status=active&ad_type=all&country=US&search_type=keyword_unordered&q=MICHAEL%20ALVAREZ,https://adstransparency.google.com/?region=US&query=MICHAEL%20ALVAREZ,1366766628
593,2010-03-16,16.2,Individual,PAUL GERCZUK,Cardiology,14320 BRUCE B DOWNS BLVD,TAMPA,FL,33613,813-280-8181,https://www.facebook.com/ads/library/?active_status=active&ad_type=all&country=US&search_type=keyword_unordered&q=PAUL%20GERCZUK,https://adstransparency.google.com/?region=US&query=PAUL%20GERCZUK,1619291994
594,2010-03-15,16.2,Individual,ARTUR DESANETO,Cardiology,2727 W DR MARTIN LUTHER KING JR BLVD,TAMPA,FL,33607,813-873-0000,https://www.facebook.com/ads/library/?active_status=active&ad_type=all&country=US&search_type=keyword_unordered&q=ARTUR%20DESANETO,https://adstransparency.google.com/?region=US&query=ARTUR%20DESANETO,1205150661
595,2010-02-22,16.3,Individual,JULIANN LAZZARO,OB-GYN,1307 S PINE AVE,OCALA,FL,34471,352-368-2238,https://www.facebook.com/ads/library/?active_status=active&ad_type=all&country=US&search_type=keyword_unordered&q=JULIANN%20LAZZARO,https://adstransparency.google.com/?region=US&query=JULIANN%20LAZZARO,1841512688
596,2010-02-08,16.3,Individual,STEPHANIE ROS SAPOSNIK,OB-GYN,2 TAMPA GENERAL CIR,TAMPA,FL,33606,813-259-8500,https://www.facebook.com/ads/library/?active_status=active&ad_type=all&country=US&search_type=keyword_unordered&q=STEPHANIE%20ROS%20SAPOSNIK,https://adstransparency.google.com/?region=US&query=STEPHANIE%20ROS%20SAPOSNIK,1396077962
597,2010-01-20,16.3,Org,"ACCORD MEDICAL GROUP,PLLC",Primary Care,5112 N HABANA AVE,TAMPA,FL,33614,813-374-2406,https://www.facebook.com/ads/library/?active_status=active&ad_type=all&country=US&search_type=keyword_unordered&q=ACCORD%20MEDICAL%20GROUP%2CPLLC,https://adstransparency.google.com/?region=US&query=ACCORD%20MEDICAL%20GROUP%2CPLLC,1528399276
598,2009-12-22,16.4,Org,JOSE C DOMINGUEZ MD PA,Cardiology,4600 N HABANA AVE,TAMPA,FL,33614,813-877-9449,https://www.facebook.com/ads/library/?active_status=active&ad_type=all&country=US&search_type=keyword_unordered&q=JOSE%20C%20DOMINGUEZ%20MD%20PA,https://adstransparency.google.com/?region=US&query=JOSE%20C%20DOMINGUEZ%20MD%20PA,1073842084
599,2009-12-07,16.5,Individual,ANTONIO CASTELLVI,Primary Care,1919 W SWANN AVE,TAMPA,FL,33606,813-254-8055,https://www.facebook.com/ads/library/?active_status=active&ad_type=all&country=US&search_type=keyword_unordered&q=ANTONIO%20CASTELLVI,https://adstransparency.google.com/?region=US&query=ANTONIO%20CASTELLVI,1700114527
600,2009-11-09,16.5,Individual,RENEE MARCHIONI BEERY,Gastroenterology,13330 USF LAUREL DR FL 6,TAMPA,FL,33612,813-974-3980,https://www.facebook.com/ads/library/?active_status=active&ad_type=all&country=US&search_type=keyword_unordered&q=RENEE%20MARCHIONI%20BEERY,https://adstransparency.google.com/?region=US&query=RENEE%20MARCHIONI%20BEERY,1750618955
601,2009-10-22,16.6,Individual,NANCY DINWOODIE,Psychiatry,3515 HEARDS FERRY DR,TAMPA,FL,33618,813-963-2846,https://www.facebook.com/ads/library/?active_status=active&ad_type=all&country=US&search_type=keyword_unordered&q=NANCY%20DINWOODIE,https://adstransparency.google.com/?region=US&query=NANCY%20DINWOODIE,1497081624
602,2009-10-08,16.6,Org,"CAROLYN M. CAREY, MD, PA",Psychiatry,12220 BRUCE B DOWNS BLVD,TAMPA,FL,33612,727-767-8181,https://www.facebook.com/ads/library/?active_status=active&ad_type=all&country=US&search_type=keyword_unordered&q=CAROLYN%20M.%20CAREY%2C%20MD%2C%20PA,https://adstransparency.google.com/?region=US&query=CAROLYN%20M.%20CAREY%2C%20MD%2C%20PA,1659606606
603,2009-09-21,16.7,Org,KEVIN J MAKATI MD PL,Cardiology,4211 VAN DYKE RD,LUTZ,FL,33558,813-418-0100,https://www.facebook.com/ads/library/?active_status=active&ad_type=all&country=US&search_type=keyword_unordered&q=KEVIN%20J%20MAKATI%20MD%20PL,https://adstransparency.google.com/?region=US&query=KEVIN%20J%20MAKATI%20MD%20PL,1922332212
604,2009-09-17,16.7,Org,MORRIS R HANAN MD PA,Gastroenterology,508 S HABANA AVE,TAMPA,FL,33609,813-876-9191,https://www.facebook.com/ads/library/?active_status=active&ad_type=all&country=US&search_type=keyword_unordered&q=MORRIS%20R%20HANAN%20MD%20PA,https://adstransparency.google.com/?region=US&query=MORRIS%20R%20HANAN%20MD%20PA,1144553587
605,2009-09-16,16.7,Org,I V S NATH MD FRCP PA,Gastroenterology,6217 66TH ST,PINELLAS PARK,FL,33781,727-546-1680,https://www.facebook.com/ads/library/?active_status=active&ad_type=all&country=US&search_type=keyword_unordered&q=I%20V%20S%20NATH%20MD%20FRCP%20PA,https://adstransparency.google.com/?region=US&query=I%20V%20S%20NATH%20MD%20FRCP%20PA,1508199969
606,2009-09-13,16.7,Org,CHRISTOPHER J PASTORE MD PL,Cardiology,2605 W SWANN AVE,TAMPA,FL,33609,813-418-0100,https://www.facebook.com/ads/library/?active_status=active&ad_type=all&country=US&search_type=keyword_unordered&q=CHRISTOPHER%20J%20PASTORE%20MD%20PL,https://adstransparency.google.com/?region=US&query=CHRISTOPHER%20J%20PASTORE%20MD%20PL,1790018406
607,2009-09-01,16.7,Individual,THERESA DAM LOHMILLER,Primary Care,4541 S DALE MABRY HWY STE 100,TAMPA,FL,33611,813-533-7030,https://www.facebook.com/ads/library/?active_status=active&ad_type=all&country=US&search_type=keyword_unordered&q=THERESA%20DAM%20LOHMILLER,https://adstransparency.google.com/?region=US&query=THERESA%20DAM%20LOHMILLER,1598998965
608,2009-08-28,16.7,Individual,RASHID SYED,Gastroenterology,409 BAYSHORE BLVD,TAMPA,FL,33606,813-844-5460,https://www.facebook.com/ads/library/?active_status=active&ad_type=all&country=US&search_type=keyword_unordered&q=RASHID%20SYED,https://adstransparency.google.com/?region=US&query=RASHID%20SYED,1083847768
609,2009-08-27,16.7,Org,ALEXANDER SONKIN MD PA,Primary Care,11012 N DALE MABRY HWY,TAMPA,FL,33618,813-968-9298,https://www.facebook.com/ads/library/?active_status=active&ad_type=all&country=US&search_type=keyword_unordered&q=ALEXANDER%20SONKIN%20MD%20PA,https://adstransparency.google.com/?region=US&query=ALEXANDER%20SONKIN%20MD%20PA,1811120645
610,2009-08-24,16.8,Individual,VALENTINA TARASOVA,Endocrinology,12902 USF MAGNOLIA DR,TAMPA,FL,33612,813-745-3778,https://www.facebook.com/ads/library/?active_status=active&ad_type=all&country=US&search_type=keyword_unordered&q=VALENTINA%20TARASOVA,https://adstransparency.google.com/?region=US&query=VALENTINA%20TARASOVA,1902039027
611,2009-08-24,16.8,Individual,JAIME CABALLERO,Cardiology,2727 W DR MARTIN LUTHER KING JR BLVD STE 800,TAMPA,FL,33607,873-813-0000,https://www.facebook.com/ads/library/?active_status=active&ad_type=all&country=US&search_type=keyword_unordered&q=JAIME%20CABALLERO,https://adstransparency.google.com/?region=US&query=JAIME%20CABALLERO,1851524953
612,2009-08-18,16.8,Individual,ASMA KHALIQ,Cardiology,100 E 77TH ST,NEW YORK,NY,10075,212-434-4215,https://www.facebook.com/ads/library/?active_status=active&ad_type=all&country=US&search_type=keyword_unordered&q=ASMA%20KHALIQ,https://adstransparency.google.com/?region=US&query=ASMA%20KHALIQ,1992937437
613,2009-08-18,16.8,Individual,ANAS ALSALEH,Gastroenterology,3000 MEDICAL PARK DR STE 500,TAMPA,FL,33613,813-615-7028,https://www.facebook.com/ads/library/?active_status=active&ad_type=all&country=US&search_type=keyword_unordered&q=ANAS%20ALSALEH,https://adstransparency.google.com/?region=US&query=ANAS%20ALSALEH,1538391065
614,2009-08-05,16.8,Individual,DEBABRATA BANDYOPADHYAY,Primary Care,2501 N ORANGE AVE STE 402,ORLANDO,FL,32804,407-303-3638,https://www.facebook.com/ads/library/?active_status=active&ad_type=all&country=US&search_type=keyword_unordered&q=DEBABRATA%20BANDYOPADHYAY,https://adstransparency.google.com/?region=US&query=DEBABRATA%20BANDYOPADHYAY,1942431135
615,2009-07-28,16.8,Individual,FAIZI AHMED,Psychiatry,4710 N HABANA AVE STE 203,TAMPA,FL,33614,813-995-1775,https://www.facebook.com/ads/library/?active_status=active&ad_type=all&country=US&search_type=keyword_unordered&q=FAIZI%20AHMED,https://adstransparency.google.com/?region=US&query=FAIZI%20AHMED,1356572119
616,2009-07-27,16.8,Individual,ANNE CSERE,Psychiatry,2 TAMPA GENERAL CIR,TAMPA,FL,33606,813-259-8577,https://www.facebook.com/ads/library/?active_status=active&ad_type=all&country=US&search_type=keyword_unordered&q=ANNE%20CSERE,https://adstransparency.google.com/?region=US&query=ANNE%20CSERE,1841420775
617,2009-07-20,16.8,Individual,JING BU,Psychiatry,89 ACCESS RD STE 24,NORWOOD,MA,02062,781-551-0999,https://www.facebook.com/ads/library/?active_status=active&ad_type=all&country=US&search_type=keyword_unordered&q=JING%20BU,https://adstransparency.google.com/?region=US&query=JING%20BU,1699905091
618,2009-07-15,16.9,Individual,DAVID BUXTON,Psychiatry,12902 USF MAGNOLIA DR,TAMPA,FL,33612,813-745-7365,https://www.facebook.com/ads/library/?active_status=active&ad_type=all&country=US&search_type=keyword_unordered&q=DAVID%20BUXTON,https://adstransparency.google.com/?region=US&query=DAVID%20BUXTON,1831329655
619,2009-06-26,16.9,Individual,ANTHONY BARAGA,Primary Care,3231 MCMULLEN BOOTH RD FL 1,SAFETY HARBOR,FL,34695,727-725-6905,https://www.facebook.com/ads/library/?active_status=active&ad_type=all&country=US&search_type=keyword_unordered&q=ANTHONY%20BARAGA,https://adstransparency.google.com/?region=US&query=ANTHONY%20BARAGA,1629206800
620,2009-06-24,16.9,Individual,JONATHAN KESHISHIAN,Gastroenterology,4301 N HABANA AVE,TAMPA,FL,33607,813-876-0951,https://www.facebook.com/ads/library/?active_status=active&ad_type=all&country=US&search_type=keyword_unordered&q=JONATHAN%20KESHISHIAN,https://adstransparency.google.com/?region=US&query=JONATHAN%20KESHISHIAN,1114155611
621,2009-06-24,16.9,Individual,JAVIER NIEVES-COSTAS,Gastroenterology,4301 N HABANA AVE,TAMPA,FL,33607,813-876-0951,https://www.facebook.com/ads/library/?active_status=active&ad_type=all&country=US&search_type=keyword_unordered&q=JAVIER%20NIEVES-COSTAS,https://adstransparency.google.com/?region=US&query=JAVIER%20NIEVES-COSTAS,1780812297
622,2009-06-19,16.9,Individual,MILDRED GARCIA RODRIGUEZ,Gastroenterology,10740 PALM RIVER RD STE 360,TAMPA,FL,33619,813-660-6400,https://www.facebook.com/ads/library/?active_status=active&ad_type=all&country=US&search_type=keyword_unordered&q=MILDRED%20GARCIA%20RODRIGUEZ,https://adstransparency.google.com/?region=US&query=MILDRED%20GARCIA%20RODRIGUEZ,1528295235
623,2009-06-17,16.9,Individual,ILEANA ACEVEDO,Primary Care,12780 RACE TRACK RD STE 300,TAMPA,FL,33626,813-792-9541,https://www.facebook.com/ads/library/?active_status=active&ad_type=all&country=US&search_type=keyword_unordered&q=ILEANA%20ACEVEDO,https://adstransparency.google.com/?region=US&query=ILEANA%20ACEVEDO,1902033905
624,2009-06-17,16.9,Individual,MILDRED BARNETT,Psychiatry,13000 BRUCE B DOWNS BLVD,TAMPA,FL,33612,813-631-7121,https://www.facebook.com/ads/library/?active_status=active&ad_type=all&country=US&search_type=keyword_unordered&q=MILDRED%20BARNETT,https://adstransparency.google.com/?region=US&query=MILDRED%20BARNETT,1659508679
625,2009-05-21,17.0,Individual,HYE SOOK CHON,OB-GYN,12902 USF MAGNOLIA DR,TAMPA,FL,33612,813-745-7205,https://www.facebook.com/ads/library/?active_status=active&ad_type=all&country=US&search_type=keyword_unordered&q=HYE%20SOOK%20CHON,https://adstransparency.google.com/?region=US&query=HYE%20SOOK%20CHON,1619102563
626,2009-05-20,17.0,Individual,MARY ANDERSON,OB-GYN,1513 W BUSCH BLVD,TAMPA,FL,33612,813-684-2229,https://www.facebook.com/ads/library/?active_status=active&ad_type=all&country=US&search_type=keyword_unordered&q=MARY%20ANDERSON,https://adstransparency.google.com/?region=US&query=MARY%20ANDERSON,1346475399
627,2009-05-19,17.0,Individual,LINETTE RIVERA,Endocrinology,2000 NW 87TH AVE STE 201,DORAL,FL,33172,305-434-8354,https://www.facebook.com/ads/library/?active_status=active&ad_type=all&country=US&search_type=keyword_unordered&q=LINETTE%20RIVERA,https://adstransparency.google.com/?region=US&query=LINETTE%20RIVERA,1447485446
628,2009-05-18,17.0,Individual,COREY AMMAN,Primary Care,119 OAKFIELD DR,BRANDON,FL,33511,855-421-2733,https://www.facebook.com/ads/library/?active_status=active&ad_type=all&country=US&search_type=keyword_unordered&q=COREY%20AMMAN,https://adstransparency.google.com/?region=US&query=COREY%20AMMAN,1336374529
629,2009-05-11,17.0,Individual,ALEJANDRO RODRIGUEZ,OB-GYN,2 TAMPA GENERAL CIR,TAMPA,FL,33606,813-259-8795,https://www.facebook.com/ads/library/?active_status=active&ad_type=all&country=US&search_type=keyword_unordered&q=ALEJANDRO%20RODRIGUEZ,https://adstransparency.google.com/?region=US&query=ALEJANDRO%20RODRIGUEZ,1285868943
630,2009-04-26,17.1,Individual,SHARON ROBERTSON,OB-GYN,1701 N SENATE BLVD,INDIANAPOLIS,IN,46202,888-484-3258,https://www.facebook.com/ads/library/?active_status=active&ad_type=all&country=US&search_type=keyword_unordered&q=SHARON%20ROBERTSON,https://adstransparency.google.com/?region=US&query=SHARON%20ROBERTSON,1891939567
631,2009-04-14,17.1,Individual,CRYSTAL JACOVINO,Endocrinology,4912 EBENSBURG DR,TAMPA,FL,33647,727-992-7493,https://www.facebook.com/ads/library/?active_status=active&ad_type=all&country=US&search_type=keyword_unordered&q=CRYSTAL%20JACOVINO,https://adstransparency.google.com/?region=US&query=CRYSTAL%20JACOVINO,1629211024
632,2009-03-27,17.2,Individual,ERJOLA BALLIU,Endocrinology,2111 W SWANN AVE STE 204,TAMPA,FL,33606,813-428-8606,https://www.facebook.com/ads/library/?active_status=active&ad_type=all&country=US&search_type=keyword_unordered&q=ERJOLA%20BALLIU,https://adstransparency.google.com/?region=US&query=ERJOLA%20BALLIU,1194967851
633,2009-03-13,17.2,Individual,DIMA ABDUL JABBAR,Primary Care,12902 USF MAGNOLIA DR,TAMPA,FL,33612,813-745-1600,https://www.facebook.com/ads/library/?active_status=active&ad_type=all&country=US&search_type=keyword_unordered&q=DIMA%20ABDUL%20JABBAR,https://adstransparency.google.com/?region=US&query=DIMA%20ABDUL%20JABBAR,1790926269
634,2009-02-12,17.3,Individual,BEEJAL SHAH,Endocrinology,13801 BRUCE B DOWNS BLVD STE 201,TAMPA,FL,33613,813-977-5557,https://www.facebook.com/ads/library/?active_status=active&ad_type=all&country=US&search_type=keyword_unordered&q=BEEJAL%20SHAH,https://adstransparency.google.com/?region=US&query=BEEJAL%20SHAH,1104065382
635,2009-02-10,17.3,Individual,ELIZABETH CARSON,OB-GYN,3438 LAWTON RD STE 1A,ORLANDO,FL,32803,407-868-8451,https://www.facebook.com/ads/library/?active_status=active&ad_type=all&country=US&search_type=keyword_unordered&q=ELIZABETH%20CARSON,https://adstransparency.google.com/?region=US&query=ELIZABETH%20CARSON,1205075538
636,2009-01-28,17.3,Individual,FRANCISCO DELGADO,Cardiology,3000 MEDICAL PARK DR STE 300,TAMPA,FL,33613,813-497-9661,https://www.facebook.com/ads/library/?active_status=active&ad_type=all&country=US&search_type=keyword_unordered&q=FRANCISCO%20DELGADO,https://adstransparency.google.com/?region=US&query=FRANCISCO%20DELGADO,1255579397
637,2009-01-08,17.4,Individual,MICHAEL HARRIS,Gastroenterology,3000 MEDICAL PARK DR STE 500,TAMPA,FL,33613,813-615-7028,https://www.facebook.com/ads/library/?active_status=active&ad_type=all&country=US&search_type=keyword_unordered&q=MICHAEL%20HARRIS,https://adstransparency.google.com/?region=US&query=MICHAEL%20HARRIS,1740427079
638,2008-12-31,17.4,Individual,NOMAN ASHRAF,Primary Care,2 TAMPA GENERAL CIR FL 3,TAMPA,FL,33606,813-844-7585,https://www.facebook.com/ads/library/?active_status=active&ad_type=all&country=US&search_type=keyword_unordered&q=NOMAN%20ASHRAF,https://adstransparency.google.com/?region=US&query=NOMAN%20ASHRAF,1437395191
639,2008-12-22,17.4,Org,"CHOICE HEALTH CARE, INC.",Primary Care,4700 N HABANA AVE STE 201,TAMPA,FL,33614,813-513-3030,https://www.facebook.com/ads/library/?active_status=active&ad_type=all&country=US&search_type=keyword_unordered&q=CHOICE%20HEALTH%20CARE%2C%20INC.,https://adstransparency.google.com/?region=US&query=CHOICE%20HEALTH%20CARE%2C%20INC.,1558507582
640,2008-11-22,17.5,Org,"CAROLYN M. CAREY, MD, PA",Psychiatry,2 TAMPA GENERAL CIR,TAMPA,FL,33606,727-767-8181,https://www.facebook.com/ads/library/?active_status=active&ad_type=all&country=US&search_type=keyword_unordered&q=CAROLYN%20M.%20CAREY%2C%20MD%2C%20PA,https://adstransparency.google.com/?region=US&query=CAROLYN%20M.%20CAREY%2C%20MD%2C%20PA,1437304102
641,2008-10-17,17.6,Individual,ELBA ARROYO-VELEZ,Primary Care,1903 E FLETCHER AVE,TAMPA,FL,33612,813-344-1084,https://www.facebook.com/ads/library/?active_status=active&ad_type=all&country=US&search_type=keyword_unordered&q=ELBA%20ARROYO-VELEZ,https://adstransparency.google.com/?region=US&query=ELBA%20ARROYO-VELEZ,1962654228
642,2008-10-10,17.6,Org,"BAYCARE MEDICAL GROUP PEDIATRIC WALK-IN, LLC",Primary Care,4902 EISENHOWER BLVD,TAMPA,FL,33634,813-636-2044,https://www.facebook.com/ads/library/?active_status=active&ad_type=all&country=US&search_type=keyword_unordered&q=BAYCARE%20MEDICAL%20GROUP%20PEDIATRIC%20WALK-IN%2C%20LLC,https://adstransparency.google.com/?region=US&query=BAYCARE%20MEDICAL%20GROUP%20PEDIATRIC%20WALK-IN%2C%20LLC,1679724488
643,2008-10-06,17.6,Org,MARY LEE JOSEY MD PA,OB-GYN,508 S HABANA AVE,TAMPA,FL,33609,813-873-1426,https://www.facebook.com/ads/library/?active_status=active&ad_type=all&country=US&search_type=keyword_unordered&q=MARY%20LEE%20JOSEY%20MD%20PA,https://adstransparency.google.com/?region=US&query=MARY%20LEE%20JOSEY%20MD%20PA,1780835082
644,2008-10-01,17.6,Individual,JAN BERRIOS COLON,Primary Care,620 10TH ST N,ST PETERSBURG,FL,33705,727-824-8325,https://www.facebook.com/ads/library/?active_status=active&ad_type=all&country=US&search_type=keyword_unordered&q=JAN%20BERRIOS%20COLON,https://adstransparency.google.com/?region=US&query=JAN%20BERRIOS%20COLON,1760633465
645,2008-09-24,17.7,Individual,SARAH OBICAN,OB-GYN,2 TAMPA GENERAL CIR,TAMPA,FL,33606,813-259-8500,https://www.facebook.com/ads/library/?active_status=active&ad_type=all&country=US&search_type=keyword_unordered&q=SARAH%20OBICAN,https://adstransparency.google.com/?region=US&query=SARAH%20OBICAN,1134379423
646,2008-09-10,17.7,Individual,SARA ROSENBAUM,OB-GYN,1411 S 14TH ST STE D,FERNANDINA BEACH,FL,32034,904-321-0064,https://www.facebook.com/ads/library/?active_status=active&ad_type=all&country=US&search_type=keyword_unordered&q=SARA%20ROSENBAUM,https://adstransparency.google.com/?region=US&query=SARA%20ROSENBAUM,1902055213
647,2008-09-03,17.7,Org,"ALL WOMEN'S HEALTH CENTER OF NORTH TAMPA, INC.",OB-GYN,14498 UNIVERSITY COVE PLACE,TAMPA,FL,33613,813-978-1919,https://www.facebook.com/ads/library/?active_status=active&ad_type=all&country=US&search_type=keyword_unordered&q=ALL%20WOMEN'S%20HEALTH%20CENTER%20OF%20NORTH%20TAMPA%2C%20INC.,https://adstransparency.google.com/?region=US&query=ALL%20WOMEN'S%20HEALTH%20CENTER%20OF%20NORTH%20TAMPA%2C%20INC.,1811145915
648,2008-09-03,17.7,Individual,TODD BESNOFF,OB-GYN,10917 N DALE MABRY HWY,TAMPA,FL,33618,813-431-4000,https://www.facebook.com/ads/library/?active_status=active&ad_type=all&country=US&search_type=keyword_unordered&q=TODD%20BESNOFF,https://adstransparency.google.com/?region=US&query=TODD%20BESNOFF,1770731747
649,2008-08-26,17.7,Org,"ALL WOMEN'S HEALTH CENTER OF TAMPA, INC.",OB-GYN,3330 W KENNEDY BLVD,TAMPA,FL,33609,813-874-0505,https://www.facebook.com/ads/library/?active_status=active&ad_type=all&country=US&search_type=keyword_unordered&q=ALL%20WOMEN'S%20HEALTH%20CENTER%20OF%20TAMPA%2C%20INC.,https://adstransparency.google.com/?region=US&query=ALL%20WOMEN'S%20HEALTH%20CENTER%20OF%20TAMPA%2C%20INC.,1982851457
650,2008-08-26,17.7,Individual,SONIA ANAND-NICHOLS,Psychiatry,2915 W BITTERS RD STE 201,SAN ANTONIO,TX,78248,484-351-8459,https://www.facebook.com/ads/library/?active_status=active&ad_type=all&country=US&search_type=keyword_unordered&q=SONIA%20ANAND-NICHOLS,https://adstransparency.google.com/?region=US&query=SONIA%20ANAND-NICHOLS,1427205939
651,2008-08-21,17.8,Individual,FARHAN ALI,Primary Care,3100 E FLETCHER AVE,TAMPA,FL,33613,407-303-7283,https://www.facebook.com/ads/library/?active_status=active&ad_type=all&country=US&search_type=keyword_unordered&q=FARHAN%20ALI,https://adstransparency.google.com/?region=US&query=FARHAN%20ALI,1629225529
652,2008-08-20,17.8,Individual,JERALYN ALLEN,Primary Care,38135 MARKET SQ,ZEPHYRHILLS,FL,33542,813-780-2155,https://www.facebook.com/ads/library/?active_status=active&ad_type=all&country=US&search_type=keyword_unordered&q=JERALYN%20ALLEN,https://adstransparency.google.com/?region=US&query=JERALYN%20ALLEN,1063669125
653,2008-08-15,17.8,Org,FLORIDA HEART RHYTHM INSTITUTE PL,Cardiology,5 TAMPA GENERAL CIRCLE,TAMPA,FL,33606,813-374-2177,https://www.facebook.com/ads/library/?active_status=active&ad_type=all&country=US&search_type=keyword_unordered&q=FLORIDA%20HEART%20RHYTHM%20INSTITUTE%20PL,https://adstransparency.google.com/?region=US&query=FLORIDA%20HEART%20RHYTHM%20INSTITUTE%20PL,1366698896
654,2008-08-15,17.8,Org,ISHWARI PRASAD MD PH D PA,Gastroenterology,14447 UNIVERSITY COVE PLACE,TAMPA,FL,33613,813-978-1769,https://www.facebook.com/ads/library/?active_status=active&ad_type=all&country=US&search_type=keyword_unordered&q=ISHWARI%20PRASAD%20MD%20PH%20D%20PA,https://adstransparency.google.com/?region=US&query=ISHWARI%20PRASAD%20MD%20PH%20D%20PA,1043466568
655,2008-08-14,17.8,Individual,ALEJANDRO RAMIREZ,Endocrinology,13000 BRUCE B DOWNS BLVD,TAMPA,FL,33612,813-972-2000,https://www.facebook.com/ads/library/?active_status=active&ad_type=all&country=US&search_type=keyword_unordered&q=ALEJANDRO%20RAMIREZ,https://adstransparency.google.com/?region=US&query=ALEJANDRO%20RAMIREZ,1184870719
656,2008-08-13,17.8,Individual,JASON CASTRO,Primary Care,2106 S LOIS AVE,TAMPA,FL,33629,813-844-4200,https://www.facebook.com/ads/library/?active_status=active&ad_type=all&country=US&search_type=keyword_unordered&q=JASON%20CASTRO,https://adstransparency.google.com/?region=US&query=JASON%20CASTRO,1154577930
657,2008-08-03,17.8,Individual,MOHAMMED ALI,Primary Care,16594 N DALE MABRY HWY,TAMPA,FL,33618,813-933-1944,https://www.facebook.com/ads/library/?active_status=active&ad_type=all&country=US&search_type=keyword_unordered&q=MOHAMMED%20ALI,https://adstransparency.google.com/?region=US&query=MOHAMMED%20ALI,1962668574
658,2008-07-28,17.8,Org,BAYSHORE MEDICAL GROUP P L,Primary Care,19947 TAMIAMI AVE,TAMPA,FL,33647,813-716-6959,https://www.facebook.com/ads/library/?active_status=active&ad_type=all&country=US&search_type=keyword_unordered&q=BAYSHORE%20MEDICAL%20GROUP%20P%20L,https://adstransparency.google.com/?region=US&query=BAYSHORE%20MEDICAL%20GROUP%20P%20L,1215192372
659,2008-07-25,17.8,Individual,JARED ADAMS,Primary Care,12301 S WESTERN AVE STE A1,OKLAHOMA CITY,OK,73170,405-254-7529,https://www.facebook.com/ads/library/?active_status=active&ad_type=all&country=US&search_type=keyword_unordered&q=JARED%20ADAMS,https://adstransparency.google.com/?region=US&query=JARED%20ADAMS,1184889446
660,2008-07-21,17.8,Org,JAIME F CASELLAS MD PA,Cardiology,4600 N HABANA AVE,TAMPA,FL,33614,813-870-3278,https://www.facebook.com/ads/library/?active_status=active&ad_type=all&country=US&search_type=keyword_unordered&q=JAIME%20F%20CASELLAS%20MD%20PA,https://adstransparency.google.com/?region=US&query=JAIME%20F%20CASELLAS%20MD%20PA,1780849612
661,2008-07-18,17.9,Individual,SUSAN BERARDINO,Gastroenterology,13000 BRUCE B DOWNS BLVD,TAMPA,FL,33612,813-972-2000,https://www.facebook.com/ads/library/?active_status=active&ad_type=all&country=US&search_type=keyword_unordered&q=SUSAN%20BERARDINO,https://adstransparency.google.com/?region=US&query=SUSAN%20BERARDINO,1902061948
662,2008-07-16,17.9,Individual,ASHISH AGGARWAL,Primary Care,4129 N ARMENIA AVE,TAMPA,FL,33607,813-879-3699,https://www.facebook.com/ads/library/?active_status=active&ad_type=all&country=US&search_type=keyword_unordered&q=ASHISH%20AGGARWAL,https://adstransparency.google.com/?region=US&query=ASHISH%20AGGARWAL,1871757104
663,2008-07-03,17.9,Individual,KAWTAR AL KHALLOUFI,Gastroenterology,409 BAYSHORE BLVD,TAMPA,FL,33606,813-844-5460,https://www.facebook.com/ads/library/?active_status=active&ad_type=all&country=US&search_type=keyword_unordered&q=KAWTAR%20AL%20KHALLOUFI,https://adstransparency.google.com/?region=US&query=KAWTAR%20AL%20KHALLOUFI,1639332166
664,2008-06-26,17.9,Org,"BICH-NGOC T. PHAM, MD, LLC",Primary Care,11011 COUNTRYWAY BLVD,TAMPA,FL,33626,813-749-0844,https://www.facebook.com/ads/library/?active_status=active&ad_type=all&country=US&search_type=keyword_unordered&q=BICH-NGOC%20T.%20PHAM%2C%20MD%2C%20LLC,https://adstransparency.google.com/?region=US&query=BICH-NGOC%20T.%20PHAM%2C%20MD%2C%20LLC,1497917082
665,2008-06-23,17.9,Individual,AKIF AHMAD,Primary Care,2501 W KENNEDY BLVD,TAMPA,FL,33609,813-844-1385,https://www.facebook.com/ads/library/?active_status=active&ad_type=all&country=US&search_type=keyword_unordered&q=AKIF%20AHMAD,https://adstransparency.google.com/?region=US&query=AKIF%20AHMAD,1306007216
666,2008-06-23,17.9,Individual,SONAL PATEL,Endocrinology,14014 N 46TH ST STE B,TAMPA,FL,33613,813-977-2020,https://www.facebook.com/ads/library/?active_status=active&ad_type=all&country=US&search_type=keyword_unordered&q=SONAL%20PATEL,https://adstransparency.google.com/?region=US&query=SONAL%20PATEL,1699936625
667,2008-06-22,17.9,Individual,CARLA DUFFOO,Gastroenterology,13000 BRUCE B. DOWNS BLVD (111B),TAMPA,FL,33612,813-972-2000,https://www.facebook.com/ads/library/?active_status=active&ad_type=all&country=US&search_type=keyword_unordered&q=CARLA%20DUFFOO,https://adstransparency.google.com/?region=US&query=CARLA%20DUFFOO,1043471014
668,2008-06-20,17.9,Individual,PUSHPAK TAUNK,Gastroenterology,13330 USF LAUREL DR,TAMPA,FL,33612,813-974-2201,https://www.facebook.com/ads/library/?active_status=active&ad_type=all&country=US&search_type=keyword_unordered&q=PUSHPAK%20TAUNK,https://adstransparency.google.com/?region=US&query=PUSHPAK%20TAUNK,1275794372
669,2008-06-20,17.9,Individual,HASSAN BOKHARI,Psychiatry,716 SEMINOLE BLVD,LARGO,FL,33770,727-238-3241,https://www.facebook.com/ads/library/?active_status=active&ad_type=all&country=US&search_type=keyword_unordered&q=HASSAN%20BOKHARI,https://adstransparency.google.com/?region=US&query=HASSAN%20BOKHARI,1811158082
670,2008-06-19,17.9,Org,F DEAN FAGHIH MD PA,Cardiology,3401 W WATERS AVE,TAMPA,FL,33614,813-932-6106,https://www.facebook.com/ads/library/?active_status=active&ad_type=all&country=US&search_type=keyword_unordered&q=F%20DEAN%20FAGHIH%20MD%20PA,https://adstransparency.google.com/?region=US&query=F%20DEAN%20FAGHIH%20MD%20PA,1205097540
671,2008-06-19,17.9,Individual,STANIA DEJESUS,Primary Care,1903 E FLETCHER AVE,TAMPA,FL,33612,813-344-1084,https://www.facebook.com/ads/library/?active_status=active&ad_type=all&country=US&search_type=keyword_unordered&q=STANIA%20DEJESUS,https://adstransparency.google.com/?region=US&query=STANIA%20DEJESUS,1205097516
672,2008-06-19,17.9,Individual,CHAD BAKER,Primary Care,12901 BRUCE B DOWNS BLVD,TAMPA,FL,33612,813-974-4835,https://www.facebook.com/ads/library/?active_status=active&ad_type=all&country=US&search_type=keyword_unordered&q=CHAD%20BAKER,https://adstransparency.google.com/?region=US&query=CHAD%20BAKER,1912168105
673,2008-06-17,17.9,Individual,RAMY NASR,Obesity Medicine,16504 US 301 S,WIMAUMA,FL,33598,813-642-1000,https://www.facebook.com/ads/library/?active_status=active&ad_type=all&country=US&search_type=keyword_unordered&q=RAMY%20NASR,https://adstransparency.google.com/?region=US&query=RAMY%20NASR,1063673630
674,2008-06-16,17.9,Individual,CHARLES GLOVER,Cardiology,688 23 1/2 RD STE 301,GRAND JUNCTION,CO,81505,970-644-4030,https://www.facebook.com/ads/library/?active_status=active&ad_type=all&country=US&search_type=keyword_unordered&q=CHARLES%20GLOVER,https://adstransparency.google.com/?region=US&query=CHARLES%20GLOVER,1891955456
675,2008-06-13,17.9,Individual,RENEE BASSALY,OB-GYN,3617 W HAMILTON AVE,TAMPA,FL,33614,813-467-4265,https://www.facebook.com/ads/library/?active_status=active&ad_type=all&country=US&search_type=keyword_unordered&q=RENEE%20BASSALY,https://adstransparency.google.com/?region=US&query=RENEE%20BASSALY,1235399130
676,2008-06-13,17.9,Individual,KINSHUK BOSE,Psychiatry,2621 CATTLEMEN RD STE 204,SARASOTA,FL,34232,941-326-3223,https://www.facebook.com/ads/library/?active_status=active&ad_type=all&country=US&search_type=keyword_unordered&q=KINSHUK%20BOSE,https://adstransparency.google.com/?region=US&query=KINSHUK%20BOSE,1598925497
677,2008-06-11,18.0,Individual,BROOKE RITTER,OB-GYN,1301 2ND AVE SW,LARGO,FL,33770,727-462-2229,https://www.facebook.com/ads/library/?active_status=active&ad_type=all&country=US&search_type=keyword_unordered&q=BROOKE%20RITTER,https://adstransparency.google.com/?region=US&query=BROOKE%20RITTER,1063672335
678,2008-06-10,18.0,Individual,SHARON ANDREWS,Psychiatry,2511 N RIVERSIDE DR,TAMPA,FL,33602,813-223-2089,https://www.facebook.com/ads/library/?active_status=active&ad_type=all&country=US&search_type=keyword_unordered&q=SHARON%20ANDREWS,https://adstransparency.google.com/?region=US&query=SHARON%20ANDREWS,1275793663
679,2008-06-05,18.0,Individual,MARY CAIN,OB-GYN,2 TAMPA GENERAL CIR,TAMPA,FL,33606,813-259-8500,https://www.facebook.com/ads/library/?active_status=active&ad_type=all&country=US&search_type=keyword_unordered&q=MARY%20CAIN,https://adstransparency.google.com/?region=US&query=MARY%20CAIN,1487813283
680,2008-06-05,18.0,Individual,KARI STIRLING,OB-GYN,13601 BRUCE B DOWNS BLVD,TAMPA,FL,33613,813-971-6909,https://www.facebook.com/ads/library/?active_status=active&ad_type=all&country=US&search_type=keyword_unordered&q=KARI%20STIRLING,https://adstransparency.google.com/?region=US&query=KARI%20STIRLING,1134388002
681,2008-06-03,18.0,Individual,JOHN JACOBS,Gastroenterology,13330 USF LAUREL DR,TAMPA,FL,33612,813-974-2201,https://www.facebook.com/ads/library/?active_status=active&ad_type=all&country=US&search_type=keyword_unordered&q=JOHN%20JACOBS,https://adstransparency.google.com/?region=US&query=JOHN%20JACOBS,1669631834
682,2008-06-02,18.0,Individual,PARUL ANEJA,Primary Care,4620 N HABANA AVE STE 202,TAMPA,FL,33614,813-450-3457,https://www.facebook.com/ads/library/?active_status=active&ad_type=all&country=US&search_type=keyword_unordered&q=PARUL%20ANEJA,https://adstransparency.google.com/?region=US&query=PARUL%20ANEJA,1124287511
683,2008-05-30,18.0,Individual,TARIQ SALMAN,Cardiology,13801 BRUCE B DOWNS BLVD,TAMPA,FL,33613,813-972-5090,https://www.facebook.com/ads/library/?active_status=active&ad_type=all&country=US&search_type=keyword_unordered&q=TARIQ%20SALMAN,https://adstransparency.google.com/?region=US&query=TARIQ%20SALMAN,1356509863
684,2008-05-09,18.0,Org,ATHENA L VALENCIA MD PA,Primary Care,8702 BAY LAUREL CT,TAMPA,FL,33647,813-973-8167,https://www.facebook.com/ads/library/?active_status=active&ad_type=all&country=US&search_type=keyword_unordered&q=ATHENA%20L%20VALENCIA%20MD%20PA,https://adstransparency.google.com/?region=US&query=ATHENA%20L%20VALENCIA%20MD%20PA,1770750705
685,2008-05-06,18.1,Individual,HENDRIKUS VANDERVELDT,Gastroenterology,2 TAMPA GENERAL CIR,TAMPA,FL,33606,813-821-8038,https://www.facebook.com/ads/library/?active_status=active&ad_type=all&country=US&search_type=keyword_unordered&q=HENDRIKUS%20VANDERVELDT,https://adstransparency.google.com/?region=US&query=HENDRIKUS%20VANDERVELDT,1700052008
686,2008-05-04,18.1,Individual,LUIS ALVARADO,Primary Care,13000 BRUCE B DOWNS BLVD,TAMPA,FL,33612,813-972-2000,https://www.facebook.com/ads/library/?active_status=active&ad_type=all&country=US&search_type=keyword_unordered&q=LUIS%20ALVARADO,https://adstransparency.google.com/?region=US&query=LUIS%20ALVARADO,1003082645
687,2008-05-02,18.1,Individual,DIANA REVENCO,Cardiology,6919 N DALE MABRY HWY STE 125,TAMPA,FL,33614,813-497-9661,https://www.facebook.com/ads/library/?active_status=active&ad_type=all&country=US&search_type=keyword_unordered&q=DIANA%20REVENCO,https://adstransparency.google.com/?region=US&query=DIANA%20REVENCO,1386810091
688,2008-04-28,18.1,Individual,SAURABH AGRAWAL,Primary Care,1717 S ORANGE AVE STE 103,ORLANDO,FL,32806,321-841-4344,https://www.facebook.com/ads/library/?active_status=active&ad_type=all&country=US&search_type=keyword_unordered&q=SAURABH%20AGRAWAL,https://adstransparency.google.com/?region=US&query=SAURABH%20AGRAWAL,1194990499
689,2008-04-24,18.1,Individual,PETER DASHKO,Primary Care,12026 NORTHUMBERLAND DR,TAMPA,FL,33626,813-760-4365,https://www.facebook.com/ads/library/?active_status=active&ad_type=all&country=US&search_type=keyword_unordered&q=PETER%20DASHKO,https://adstransparency.google.com/?region=US&query=PETER%20DASHKO,1982879581
690,2008-04-21,18.1,Individual,JEFFREY DANIEL,Psychiatry,13000 BRUCE B DOWNS BLVD,TAMPA,FL,33612,813-972-2000,https://www.facebook.com/ads/library/?active_status=active&ad_type=all&country=US&search_type=keyword_unordered&q=JEFFREY%20DANIEL,https://adstransparency.google.com/?region=US&query=JEFFREY%20DANIEL,1962676940
691,2008-04-14,18.1,Org,BAY CENTRAL MEDICAL GROUP,Primary Care,4712 N ARMENIA AVE,TAMPA,FL,33603,813-873-1725,https://www.facebook.com/ads/library/?active_status=active&ad_type=all&country=US&search_type=keyword_unordered&q=BAY%20CENTRAL%20MEDICAL%20GROUP,https://adstransparency.google.com/?region=US&query=BAY%20CENTRAL%20MEDICAL%20GROUP,1003080722
692,2008-04-14,18.1,Individual,KANNYA ASOKAN,Primary Care,17512 DONA MICHELLE DR STE 5,TAMPA,FL,33647,813-586-7600,https://www.facebook.com/ads/library/?active_status=active&ad_type=all&country=US&search_type=keyword_unordered&q=KANNYA%20ASOKAN,https://adstransparency.google.com/?region=US&query=KANNYA%20ASOKAN,1811161581
693,2008-04-13,18.1,Individual,NELLI BEJANYAN,Primary Care,12902 USF MAGNOLIA DR,TAMPA,FL,33612,813-745-7365,https://www.facebook.com/ads/library/?active_status=active&ad_type=all&country=US&search_type=keyword_unordered&q=NELLI%20BEJANYAN,https://adstransparency.google.com/?region=US&query=NELLI%20BEJANYAN,1205009024
694,2008-04-09,18.1,Individual,AARTI PATEL,Cardiology,2 TAMPA GENERAL CIR,TAMPA,FL,33606,813-259-0600,https://www.facebook.com/ads/library/?active_status=active&ad_type=all&country=US&search_type=keyword_unordered&q=AARTI%20PATEL,https://adstransparency.google.com/?region=US&query=AARTI%20PATEL,1114190212
695,2008-04-01,18.1,Individual,RAYMOND MAUNG KHIN HOU,Cardiology,13000 BRUCE B DOWNS BLVD,TAMPA,FL,33612,813-972-2000,https://www.facebook.com/ads/library/?active_status=active&ad_type=all&country=US&search_type=keyword_unordered&q=RAYMOND%20MAUNG%20KHIN%20HOU,https://adstransparency.google.com/?region=US&query=RAYMOND%20MAUNG%20KHIN%20HOU,1508038456
696,2008-03-11,18.2,Individual,HEATHER AMOS,Primary Care,6488 N US HIGHWAY 41,APOLLO BEACH,FL,33572,813-844-7500,https://www.facebook.com/ads/library/?active_status=active&ad_type=all&country=US&search_type=keyword_unordered&q=HEATHER%20AMOS,https://adstransparency.google.com/?region=US&query=HEATHER%20AMOS,1962672584
697,2008-03-04,18.2,Org,ERIC WEINSTOCK MD PA,Psychiatry,1300 N WEST SHORE BLVD STE 240,TAMPA,FL,33607,813-636-8300,https://www.facebook.com/ads/library/?active_status=active&ad_type=all&country=US&search_type=keyword_unordered&q=ERIC%20WEINSTOCK%20MD%20PA,https://adstransparency.google.com/?region=US&query=ERIC%20WEINSTOCK%20MD%20PA,1386814481
698,2008-02-25,18.2,Org,ALEX ZELENKA MD PA,Primary Care,11321 COUNTRYWAY BLVD,TAMPA,FL,33626,813-814-4204,https://www.facebook.com/ads/library/?active_status=active&ad_type=all&country=US&search_type=keyword_unordered&q=ALEX%20ZELENKA%20MD%20PA,https://adstransparency.google.com/?region=US&query=ALEX%20ZELENKA%20MD%20PA,1932378882
699,2008-02-25,18.2,Individual,DONNA POWELL,Gastroenterology,5016 W CYPRESS ST STE 200,TAMPA,FL,33607,813-542-2589,https://www.facebook.com/ads/library/?active_status=active&ad_type=all&country=US&search_type=keyword_unordered&q=DONNA%20POWELL,https://adstransparency.google.com/?region=US&query=DONNA%20POWELL,1740459676
700,2008-02-12,18.3,Individual,CLARA CUEBAS-JIMENEZ,Psychiatry,2835 W. DE LEON STREET STE 205,TAMPA,FL,33609,813-873-1218,https://www.facebook.com/ads/library/?active_status=active&ad_type=all&country=US&search_type=keyword_unordered&q=CLARA%20CUEBAS-JIMENEZ,https://adstransparency.google.com/?region=US&query=CLARA%20CUEBAS-JIMENEZ,1548438682
701,2008-01-30,18.3,Org,TANIA PAQUIN LOZANO MD PA,Endocrinology,6101 WEBB RD,TAMPA,FL,33615,813-901-5038,https://www.facebook.com/ads/library/?active_status=active&ad_type=all&country=US&search_type=keyword_unordered&q=TANIA%20PAQUIN%20LOZANO%20MD%20PA,https://adstransparency.google.com/?region=US&query=TANIA%20PAQUIN%20LOZANO%20MD%20PA,1508043696
702,2008-01-30,18.3,Individual,MARK FRIEDMAN,Gastroenterology,12902 USF MAGNOLIA DR,TAMPA,FL,33612,813-745-4673,https://www.facebook.com/ads/library/?active_status=active&ad_type=all&country=US&search_type=keyword_unordered&q=MARK%20FRIEDMAN,https://adstransparency.google.com/?region=US&query=MARK%20FRIEDMAN,1538346705
703,2008-01-24,18.3,Individual,DENNIS LAFFER,Gastroenterology,4301 N HABANA AVE,TAMPA,FL,33607,813-876-0951,https://www.facebook.com/ads/library/?active_status=active&ad_type=all&country=US&search_type=keyword_unordered&q=DENNIS%20LAFFER,https://adstransparency.google.com/?region=US&query=DENNIS%20LAFFER,1790962405
704,2008-01-23,18.3,Org,MELROSE WOMEN'S CARE,OB-GYN,2919 W. SWANN AVE,TAMPA,FL,33609,813-569-0740,https://www.facebook.com/ads/library/?active_status=active&ad_type=all&country=US&search_type=keyword_unordered&q=MELROSE%20WOMEN'S%20CARE,https://adstransparency.google.com/?region=US&query=MELROSE%20WOMEN'S%20CARE,1376720128
705,2008-01-15,18.4,Individual,HERVE CENATUS,Primary Care,8213 W WATERS AVE,TAMPA,FL,33615,813-490-5420,https://www.facebook.com/ads/library/?active_status=active&ad_type=all&country=US&search_type=keyword_unordered&q=HERVE%20CENATUS,https://adstransparency.google.com/?region=US&query=HERVE%20CENATUS,1467638940
706,2008-01-06,18.4,Individual,BENJAMIN MACKIE,Cardiology,5 TAMPA GENERAL CIR STE 300,TAMPA,FL,33606,813-251-0793,https://www.facebook.com/ads/library/?active_status=active&ad_type=all&country=US&search_type=keyword_unordered&q=BENJAMIN%20MACKIE,https://adstransparency.google.com/?region=US&query=BENJAMIN%20MACKIE,1346425683
707,2007-12-26,18.4,Individual,COEURLIDA ASHBY,Primary Care,3402 N 22ND ST,TAMPA,FL,33605,813-272-6240,https://www.facebook.com/ads/library/?active_status=active&ad_type=all&country=US&search_type=keyword_unordered&q=COEURLIDA%20ASHBY,https://adstransparency.google.com/?region=US&query=COEURLIDA%20ASHBY,1215111299
708,2007-12-05,18.5,Individual,MALISSA KIRSTEN,OB-GYN,6885 BELFORT OAKS PL STE 300,JACKSONVILLE,FL,32216,904-296-4200,https://www.facebook.com/ads/library/?active_status=active&ad_type=all&country=US&search_type=keyword_unordered&q=MALISSA%20KIRSTEN,https://adstransparency.google.com/?region=US&query=MALISSA%20KIRSTEN,1285816892
709,2007-11-29,18.5,Org,LUIS J LOPEZ MD PA,Gastroenterology,4700 N. HABANA AVE,TAMPA,FL,33614,813-324-5888,https://www.facebook.com/ads/library/?active_status=active&ad_type=all&country=US&search_type=keyword_unordered&q=LUIS%20J%20LOPEZ%20MD%20PA,https://adstransparency.google.com/?region=US&query=LUIS%20J%20LOPEZ%20MD%20PA,1538341789
710,2007-11-08,18.5,Org,IMAD AL-NAKSHABENDI M D P A,Gastroenterology,671 S KINGS AVE,BRANDON,FL,33511,813-972-3750,https://www.facebook.com/ads/library/?active_status=active&ad_type=all&country=US&search_type=keyword_unordered&q=IMAD%20AL-NAKSHABENDI%20M%20D%20P%20A,https://adstransparency.google.com/?region=US&query=IMAD%20AL-NAKSHABENDI%20M%20D%20P%20A,1093995821
711,2007-11-03,18.6,Individual,SYED AL-HASSAN,Primary Care,7747 W HILLSBOROUGH AVE,TAMPA,FL,33615,813-549-3800,https://www.facebook.com/ads/library/?active_status=active&ad_type=all&country=US&search_type=keyword_unordered&q=SYED%20AL-HASSAN,https://adstransparency.google.com/?region=US&query=SYED%20AL-HASSAN,1679753909
712,2007-10-26,18.6,Org,SARAH KLINE MD,OB-GYN,13601 BRUCE B DOWNS BLVD,TAMPA,FL,33613,813-632-7070,https://www.facebook.com/ads/library/?active_status=active&ad_type=all&country=US&search_type=keyword_unordered&q=SARAH%20KLINE%20MD,https://adstransparency.google.com/?region=US&query=SARAH%20KLINE%20MD,1003095035
713,2007-10-18,18.6,Org,ASHOK BHAT M.D. PA,Primary Care,613 W DR MARTIN LUTHER KING JR BLVD,TAMPA,FL,33603,813-237-1958,https://www.facebook.com/ads/library/?active_status=active&ad_type=all&country=US&search_type=keyword_unordered&q=ASHOK%20BHAT%20M.D.%20PA,https://adstransparency.google.com/?region=US&query=ASHOK%20BHAT%20M.D.%20PA,1245429919
714,2007-10-17,18.6,Org,DAVID R HEIMAN M D P A,Gastroenterology,4224 N TAMPANIA AVE,TAMPA,FL,33607,813-877-3913,https://www.facebook.com/ads/library/?active_status=active&ad_type=all&country=US&search_type=keyword_unordered&q=DAVID%20R%20HEIMAN%20M%20D%20P%20A,https://adstransparency.google.com/?region=US&query=DAVID%20R%20HEIMAN%20M%20D%20P%20A,1629267430
715,2007-10-17,18.6,Org,"MAZEN KATTIH,MD, PA.",Gastroenterology,116 PARSONS PARK DR,BRANDON,FL,33511,813-571-0500,https://www.facebook.com/ads/library/?active_status=active&ad_type=all&country=US&search_type=keyword_unordered&q=MAZEN%20KATTIH%2CMD%2C%20PA.,https://adstransparency.google.com/?region=US&query=MAZEN%20KATTIH%2CMD%2C%20PA.,1356530133
716,2007-10-17,18.6,Individual,PHONG ONG,Cardiology,2 TAMPA GENERAL CIR,TAMPA,FL,33606,813-821-8038,https://www.facebook.com/ads/library/?active_status=active&ad_type=all&country=US&search_type=keyword_unordered&q=PHONG%20ONG,https://adstransparency.google.com/?region=US&query=PHONG%20ONG,1932398740
717,2007-10-17,18.6,Individual,JOSE DUNCAN AROSEMENA,OB-GYN,2 TAMPA GENERAL CIR FL CIRCLE6,TAMPA,FL,33606,813-974-2201,https://www.facebook.com/ads/library/?active_status=active&ad_type=all&country=US&search_type=keyword_unordered&q=JOSE%20DUNCAN%20AROSEMENA,https://adstransparency.google.com/?region=US&query=JOSE%20DUNCAN%20AROSEMENA,1871782748
718,2007-09-26,18.7,Individual,PHILIPPE CHAIN,Primary Care,214 MORRISON RD,BRANDON,FL,33511,813-844-4300,https://www.facebook.com/ads/library/?active_status=active&ad_type=all&country=US&search_type=keyword_unordered&q=PHILIPPE%20CHAIN,https://adstransparency.google.com/?region=US&query=PHILIPPE%20CHAIN,1265629042
719,2007-09-25,18.7,Individual,ALI BOZORG,Psychiatry,2 TAMPA GENERAL CIR,TAMPA,FL,33606,813-974-8577,https://www.facebook.com/ads/library/?active_status=active&ad_type=all&country=US&search_type=keyword_unordered&q=ALI%20BOZORG,https://adstransparency.google.com/?region=US&query=ALI%20BOZORG,1689861510
720,2007-09-24,18.7,Org,ANTI-AGING & WELLNESS MEDICAL CENTER,Primary Care,1502 S MACDILL AVE,TAMPA,FL,33629,813-253-3223,https://www.facebook.com/ads/library/?active_status=active&ad_type=all&country=US&search_type=keyword_unordered&q=ANTI-AGING%20%26%20WELLNESS%20MEDICAL%20CENTER,https://adstransparency.google.com/?region=US&query=ANTI-AGING%20%26%20WELLNESS%20MEDICAL%20CENTER,1548456486
721,2007-09-21,18.7,Org,R DAVID SHEPARD MD PA,Gastroenterology,4224 N TAMPANIA AVE,TAMPA,FL,33607,813-876-5089,https://www.facebook.com/ads/library/?active_status=active&ad_type=all&country=US&search_type=keyword_unordered&q=R%20DAVID%20SHEPARD%20MD%20PA,https://adstransparency.google.com/?region=US&query=R%20DAVID%20SHEPARD%20MD%20PA,1346436409
722,2007-09-13,18.7,Individual,GWENDOLYN CLAYTON,Primary Care,13330 USF LAUREL DR,TAMPA,FL,33612,813-974-2201,https://www.facebook.com/ads/library/?active_status=active&ad_type=all&country=US&search_type=keyword_unordered&q=GWENDOLYN%20CLAYTON,https://adstransparency.google.com/?region=US&query=GWENDOLYN%20CLAYTON,1073708962
723,2007-09-13,18.7,Individual,RYAN ADAMI,Primary Care,2506 S MACDILL AVE,TAMPA,FL,33629,813-402-8779,https://www.facebook.com/ads/library/?active_status=active&ad_type=all&country=US&search_type=keyword_unordered&q=RYAN%20ADAMI,https://adstransparency.google.com/?region=US&query=RYAN%20ADAMI,1265627152
724,2007-08-31,18.7,Org,ANTONIO BUNKER-HUERTAS MD PL,Primary Care,7001 N DALE MABRY HWY,TAMPA,FL,33614,813-932-2848,https://www.facebook.com/ads/library/?active_status=active&ad_type=all&country=US&search_type=keyword_unordered&q=ANTONIO%20BUNKER-HUERTAS%20MD%20PL,https://adstransparency.google.com/?region=US&query=ANTONIO%20BUNKER-HUERTAS%20MD%20PL,1942494927
725,2007-08-31,18.7,Individual,NADIA ANGOV,Primary Care,2 COLUMBIA DR,TAMPA,FL,33606,813-844-7412,https://www.facebook.com/ads/library/?active_status=active&ad_type=all&country=US&search_type=keyword_unordered&q=NADIA%20ANGOV,https://adstransparency.google.com/?region=US&query=NADIA%20ANGOV,1427242528
726,2007-08-31,18.7,Individual,RICARDO PRIETO,Gastroenterology,14547 BRUCE B DOWNS BLVD,TAMPA,FL,33613,813-280-7100,https://www.facebook.com/ads/library/?active_status=active&ad_type=all&country=US&search_type=keyword_unordered&q=RICARDO%20PRIETO,https://adstransparency.google.com/?region=US&query=RICARDO%20PRIETO,1962696088
727,2007-08-30,18.7,Individual,MIAN SHAHZAD,OB-GYN,12902 USF MAGNOLIA DR,TAMPA,FL,33612,813-745-7205,https://www.facebook.com/ads/library/?active_status=active&ad_type=all&country=US&search_type=keyword_unordered&q=MIAN%20SHAHZAD,https://adstransparency.google.com/?region=US&query=MIAN%20SHAHZAD,1881888022
728,2007-08-28,18.7,Individual,BUTROS BAZO,Primary Care,3001 W DR MARTIN LUTHER KING JR BLVD,TAMPA,FL,33607,813-870-4933,https://www.facebook.com/ads/library/?active_status=active&ad_type=all&country=US&search_type=keyword_unordered&q=BUTROS%20BAZO,https://adstransparency.google.com/?region=US&query=BUTROS%20BAZO,1144414673
729,2007-08-17,18.8,Individual,KAREN CASTELLANO,Primary Care,2810 W SAINT ISABEL ST STE 201,TAMPA,FL,33607,813-966-7428,https://www.facebook.com/ads/library/?active_status=active&ad_type=all&country=US&search_type=keyword_unordered&q=KAREN%20CASTELLANO,https://adstransparency.google.com/?region=US&query=KAREN%20CASTELLANO,1275725749
730,2007-08-17,18.8,Individual,NATALIA WEARE-REGALES,Endocrinology,409 BAYSHORE BLVD,TAMPA,FL,33606,813-844-9302,https://www.facebook.com/ads/library/?active_status=active&ad_type=all&country=US&search_type=keyword_unordered&q=NATALIA%20WEARE-REGALES,https://adstransparency.google.com/?region=US&query=NATALIA%20WEARE-REGALES,1437341906
731,2007-08-15,18.8,Individual,MARIAM ABREU RUIZ,Primary Care,38135 MARKET SQ,ZEPHYRHILLS,FL,33542,813-780-2155,https://www.facebook.com/ads/library/?active_status=active&ad_type=all&country=US&search_type=keyword_unordered&q=MARIAM%20ABREU%20RUIZ,https://adstransparency.google.com/?region=US&query=MARIAM%20ABREU%20RUIZ,1740472695
732,2007-08-14,18.8,Org,"BAY MEDICAL CENTER OF TAMPA, P.A.",Primary Care,7550 N DALE MABRY HWY,TAMPA,FL,33614,813-885-4706,https://www.facebook.com/ads/library/?active_status=active&ad_type=all&country=US&search_type=keyword_unordered&q=BAY%20MEDICAL%20CENTER%20OF%20TAMPA%2C%20P.A.,https://adstransparency.google.com/?region=US&query=BAY%20MEDICAL%20CENTER%20OF%20TAMPA%2C%20P.A.,1205028198
733,2007-08-14,18.8,Individual,SADY ALPIZAR,Primary Care,2713 W VIRGINIA AVE,TAMPA,FL,33607,813-873-8102,https://www.facebook.com/ads/library/?active_status=active&ad_type=all&country=US&search_type=keyword_unordered&q=SADY%20ALPIZAR,https://adstransparency.google.com/?region=US&query=SADY%20ALPIZAR,1013109958
734,2007-08-14,18.8,Individual,JONATHAN ALVIOR,Primary Care,1905 W BUSCH BLVD,TAMPA,FL,33612,813-365-3525,https://www.facebook.com/ads/library/?active_status=active&ad_type=all&country=US&search_type=keyword_unordered&q=JONATHAN%20ALVIOR,https://adstransparency.google.com/?region=US&query=JONATHAN%20ALVIOR,1154513067
735,2007-07-30,18.8,Individual,STEPHEN GERRISH,Gastroenterology,2605 W SWANN AVE,TAMPA,FL,33609,813-876-7073,https://www.facebook.com/ads/library/?active_status=active&ad_type=all&country=US&search_type=keyword_unordered&q=STEPHEN%20GERRISH,https://adstransparency.google.com/?region=US&query=STEPHEN%20GERRISH,1639369226
736,2007-07-26,18.8,Individual,BHASKAR ARYA,Psychiatry,2212 E HENRY AVE,TAMPA,FL,33610,813-272-3227,https://www.facebook.com/ads/library/?active_status=active&ad_type=all&country=US&search_type=keyword_unordered&q=BHASKAR%20ARYA,https://adstransparency.google.com/?region=US&query=BHASKAR%20ARYA,1194915090
737,2007-07-25,18.8,Individual,ARCHANA SWAMI,Endocrinology,6579 GUNN HWY,TAMPA,FL,33625,813-433-0035,https://www.facebook.com/ads/library/?active_status=active&ad_type=all&country=US&search_type=keyword_unordered&q=ARCHANA%20SWAMI,https://adstransparency.google.com/?region=US&query=ARCHANA%20SWAMI,1326248519
738,2007-07-25,18.8,Individual,ALFRED FRONTERA,Psychiatry,2 TAMPA GENERAL CIR,TAMPA,FL,33606,813-974-2201,https://www.facebook.com/ads/library/?active_status=active&ad_type=all&country=US&search_type=keyword_unordered&q=ALFRED%20FRONTERA,https://adstransparency.google.com/?region=US&query=ALFRED%20FRONTERA,1972703171
739,2007-07-19,18.9,Individual,STEPHANIE AUSTIN,OB-GYN,5802 N 30TH ST,TAMPA,FL,33610,813-236-5100,https://www.facebook.com/ads/library/?active_status=active&ad_type=all&country=US&search_type=keyword_unordered&q=STEPHANIE%20AUSTIN,https://adstransparency.google.com/?region=US&query=STEPHANIE%20AUSTIN,1013117084
740,2007-07-16,18.9,Org,WESTCHASE GASTROENTEROLOGY P A,Gastroenterology,11912 SHELDON RD STE B,TAMPA,FL,33626,813-920-8882,https://www.facebook.com/ads/library/?active_status=active&ad_type=all&country=US&search_type=keyword_unordered&q=WESTCHASE%20GASTROENTEROLOGY%20P%20A,https://adstransparency.google.com/?region=US&query=WESTCHASE%20GASTROENTEROLOGY%20P%20A,1356540785
741,2007-07-13,18.9,Individual,CHARLES COX,Primary Care,4200 W CYPRESS ST,TAMPA,FL,33607,813-830-6943,https://www.facebook.com/ads/library/?active_status=active&ad_type=all&country=US&search_type=keyword_unordered&q=CHARLES%20COX,https://adstransparency.google.com/?region=US&query=CHARLES%20COX,1164621850
742,2007-07-10,18.9,Individual,ANDREW BAIN,Gastroenterology,12902 USF MAGNOLIA DR,TAMPA,FL,33612,813-745-4673,https://www.facebook.com/ads/library/?active_status=active&ad_type=all&country=US&search_type=keyword_unordered&q=ANDREW%20BAIN,https://adstransparency.google.com/?region=US&query=ANDREW%20BAIN,1174721302
743,2007-07-05,18.9,Individual,VICTOR FELIZ DE LA CRUZ,Cardiology,3010 E 138TH AVE,TAMPA,FL,33613,813-975-2800,https://www.facebook.com/ads/library/?active_status=active&ad_type=all&country=US&search_type=keyword_unordered&q=VICTOR%20FELIZ%20DE%20LA%20CRUZ,https://adstransparency.google.com/?region=US&query=VICTOR%20FELIZ%20DE%20LA%20CRUZ,1790983203
744,2007-06-20,18.9,Individual,ANDREEA ARSENE-WEEKS,Primary Care,609 VIRGINIA DR,ORLANDO,FL,32803,407-841-7730,https://www.facebook.com/ads/library/?active_status=active&ad_type=all&country=US&search_type=keyword_unordered&q=ANDREEA%20ARSENE-WEEKS,https://adstransparency.google.com/?region=US&query=ANDREEA%20ARSENE-WEEKS,1407051345
745,2007-06-19,18.9,Org,DEAN A BRAMLET M D P A,Cardiology,4820 PARK BLVD N,PINELLAS PARK,FL,33781,727-345-1313,https://www.facebook.com/ads/library/?active_status=active&ad_type=all&country=US&search_type=keyword_unordered&q=DEAN%20A%20BRAMLET%20M%20D%20P%20A,https://adstransparency.google.com/?region=US&query=DEAN%20A%20BRAMLET%20M%20D%20P%20A,1184829095
746,2007-06-19,18.9,Individual,MICHAEL JACKSON,OB-GYN,2352 BRUCE B DOWNS BLVD STE 205,WESLEY CHAPEL,FL,33544,813-991-7416,https://www.facebook.com/ads/library/?active_status=active&ad_type=all&country=US&search_type=keyword_unordered&q=MICHAEL%20JACKSON,https://adstransparency.google.com/?region=US&query=MICHAEL%20JACKSON,1437354339
747,2007-06-14,18.9,Individual,ANUBHA AGARWAL,Primary Care,1216 ROYAL PALM BEACH BLVD,ROYAL PALM BEACH,FL,33411,561-299-1216,https://www.facebook.com/ads/library/?active_status=active&ad_type=all&country=US&search_type=keyword_unordered&q=ANUBHA%20AGARWAL,https://adstransparency.google.com/?region=US&query=ANUBHA%20AGARWAL,1144424953
748,2007-06-13,18.9,Individual,TERESITO ALQUIZOLA,Psychiatry,5707 N 22ND ST,TAMPA,FL,33610,813-272-2878,https://www.facebook.com/ads/library/?active_status=active&ad_type=all&country=US&search_type=keyword_unordered&q=TERESITO%20ALQUIZOLA,https://adstransparency.google.com/?region=US&query=TERESITO%20ALQUIZOLA,1992909097
749,2007-06-12,19.0,Individual,BRIAN BRAUMILLER,Psychiatry,401 HOLLY HILLS AVE,SAINT LOUIS,MO,63111,314-353-5190,https://www.facebook.com/ads/library/?active_status=active&ad_type=all&country=US&search_type=keyword_unordered&q=BRIAN%20BRAUMILLER,https://adstransparency.google.com/?region=US&query=BRIAN%20BRAUMILLER,1710181029
750,2007-06-05,19.0,Individual,ELOY FRANCO,Psychiatry,15310 AMBERLY DR,TAMPA,FL,33647,813-997-1111,https://www.facebook.com/ads/library/?active_status=active&ad_type=all&country=US&search_type=keyword_unordered&q=ELOY%20FRANCO,https://adstransparency.google.com/?region=US&query=ELOY%20FRANCO,1235331778
751,2007-05-31,19.0,Individual,AMBER ANWAR,Primary Care,4710 N HABANA AVE STE 107,TAMPA,FL,33614,813-910-0030,https://www.facebook.com/ads/library/?active_status=active&ad_type=all&country=US&search_type=keyword_unordered&q=AMBER%20ANWAR,https://adstransparency.google.com/?region=US&query=AMBER%20ANWAR,1336341692
752,2007-05-31,19.0,Individual,TAMMY FERRO,Psychiatry,3100 E FLETCHER AVE,TAMPA,FL,33613,407-303-7283,https://www.facebook.com/ads/library/?active_status=active&ad_type=all&country=US&search_type=keyword_unordered&q=TAMMY%20FERRO,https://adstransparency.google.com/?region=US&query=TAMMY%20FERRO,1457552739
753,2007-05-30,19.0,Individual,ERIKA ABEL,Primary Care,5 TAMPA GENERAL CIR # 750,TAMPA,FL,33606,813-259-0670,https://www.facebook.com/ads/library/?active_status=active&ad_type=all&country=US&search_type=keyword_unordered&q=ERIKA%20ABEL,https://adstransparency.google.com/?region=US&query=ERIKA%20ABEL,1487855128
754,2007-05-29,19.0,Individual,ZARUHI BABAYAN,Cardiology,4612 N HABANA AVE FL 2,TAMPA,FL,33614,813-875-9000,https://www.facebook.com/ads/library/?active_status=active&ad_type=all&country=US&search_type=keyword_unordered&q=ZARUHI%20BABAYAN,https://adstransparency.google.com/?region=US&query=ZARUHI%20BABAYAN,1235330481
755,2007-05-27,19.0,Individual,SAIOA TORREALDAY,OB-GYN,5016 W CYPRESS ST STE 302,TAMPA,FL,33607,813-906-2285,https://www.facebook.com/ads/library/?active_status=active&ad_type=all&country=US&search_type=keyword_unordered&q=SAIOA%20TORREALDAY,https://adstransparency.google.com/?region=US&query=SAIOA%20TORREALDAY,1699986885
756,2007-05-25,19.0,Individual,EMIL GAITOUR,Psychiatry,13000 BRUCE B DOWNS BLVD,TAMPA,FL,33612,813-972-7633,https://www.facebook.com/ads/library/?active_status=active&ad_type=all&country=US&search_type=keyword_unordered&q=EMIL%20GAITOUR,https://adstransparency.google.com/?region=US&query=EMIL%20GAITOUR,1538370804
757,2007-05-24,19.0,Individual,IVETTE COLON-REYES,Primary Care,194 MARION OAKS BLVD,OCALA,FL,34473,352-421-3550,https://www.facebook.com/ads/library/?active_status=active&ad_type=all&country=US&search_type=keyword_unordered&q=IVETTE%20COLON-REYES,https://adstransparency.google.com/?region=US&query=IVETTE%20COLON-REYES,1972714855
758,2007-05-24,19.0,Individual,CHRISTOPHER ALBERS,Gastroenterology,409 BAYSHORE BLVD,TAMPA,FL,33606,813-844-5460,https://www.facebook.com/ads/library/?active_status=active&ad_type=all&country=US&search_type=keyword_unordered&q=CHRISTOPHER%20ALBERS,https://adstransparency.google.com/?region=US&query=CHRISTOPHER%20ALBERS,1558572503
759,2007-05-22,19.0,Individual,JOEL ABRAHAM,Primary Care,140 N WESTMONTE DR,ALTAMONTE SPRINGS,FL,32714,407-862-4500,https://www.facebook.com/ads/library/?active_status=active&ad_type=all&country=US&search_type=keyword_unordered&q=JOEL%20ABRAHAM,https://adstransparency.google.com/?region=US&query=JOEL%20ABRAHAM,1952511917
760,2007-05-22,19.0,Individual,SOBIA ALI,Primary Care,15303 AMBERLY DR STE A,TAMPA,FL,33647,813-751-9727,https://www.facebook.com/ads/library/?active_status=active&ad_type=all&country=US&search_type=keyword_unordered&q=SOBIA%20ALI,https://adstransparency.google.com/?region=US&query=SOBIA%20ALI,1417166422
761,2007-05-21,19.0,Individual,NEELIMA KATUKURI,Cardiology,3000 MEDICAL PARK DR STE 300,TAMPA,FL,33613,813-497-9661,https://www.facebook.com/ads/library/?active_status=active&ad_type=all&country=US&search_type=keyword_unordered&q=NEELIMA%20KATUKURI,https://adstransparency.google.com/?region=US&query=NEELIMA%20KATUKURI,1487862520
762,2007-05-17,19.0,Individual,HESHAM FAKHRI,Cardiology,508 S HABANA AVE STE 160,TAMPA,FL,33609,813-708-8346,https://www.facebook.com/ads/library/?active_status=active&ad_type=all&country=US&search_type=keyword_unordered&q=HESHAM%20FAKHRI,https://adstransparency.google.com/?region=US&query=HESHAM%20FAKHRI,1225245178
763,2007-05-17,19.0,Individual,ANTHONY IMUDIA,OB-GYN,2324 CYPRESS CV,WESLEY CHAPEL,FL,33544,813-321-0146,https://www.facebook.com/ads/library/?active_status=active&ad_type=all&country=US&search_type=keyword_unordered&q=ANTHONY%20IMUDIA,https://adstransparency.google.com/?region=US&query=ANTHONY%20IMUDIA,1386851350
764,2007-05-17,19.0,Individual,KEITH DOMBROWSKI,Psychiatry,1 TAMPA GENERAL CIR,TAMPA,FL,33606,813-974-2201,https://www.facebook.com/ads/library/?active_status=active&ad_type=all&country=US&search_type=keyword_unordered&q=KEITH%20DOMBROWSKI,https://adstransparency.google.com/?region=US&query=KEITH%20DOMBROWSKI,1548477490
765,2007-05-14,19.0,Org,CITRUS PARK MEDICAL,Primary Care,6328 GUNN HWY,TAMPA,FL,33625,813-343-5500,https://www.facebook.com/ads/library/?active_status=active&ad_type=all&country=US&search_type=keyword_unordered&q=CITRUS%20PARK%20MEDICAL,https://adstransparency.google.com/?region=US&query=CITRUS%20PARK%20MEDICAL,1134334790
766,2007-05-09,19.0,Individual,MALCOLM JONES,OB-GYN,3330 W KENNEDY BLVD,TAMPA,FL,33609,813-251-0505,https://www.facebook.com/ads/library/?active_status=active&ad_type=all&country=US&search_type=keyword_unordered&q=MALCOLM%20JONES,https://adstransparency.google.com/?region=US&query=MALCOLM%20JONES,1831303882
767,2007-05-09,19.0,Individual,JULIE BARTHOLOMAE,Psychiatry,13800 VETERANS WAY,ORLANDO,FL,32827,407-631-1000,https://www.facebook.com/ads/library/?active_status=active&ad_type=all&country=US&search_type=keyword_unordered&q=JULIE%20BARTHOLOMAE,https://adstransparency.google.com/?region=US&query=JULIE%20BARTHOLOMAE,1366656316
768,2007-05-09,19.0,Individual,EUGENE DAGON,Psychiatry,14906 WINDING CREEK CT,TAMPA,FL,33613,813-963-7498,https://www.facebook.com/ads/library/?active_status=active&ad_type=all&country=US&search_type=keyword_unordered&q=EUGENE%20DAGON,https://adstransparency.google.com/?region=US&query=EUGENE%20DAGON,1518171552
769,2007-05-08,19.0,Org,FRANCISCAN NEUROLOGY CLINIC PA,Psychiatry,510 VONDERBURG DR,BRANDON,FL,33511,813-681-8225,https://www.facebook.com/ads/library/?active_status=active&ad_type=all&country=US&search_type=keyword_unordered&q=FRANCISCAN%20NEUROLOGY%20CLINIC%20PA,https://adstransparency.google.com/?region=US&query=FRANCISCAN%20NEUROLOGY%20CLINIC%20PA,1578776274
770,2007-05-03,19.1,Org,HEALTHPOINT MEDICAL GROUP INC,Gastroenterology,4730 N HABANA AVE,TAMPA,FL,33614,813-876-0951,https://www.facebook.com/ads/library/?active_status=active&ad_type=all&country=US&search_type=keyword_unordered&q=HEALTHPOINT%20MEDICAL%20GROUP%20INC,https://adstransparency.google.com/?region=US&query=HEALTHPOINT%20MEDICAL%20GROUP%20INC,1952523466
771,2007-04-26,19.1,Org,COLIN S BEACH MD PA,Primary Care,15285 AMBERLY DR,TAMPA,FL,33647,813-979-6978,https://www.facebook.com/ads/library/?active_status=active&ad_type=all&country=US&search_type=keyword_unordered&q=COLIN%20S%20BEACH%20MD%20PA,https://adstransparency.google.com/?region=US&query=COLIN%20S%20BEACH%20MD%20PA,1417177940
772,2007-04-26,19.1,Individual,YVONNE EKONOMOU,Psychiatry,5707 N 22ND STREET,TAMPA,FL,33610,813-272-2878,https://www.facebook.com/ads/library/?active_status=active&ad_type=all&country=US&search_type=keyword_unordered&q=YVONNE%20EKONOMOU,https://adstransparency.google.com/?region=US&query=YVONNE%20EKONOMOU,1427278969
773,2007-04-23,19.1,Individual,CESAR MORALES-PABON,Cardiology,3704 W EUCLID AVE,TAMPA,FL,33629,813-870-1747,https://www.facebook.com/ads/library/?active_status=active&ad_type=all&country=US&search_type=keyword_unordered&q=CESAR%20MORALES-PABON,https://adstransparency.google.com/?region=US&query=CESAR%20MORALES-PABON,1174741565
774,2007-04-19,19.1,Individual,MONA BOGHDADI,Primary Care,27348 CASHFORD CIR,WESLEY CHAPEL,FL,33543,813-907-7680,https://www.facebook.com/ads/library/?active_status=active&ad_type=all&country=US&search_type=keyword_unordered&q=MONA%20BOGHDADI,https://adstransparency.google.com/?region=US&query=MONA%20BOGHDADI,1891912754
775,2007-04-16,19.1,Org,ANNE HERMANN MD PA,Primary Care,508 S HABANA AVE,TAMPA,FL,33609,813-902-9559,https://www.facebook.com/ads/library/?active_status=active&ad_type=all&country=US&search_type=keyword_unordered&q=ANNE%20HERMANN%20MD%20PA,https://adstransparency.google.com/?region=US&query=ANNE%20HERMANN%20MD%20PA,1548485220
776,2007-04-12,19.1,Individual,SAJAT AGARWAL,Primary Care,5130 SUNFOREST DR STE 300,TAMPA,FL,33634,727-824-0780,https://www.facebook.com/ads/library/?active_status=active&ad_type=all&country=US&search_type=keyword_unordered&q=SAJAT%20AGARWAL,https://adstransparency.google.com/?region=US&query=SAJAT%20AGARWAL,1356565253
777,2007-04-11,19.1,Org,JOHN Q STAUFFER MDPA,Gastroenterology,2919 W SWANN AVE,TAMPA,FL,33609,813-870-3971,https://www.facebook.com/ads/library/?active_status=active&ad_type=all&country=US&search_type=keyword_unordered&q=JOHN%20Q%20STAUFFER%20MDPA,https://adstransparency.google.com/?region=US&query=JOHN%20Q%20STAUFFER%20MDPA,1245453679
778,2007-04-06,19.1,Individual,PARTHA BANERJEE,Endocrinology,3808 N TAMIAMI TRL,SARASOTA,FL,34234,941-355-9080,https://www.facebook.com/ads/library/?active_status=active&ad_type=all&country=US&search_type=keyword_unordered&q=PARTHA%20BANERJEE,https://adstransparency.google.com/?region=US&query=PARTHA%20BANERJEE,1386766442
779,2007-03-31,19.2,Individual,JOSE BRUNO,Primary Care,G1 CALLE ALMACIGO,CAGUAS,PR,00727,787-745-4899,https://www.facebook.com/ads/library/?active_status=active&ad_type=all&country=US&search_type=keyword_unordered&q=JOSE%20BRUNO,https://adstransparency.google.com/?region=US&query=JOSE%20BRUNO,1407976491
780,2007-03-30,19.2,Individual,KOUSHIK REDDY,Cardiology,2 TAMPA GENERAL CIR,TAMPA,FL,33606,813-821-8038,https://www.facebook.com/ads/library/?active_status=active&ad_type=all&country=US&search_type=keyword_unordered&q=KOUSHIK%20REDDY,https://adstransparency.google.com/?region=US&query=KOUSHIK%20REDDY,1558481770
781,2007-03-29,19.2,Individual,JUDETTE LOUIS,OB-GYN,2 TAMPA GENERAL CIR,TAMPA,FL,33606,813-259-8500,https://www.facebook.com/ads/library/?active_status=active&ad_type=all&country=US&search_type=keyword_unordered&q=JUDETTE%20LOUIS,https://adstransparency.google.com/?region=US&query=JUDETTE%20LOUIS,1710007570
782,2007-03-28,19.2,Individual,I-HWEII CHEN,Psychiatry,2 TAMPA GENERAL CIR,TAMPA,FL,33606,813-821-8038,https://www.facebook.com/ads/library/?active_status=active&ad_type=all&country=US&search_type=keyword_unordered&q=I-HWEII%20CHEN,https://adstransparency.google.com/?region=US&query=I-HWEII%20CHEN,1205955564
783,2007-03-26,19.2,Individual,COLLEEN VELOSKI,Endocrinology,12902 USF MAGNOLIA DR,TAMPA,FL,33612,813-745-4673,https://www.facebook.com/ads/library/?active_status=active&ad_type=all&country=US&search_type=keyword_unordered&q=COLLEEN%20VELOSKI,https://adstransparency.google.com/?region=US&query=COLLEEN%20VELOSKI,1215054879
784,2007-03-23,19.2,Individual,VASANT DABHI,Primary Care,3250 ZEMKE AVE,TAMPA,FL,33621,813-827-9657,https://www.facebook.com/ads/library/?active_status=active&ad_type=all&country=US&search_type=keyword_unordered&q=VASANT%20DABHI,https://adstransparency.google.com/?region=US&query=VASANT%20DABHI,1023135191
785,2007-03-21,19.2,Org,ALFONSO CHEN MDPA,Psychiatry,14505 BRUCE B DOWNS BLVD,TAMPA,FL,33613,813-971-5533,https://www.facebook.com/ads/library/?active_status=active&ad_type=all&country=US&search_type=keyword_unordered&q=ALFONSO%20CHEN%20MDPA,https://adstransparency.google.com/?region=US&query=ALFONSO%20CHEN%20MDPA,1467577841
786,2007-03-16,19.2,Org,RENATO CONCEPCION MD PA,Endocrinology,3709 W HAMILTON AVE,TAMPA,FL,33614,813-936-7119,https://www.facebook.com/ads/library/?active_status=active&ad_type=all&country=US&search_type=keyword_unordered&q=RENATO%20CONCEPCION%20MD%20PA,https://adstransparency.google.com/?region=US&query=RENATO%20CONCEPCION%20MD%20PA,1306960471
787,2007-03-15,19.2,Individual,ROSANNA GARNER,Psychiatry,2835 W DE LEON ST STE 205,TAMPA,FL,33609,813-873-1218,https://www.facebook.com/ads/library/?active_status=active&ad_type=all&country=US&search_type=keyword_unordered&q=ROSANNA%20GARNER,https://adstransparency.google.com/?region=US&query=ROSANNA%20GARNER,1770617276
788,2007-03-13,19.2,Org,A K REDDY MD PA,Psychiatry,4446 E FLETCHER AVE,TAMPA,FL,33613,813-558-8878,https://www.facebook.com/ads/library/?active_status=active&ad_type=all&country=US&search_type=keyword_unordered&q=A%20K%20REDDY%20MD%20PA,https://adstransparency.google.com/?region=US&query=A%20K%20REDDY%20MD%20PA,1174656953
789,2007-03-09,19.2,Org,ARTHUR FORMAN MD PA,Psychiatry,4200 N ARMENIA AVE,TAMPA,FL,33607,813-874-8588,https://www.facebook.com/ads/library/?active_status=active&ad_type=all&country=US&search_type=keyword_unordered&q=ARTHUR%20FORMAN%20MD%20PA,https://adstransparency.google.com/?region=US&query=ARTHUR%20FORMAN%20MD%20PA,1780715649
790,2007-03-06,19.2,Org,ST JOSEPHS SPECIALTY SERVICES INC,OB-GYN,4902 EISENHOWER BLVD,TAMPA,FL,33634,813-636-2000,https://www.facebook.com/ads/library/?active_status=active&ad_type=all&country=US&search_type=keyword_unordered&q=ST%20JOSEPHS%20SPECIALTY%20SERVICES%20INC,https://adstransparency.google.com/?region=US&query=ST%20JOSEPHS%20SPECIALTY%20SERVICES%20INC,1750411237
791,2007-03-05,19.2,Individual,MAYSA AHMAD,Primary Care,13000 BRUCE B DOWNS BLVD,TAMPA,FL,33612,813-972-2000,https://www.facebook.com/ads/library/?active_status=active&ad_type=all&country=US&search_type=keyword_unordered&q=MAYSA%20AHMAD,https://adstransparency.google.com/?region=US&query=MAYSA%20AHMAD,1962531657
792,2007-03-05,19.2,Individual,PEDRO TROYA,Endocrinology,4816 N ARMENIA AVE,TAMPA,FL,33603,813-876-3636,https://www.facebook.com/ads/library/?active_status=active&ad_type=all&country=US&search_type=keyword_unordered&q=PEDRO%20TROYA,https://adstransparency.google.com/?region=US&query=PEDRO%20TROYA,1427187319
793,2007-02-28,19.2,Individual,JAMIE FERNANDEZ,Psychiatry,3515 E FLETCHER AVE,TAMPA,FL,33613,813-974-8900,https://www.facebook.com/ads/library/?active_status=active&ad_type=all&country=US&search_type=keyword_unordered&q=JAMIE%20FERNANDEZ,https://adstransparency.google.com/?region=US&query=JAMIE%20FERNANDEZ,1326176736
794,2007-02-21,19.3,Org,ABINALES AND ABINALES MD PA,Primary Care,7500 4TH ST N,ST PETERSBURG,FL,33702,727-526-4122,https://www.facebook.com/ads/library/?active_status=active&ad_type=all&country=US&search_type=keyword_unordered&q=ABINALES%20AND%20ABINALES%20MD%20PA,https://adstransparency.google.com/?region=US&query=ABINALES%20AND%20ABINALES%20MD%20PA,1619012275
795,2007-02-17,19.3,Individual,ELI ROSE,OB-GYN,2801 S MACDILL AVE,TAMPA,FL,33629,813-871-6465,https://www.facebook.com/ads/library/?active_status=active&ad_type=all&country=US&search_type=keyword_unordered&q=ELI%20ROSE,https://adstransparency.google.com/?region=US&query=ELI%20ROSE,1104960665
796,2007-02-12,19.3,Individual,EUGENE WARD,Gastroenterology,3450 E FLETCHER AVE,TAMPA,FL,33613,813-972-1654,https://www.facebook.com/ads/library/?active_status=active&ad_type=all&country=US&search_type=keyword_unordered&q=EUGENE%20WARD,https://adstransparency.google.com/?region=US&query=EUGENE%20WARD,1730221524
797,2007-02-06,19.3,Individual,KRISTY RUIS,OB-GYN,2 SHIRCLIFF WAY STE 600,JACKSONVILLE,FL,32204,904-821-7556,https://www.facebook.com/ads/library/?active_status=active&ad_type=all&country=US&search_type=keyword_unordered&q=KRISTY%20RUIS,https://adstransparency.google.com/?region=US&query=KRISTY%20RUIS,1639218217
798,2007-02-05,19.3,Individual,PATRICIA ENDRES MOORE,OB-GYN,2935 PEARSON JAMES PL,LUTZ,FL,33559,813-618-7789,https://www.facebook.com/ads/library/?active_status=active&ad_type=all&country=US&search_type=keyword_unordered&q=PATRICIA%20ENDRES%20MOORE,https://adstransparency.google.com/?region=US&query=PATRICIA%20ENDRES%20MOORE,1922147388
799,2007-02-04,19.3,Org,BAY AREA MEDICAL CLINIC PA,Primary Care,37900 DAUGHTERY RD,ZEPHYRHILLS,FL,33541,813-715-4446,https://www.facebook.com/ads/library/?active_status=active&ad_type=all&country=US&search_type=keyword_unordered&q=BAY%20AREA%20MEDICAL%20CLINIC%20PA,https://adstransparency.google.com/?region=US&query=BAY%20AREA%20MEDICAL%20CLINIC%20PA,1275671745
800,2007-01-29,19.3,Individual,MICHAEL FRADLEY,Cardiology,2 TAMPA GENERAL CIR,TAMPA,FL,33606,813-259-0660,https://www.facebook.com/ads/library/?active_status=active&ad_type=all&country=US&search_type=keyword_unordered&q=MICHAEL%20FRADLEY,https://adstransparency.google.com/?region=US&query=MICHAEL%20FRADLEY,1427194166
801,2007-01-23,19.3,Individual,DEBRA BARNETT,Psychiatry,14437 UNIVERSITY COVE PL,TAMPA,FL,33613,813-972-7946,https://www.facebook.com/ads/library/?active_status=active&ad_type=all&country=US&search_type=keyword_unordered&q=DEBRA%20BARNETT,https://adstransparency.google.com/?region=US&query=DEBRA%20BARNETT,1609921543
802,2007-01-19,19.3,Individual,JOSE ALVAREZ-BERNAL,Primary Care,6408 N ARMENIA AVE STE B-1,TAMPA,FL,33604,813-352-8305,https://www.facebook.com/ads/library/?active_status=active&ad_type=all&country=US&search_type=keyword_unordered&q=JOSE%20ALVAREZ-BERNAL,https://adstransparency.google.com/?region=US&query=JOSE%20ALVAREZ-BERNAL,1548313950
803,2007-01-16,19.4,Individual,DEBBIE DEVINE,OB-GYN,2716 W VIRGINIA AVE,TAMPA,FL,33607,813-875-8032,https://www.facebook.com/ads/library/?active_status=active&ad_type=all&country=US&search_type=keyword_unordered&q=DEBBIE%20DEVINE,https://adstransparency.google.com/?region=US&query=DEBBIE%20DEVINE,1578614590
804,2007-01-16,19.4,Individual,KATHLEEN MCELWANEY,OB-GYN,2716 W VIRGINIA AVE,TAMPA,FL,33607,813-875-8032,https://www.facebook.com/ads/library/?active_status=active&ad_type=all&country=US&search_type=keyword_unordered&q=KATHLEEN%20MCELWANEY,https://adstransparency.google.com/?region=US&query=KATHLEEN%20MCELWANEY,1891846630
805,2007-01-16,19.4,Individual,DANIEL FALLON,Psychiatry,3515 E FLETCHER AVE,TAMPA,FL,33613,813-974-8900,https://www.facebook.com/ads/library/?active_status=active&ad_type=all&country=US&search_type=keyword_unordered&q=DANIEL%20FALLON,https://adstransparency.google.com/?region=US&query=DANIEL%20FALLON,1144371287
806,2007-01-09,19.4,Individual,ROBERT FERNANDEZ,Psychiatry,4890 W KENNEDY BLVD,TAMPA,FL,33609,813-288-1564,https://www.facebook.com/ads/library/?active_status=active&ad_type=all&country=US&search_type=keyword_unordered&q=ROBERT%20FERNANDEZ,https://adstransparency.google.com/?region=US&query=ROBERT%20FERNANDEZ,1558410522
807,2007-01-05,19.4,Individual,KAREN LU,OB-GYN,12902 USF MAGNOLIA DR,TAMPA,FL,33612,813-745-4673,https://www.facebook.com/ads/library/?active_status=active&ad_type=all&country=US&search_type=keyword_unordered&q=KAREN%20LU,https://adstransparency.google.com/?region=US&query=KAREN%20LU,1235286709
808,2007-01-05,19.4,Individual,BALSAM FANOUS,Psychiatry,12512 BRUCE B DOWNS BLVD,TAMPA,FL,33612,813-977-8700,https://www.facebook.com/ads/library/?active_status=active&ad_type=all&country=US&search_type=keyword_unordered&q=BALSAM%20FANOUS,https://adstransparency.google.com/?region=US&query=BALSAM%20FANOUS,1619024007
809,2007-01-05,19.4,Individual,HARRIS FEINSTEIN,Psychiatry,12512 BRUCE B DOWNS BLVD,TAMPA,FL,33612,813-977-8700,https://www.facebook.com/ads/library/?active_status=active&ad_type=all&country=US&search_type=keyword_unordered&q=HARRIS%20FEINSTEIN,https://adstransparency.google.com/?region=US&query=HARRIS%20FEINSTEIN,1396893624
810,2006-12-20,19.4,Org,CARDIOLOGY CENTER OF TAMPA P A,Cardiology,13701 BRUCE B DOWNS BLVD,TAMPA,FL,33613,813-971-2600,https://www.facebook.com/ads/library/?active_status=active&ad_type=all&country=US&search_type=keyword_unordered&q=CARDIOLOGY%20CENTER%20OF%20TAMPA%20P%20A,https://adstransparency.google.com/?region=US&query=CARDIOLOGY%20CENTER%20OF%20TAMPA%20P%20A,1558425298
811,2006-12-13,19.4,Individual,TONI BELISLE,Primary Care,9550 EAST COLUMBUS AVE,TAMPA,FL,33619,813-242-5565,https://www.facebook.com/ads/library/?active_status=active&ad_type=all&country=US&search_type=keyword_unordered&q=TONI%20BELISLE,https://adstransparency.google.com/?region=US&query=TONI%20BELISLE,1679634554
812,2006-12-12,19.4,Individual,BRUCE EDSON,Psychiatry,16554 DALE MABRY HIGHWAY N,TAMPA,FL,33618,813-968-7188,https://www.facebook.com/ads/library/?active_status=active&ad_type=all&country=US&search_type=keyword_unordered&q=BRUCE%20EDSON,https://adstransparency.google.com/?region=US&query=BRUCE%20EDSON,1528129913
813,2006-12-08,19.5,Individual,MARY DOBSON,OB-GYN,3250 ZEMKE AVE,TAMPA,FL,33621,813-827-9336,https://www.facebook.com/ads/library/?active_status=active&ad_type=all&country=US&search_type=keyword_unordered&q=MARY%20DOBSON,https://adstransparency.google.com/?region=US&query=MARY%20DOBSON,1538229976
814,2006-12-05,19.5,Individual,JEAN FILS,Psychiatry,3535 E. FLETCHER AVE.,TAMPA,FL,33613,813-974-8900,https://www.facebook.com/ads/library/?active_status=active&ad_type=all&country=US&search_type=keyword_unordered&q=JEAN%20FILS,https://adstransparency.google.com/?region=US&query=JEAN%20FILS,1063570414
815,2006-11-28,19.5,Individual,ANDREW HENRY,Endocrinology,9260 BAY PLAZA BLVD,TAMPA,FL,33619,813-676-0234,https://www.facebook.com/ads/library/?active_status=active&ad_type=all&country=US&search_type=keyword_unordered&q=ANDREW%20HENRY,https://adstransparency.google.com/?region=US&query=ANDREW%20HENRY,1194892141
816,2006-11-27,19.5,Individual,MARIO CANEDO,Cardiology,3000 MEDICAL PARK DR STE 300,TAMPA,FL,33613,813-615-8088,https://www.facebook.com/ads/library/?active_status=active&ad_type=all&country=US&search_type=keyword_unordered&q=MARIO%20CANEDO,https://adstransparency.google.com/?region=US&query=MARIO%20CANEDO,1548336175
817,2006-11-27,19.5,Individual,JUAN GARCIA,Cardiology,3000 MEDICAL PARK DR STE 300,TAMPA,FL,33613,813-497-9661,https://www.facebook.com/ads/library/?active_status=active&ad_type=all&country=US&search_type=keyword_unordered&q=JUAN%20GARCIA,https://adstransparency.google.com/?region=US&query=JUAN%20GARCIA,1477629004
818,2006-11-27,19.5,Individual,VASCO MARQUES,Cardiology,3010 E 138TH AVE,TAMPA,FL,33613,813-975-2800,https://www.facebook.com/ads/library/?active_status=active&ad_type=all&country=US&search_type=keyword_unordered&q=VASCO%20MARQUES,https://adstransparency.google.com/?region=US&query=VASCO%20MARQUES,1588730113
819,2006-11-27,19.5,Individual,ALEJANDRO MICHEL,Cardiology,14495 UNIVESITY COVE PLACE,TAMPA,FL,33613,813-336-8770,https://www.facebook.com/ads/library/?active_status=active&ad_type=all&country=US&search_type=keyword_unordered&q=ALEJANDRO%20MICHEL,https://adstransparency.google.com/?region=US&query=ALEJANDRO%20MICHEL,1962578591
820,2006-11-20,19.5,Individual,SALLY ALRABAA,Primary Care,1 TAMPA GENERAL CIR,TAMPA,FL,33606,813-844-4187,https://www.facebook.com/ads/library/?active_status=active&ad_type=all&country=US&search_type=keyword_unordered&q=SALLY%20ALRABAA,https://adstransparency.google.com/?region=US&query=SALLY%20ALRABAA,1912071994
821,2006-11-17,19.5,Individual,MARIA CASERTA,Psychiatry,12901 BRUCE B DOWNS BLVD,TAMPA,FL,33612,813-974-3519,https://www.facebook.com/ads/library/?active_status=active&ad_type=all&country=US&search_type=keyword_unordered&q=MARIA%20CASERTA,https://adstransparency.google.com/?region=US&query=MARIA%20CASERTA,1376617878
822,2006-11-15,19.5,Individual,MAGALI FERNANDEZ,Psychiatry,8313 W HILLSBOROUGH AVE,TAMPA,FL,33615,813-881-1532,https://www.facebook.com/ads/library/?active_status=active&ad_type=all&country=US&search_type=keyword_unordered&q=MAGALI%20FERNANDEZ,https://adstransparency.google.com/?region=US&query=MAGALI%20FERNANDEZ,1700958378
823,2006-11-14,19.5,Org,FLORIDA NEUROVASCULAR INSTITUTE,Psychiatry,5 TAMPA GENERAL CIR STE 200,TAMPA,FL,33606,813-250-9101,https://www.facebook.com/ads/library/?active_status=active&ad_type=all&country=US&search_type=keyword_unordered&q=FLORIDA%20NEUROVASCULAR%20INSTITUTE,https://adstransparency.google.com/?region=US&query=FLORIDA%20NEUROVASCULAR%20INSTITUTE,1629140710
824,2006-11-14,19.5,Individual,ERFAN ALBAKRI,Psychiatry,5 TAMPA GENERAL CIR STE 200,TAMPA,FL,33606,813-250-9101,https://www.facebook.com/ads/library/?active_status=active&ad_type=all&country=US&search_type=keyword_unordered&q=ERFAN%20ALBAKRI,https://adstransparency.google.com/?region=US&query=ERFAN%20ALBAKRI,1104998376
825,2006-11-13,19.5,Individual,MITCHELL OHARA,Cardiology,3000 MEDICAL PARK DR STE 300,TAMPA,FL,33613,813-497-9661,https://www.facebook.com/ads/library/?active_status=active&ad_type=all&country=US&search_type=keyword_unordered&q=MITCHELL%20OHARA,https://adstransparency.google.com/?region=US&query=MITCHELL%20OHARA,1285705004
826,2006-11-09,19.5,Individual,BHARMINDER BEDI,Psychiatry,7955 66TH ST N,PINELLAS PARK,FL,33781,727-541-3362,https://www.facebook.com/ads/library/?active_status=active&ad_type=all&country=US&search_type=keyword_unordered&q=BHARMINDER%20BEDI,https://adstransparency.google.com/?region=US&query=BHARMINDER%20BEDI,1699845446
827,2006-11-06,19.5,Individual,NILO AYUYAO,Primary Care,3001 W DR MARTIN LUTHER KING JR BLVD,TAMPA,FL,33607,813-870-4933,https://www.facebook.com/ads/library/?active_status=active&ad_type=all&country=US&search_type=keyword_unordered&q=NILO%20AYUYAO,https://adstransparency.google.com/?region=US&query=NILO%20AYUYAO,1821167834
828,2006-11-01,19.6,Individual,VICTORIA BELOGOLOVKIN,OB-GYN,5016 W CYPRESS ST STE 300,TAMPA,FL,33607,813-644-6235,https://www.facebook.com/ads/library/?active_status=active&ad_type=all&country=US&search_type=keyword_unordered&q=VICTORIA%20BELOGOLOVKIN,https://adstransparency.google.com/?region=US&query=VICTORIA%20BELOGOLOVKIN,1114005071
829,2006-11-01,19.6,Individual,KARA BURKE,OB-GYN,12902 USF MAGNOLIA DR,TAMPA,FL,33612,813-745-4673,https://www.facebook.com/ads/library/?active_status=active&ad_type=all&country=US&search_type=keyword_unordered&q=KARA%20BURKE,https://adstransparency.google.com/?region=US&query=KARA%20BURKE,1255418570
830,2006-10-31,19.6,Individual,MELINDA MILLER,Cardiology,1 TAMPA GENERAL CIR,TAMPA,FL,33606,813-974-2201,https://www.facebook.com/ads/library/?active_status=active&ad_type=all&country=US&search_type=keyword_unordered&q=MELINDA%20MILLER,https://adstransparency.google.com/?region=US&query=MELINDA%20MILLER,1659457620
831,2006-10-27,19.6,Org,AIDA E CASTRO MD PA,Primary Care,1830 N OREGON AVE,TAMPA,FL,33607,855-226-6633,https://www.facebook.com/ads/library/?active_status=active&ad_type=all&country=US&search_type=keyword_unordered&q=AIDA%20E%20CASTRO%20MD%20PA,https://adstransparency.google.com/?region=US&query=AIDA%20E%20CASTRO%20MD%20PA,1306922083
832,2006-10-27,19.6,Org,ALEJANDRO CINTAS MD PA,Primary Care,6101 WEBB RD,TAMPA,FL,33615,813-885-3600,https://www.facebook.com/ads/library/?active_status=active&ad_type=all&country=US&search_type=keyword_unordered&q=ALEJANDRO%20CINTAS%20MD%20PA,https://adstransparency.google.com/?region=US&query=ALEJANDRO%20CINTAS%20MD%20PA,1407932197
833,2006-10-27,19.6,Org,CARDIAC CARE SERVICES PA,Cardiology,4600 N HABANA AVE,TAMPA,FL,33614,813-890-8004,https://www.facebook.com/ads/library/?active_status=active&ad_type=all&country=US&search_type=keyword_unordered&q=CARDIAC%20CARE%20SERVICES%20PA,https://adstransparency.google.com/?region=US&query=CARDIAC%20CARE%20SERVICES%20PA,1538245204
834,2006-10-27,19.6,Individual,WILFRED AGUILA,Primary Care,8561 W LINEBAUGH AVE,TAMPA,FL,33625,844-981-8446,https://www.facebook.com/ads/library/?active_status=active&ad_type=all&country=US&search_type=keyword_unordered&q=WILFRED%20AGUILA,https://adstransparency.google.com/?region=US&query=WILFRED%20AGUILA,1316023161
835,2006-10-25,19.6,Individual,DAVID DECKER,Psychiatry,3100 E FLETCHER AVE,TAMPA,FL,33613,813-971-6000,https://www.facebook.com/ads/library/?active_status=active&ad_type=all&country=US&search_type=keyword_unordered&q=DAVID%20DECKER,https://adstransparency.google.com/?region=US&query=DAVID%20DECKER,1548344633
836,2006-10-23,19.6,Individual,RAFAEL HACISKI,OB-GYN,671 GOODLETTE RD N,NAPLES,FL,34102,239-692-9699,https://www.facebook.com/ads/library/?active_status=active&ad_type=all&country=US&search_type=keyword_unordered&q=RAFAEL%20HACISKI,https://adstransparency.google.com/?region=US&query=RAFAEL%20HACISKI,1235212267
837,2006-10-18,19.6,Individual,MATTHEW ANDERSON,OB-GYN,2 TAMPA GENERAL CIR,TAMPA,FL,33606,813-974-2201,https://www.facebook.com/ads/library/?active_status=active&ad_type=all&country=US&search_type=keyword_unordered&q=MATTHEW%20ANDERSON,https://adstransparency.google.com/?region=US&query=MATTHEW%20ANDERSON,1952482994
838,2006-10-13,19.6,Individual,THOMAS MCDONALD,Cardiology,2 TAMPA GENERAL CIR FL 5,TAMPA,FL,33606,813-974-2201,https://www.facebook.com/ads/library/?active_status=active&ad_type=all&country=US&search_type=keyword_unordered&q=THOMAS%20MCDONALD,https://adstransparency.google.com/?region=US&query=THOMAS%20MCDONALD,1336239169
839,2006-10-13,19.6,Individual,NANCY COLLINS,OB-GYN,5002 W LEMON ST,TAMPA,FL,33609,813-286-0033,https://www.facebook.com/ads/library/?active_status=active&ad_type=all&country=US&search_type=keyword_unordered&q=NANCY%20COLLINS,https://adstransparency.google.com/?region=US&query=NANCY%20COLLINS,1598855082
840,2006-10-13,19.6,Individual,RUTH GETTES,Psychiatry,13902 N DALE MABRY HWY,TAMPA,FL,33618,813-264-5580,https://www.facebook.com/ads/library/?active_status=active&ad_type=all&country=US&search_type=keyword_unordered&q=RUTH%20GETTES,https://adstransparency.google.com/?region=US&query=RUTH%20GETTES,1619067592
841,2006-10-12,19.6,Individual,SANDRA JARA,Gastroenterology,10034 CYPRESS SHADOW AVE,TAMPA,FL,33647,813-994-2486,https://www.facebook.com/ads/library/?active_status=active&ad_type=all&country=US&search_type=keyword_unordered&q=SANDRA%20JARA,https://adstransparency.google.com/?region=US&query=SANDRA%20JARA,1003905605
842,2006-10-11,19.6,Individual,RONALD HULSE,Cardiology,5 TAMPA GENERAL CIR STE 830,TAMPA,FL,33606,813-251-5511,https://www.facebook.com/ads/library/?active_status=active&ad_type=all&country=US&search_type=keyword_unordered&q=RONALD%20HULSE,https://adstransparency.google.com/?region=US&query=RONALD%20HULSE,1245329127
843,2006-10-10,19.6,Org,PHILIP STROMQUIST MD PA,Cardiology,602 AUDUBON AVE,TAMPA,FL,33609,813-348-4885,https://www.facebook.com/ads/library/?active_status=active&ad_type=all&country=US&search_type=keyword_unordered&q=PHILIP%20STROMQUIST%20MD%20PA,https://adstransparency.google.com/?region=US&query=PHILIP%20STROMQUIST%20MD%20PA,1205924107
844,2006-10-10,19.6,Individual,NOAH DEVICENTE,Gastroenterology,33920 US 19 N STE 124,PALM HARBOR,FL,34684,727-785-7654,https://www.facebook.com/ads/library/?active_status=active&ad_type=all&country=US&search_type=keyword_unordered&q=NOAH%20DEVICENTE,https://adstransparency.google.com/?region=US&query=NOAH%20DEVICENTE,1336237924
845,2006-10-07,19.6,Org,NORTHSIDE CARDIOLOGY,Cardiology,733 CORTARO DR,RUSKIN,FL,33573,813-633-9700,https://www.facebook.com/ads/library/?active_status=active&ad_type=all&country=US&search_type=keyword_unordered&q=NORTHSIDE%20CARDIOLOGY,https://adstransparency.google.com/?region=US&query=NORTHSIDE%20CARDIOLOGY,1891882007
846,2006-10-05,19.6,Individual,MUKUND AMIN,Primary Care,3120 W HILLSBOROUGH AVE,TAMPA,FL,33614,813-877-7773,https://www.facebook.com/ads/library/?active_status=active&ad_type=all&country=US&search_type=keyword_unordered&q=MUKUND%20AMIN,https://adstransparency.google.com/?region=US&query=MUKUND%20AMIN,1245326248
847,2006-10-04,19.6,Individual,CARLOS FUMERO,Endocrinology,205 N PLANT AVE,PLANT CITY,FL,33563,813-876-3636,https://www.facebook.com/ads/library/?active_status=active&ad_type=all&country=US&search_type=keyword_unordered&q=CARLOS%20FUMERO,https://adstransparency.google.com/?region=US&query=CARLOS%20FUMERO,1184710501
848,2006-10-03,19.6,Individual,PAULA BRYANT-BARNETT,OB-GYN,14710 BRUCE B DOWNS BLVD,TAMPA,FL,33613,813-684-2229,https://www.facebook.com/ads/library/?active_status=active&ad_type=all&country=US&search_type=keyword_unordered&q=PAULA%20BRYANT-BARNETT,https://adstransparency.google.com/?region=US&query=PAULA%20BRYANT-BARNETT,1164516449
849,2006-10-02,19.6,Individual,ANJALI KAIMAL,OB-GYN,2 TAMPA GENERAL CIR,TAMPA,FL,33606,813-821-8038,https://www.facebook.com/ads/library/?active_status=active&ad_type=all&country=US&search_type=keyword_unordered&q=ANJALI%20KAIMAL,https://adstransparency.google.com/?region=US&query=ANJALI%20KAIMAL,1356434989
850,2006-09-29,19.7,Individual,JOSEPH CARADONNA,Gastroenterology,4107 COURTSIDE WAY,TAMPA,FL,33618,813-713-4688,https://www.facebook.com/ads/library/?active_status=active&ad_type=all&country=US&search_type=keyword_unordered&q=JOSEPH%20CARADONNA,https://adstransparency.google.com/?region=US&query=JOSEPH%20CARADONNA,1497847057
851,2006-09-29,19.7,Individual,WILLIAM EUBANKS,Gastroenterology,14547 BRUCE B DOWNS BLVD,TAMPA,FL,33613,813-977-8985,https://www.facebook.com/ads/library/?active_status=active&ad_type=all&country=US&search_type=keyword_unordered&q=WILLIAM%20EUBANKS,https://adstransparency.google.com/?region=US&query=WILLIAM%20EUBANKS,1407948078
852,2006-09-29,19.7,Individual,MARTIN MALDONADO-ALFANDARI,Gastroenterology,14547 BRUCE B. DOWNS BLVD.,TAMPA,FL,33613,813-280-7100,https://www.facebook.com/ads/library/?active_status=active&ad_type=all&country=US&search_type=keyword_unordered&q=MARTIN%20MALDONADO-ALFANDARI,https://adstransparency.google.com/?region=US&query=MARTIN%20MALDONADO-ALFANDARI,1053403923
853,2006-09-29,19.7,Individual,JOSEPH SPINNATO,OB-GYN,2 TAMPA GENERAL CIR,TAMPA,FL,33606,813-259-8500,https://www.facebook.com/ads/library/?active_status=active&ad_type=all&country=US&search_type=keyword_unordered&q=JOSEPH%20SPINNATO,https://adstransparency.google.com/?region=US&query=JOSEPH%20SPINNATO,1912099789
854,2006-09-29,19.7,Individual,JAMES VOGLER,OB-GYN,12880 COMMODITY PL,TAMPA,FL,33626,877-872-5788,https://www.facebook.com/ads/library/?active_status=active&ad_type=all&country=US&search_type=keyword_unordered&q=JAMES%20VOGLER,https://adstransparency.google.com/?region=US&query=JAMES%20VOGLER,1154413805
855,2006-09-28,19.7,Org,"FLORIDA HEART & VASCULAR ASSOCIATES, PL",Cardiology,3000 MEDICAL PARK DR,TAMPA,FL,33613,813-971-2424,https://www.facebook.com/ads/library/?active_status=active&ad_type=all&country=US&search_type=keyword_unordered&q=FLORIDA%20HEART%20%26%20VASCULAR%20ASSOCIATES%2C%20PL,https://adstransparency.google.com/?region=US&query=FLORIDA%20HEART%20%26%20VASCULAR%20ASSOCIATES%2C%20PL,1043302102
856,2006-09-27,19.7,Individual,MEENAKSHI BHALLA,Cardiology,3003 W DR MARTIN LUTHER KING JR BLVD FL 2,TAMPA,FL,33607,813-397-1251,https://www.facebook.com/ads/library/?active_status=active&ad_type=all&country=US&search_type=keyword_unordered&q=MEENAKSHI%20BHALLA,https://adstransparency.google.com/?region=US&query=MEENAKSHI%20BHALLA,1376634311
857,2006-09-26,19.7,Individual,ALICE HONIKER,OB-GYN,116 PARSONS PARK DR,BRANDON,FL,33511,813-681-6625,https://www.facebook.com/ads/library/?active_status=active&ad_type=all&country=US&search_type=keyword_unordered&q=ALICE%20HONIKER,https://adstransparency.google.com/?region=US&query=ALICE%20HONIKER,1952402307
858,2006-09-26,19.7,Individual,JOSE LIZARDI,OB-GYN,1209 W SWANN AVE,TAMPA,FL,33606,315-244-1396,https://www.facebook.com/ads/library/?active_status=active&ad_type=all&country=US&search_type=keyword_unordered&q=JOSE%20LIZARDI,https://adstransparency.google.com/?region=US&query=JOSE%20LIZARDI,1730280132
859,2006-09-25,19.7,Individual,SAMUEL ALFANO,Primary Care,1950 LAUREL MANOR DR STE 210,THE VILLAGES,FL,32162,352-350-8800,https://www.facebook.com/ads/library/?active_status=active&ad_type=all&country=US&search_type=keyword_unordered&q=SAMUEL%20ALFANO,https://adstransparency.google.com/?region=US&query=SAMUEL%20ALFANO,1588764872
860,2006-09-21,19.7,Individual,JANET MARLEY,OB-GYN,5516 HANLEY ROAD,TAMPA,FL,33634,813-885-1418,https://www.facebook.com/ads/library/?active_status=active&ad_type=all&country=US&search_type=keyword_unordered&q=JANET%20MARLEY,https://adstransparency.google.com/?region=US&query=JANET%20MARLEY,1528167301
861,2006-09-20,19.7,Individual,KOSMAS SARANTIS,Endocrinology,5535 MEMORIAL HWY,TAMPA,FL,33634,813-574-4869,https://www.facebook.com/ads/library/?active_status=active&ad_type=all&country=US&search_type=keyword_unordered&q=KOSMAS%20SARANTIS,https://adstransparency.google.com/?region=US&query=KOSMAS%20SARANTIS,1962509133
862,2006-09-20,19.7,Individual,SIVA KUMAR,Cardiology,1 TAMPA GENERAL CIR,TAMPA,FL,33606,813-251-0793,https://www.facebook.com/ads/library/?active_status=active&ad_type=all&country=US&search_type=keyword_unordered&q=SIVA%20KUMAR,https://adstransparency.google.com/?region=US&query=SIVA%20KUMAR,1538267661
863,2006-09-17,19.7,Individual,NIRMALA APTE,Psychiatry,5707 N 22ND ST,TAMPA,FL,33610,813-272-2244,https://www.facebook.com/ads/library/?active_status=active&ad_type=all&country=US&search_type=keyword_unordered&q=NIRMALA%20APTE,https://adstransparency.google.com/?region=US&query=NIRMALA%20APTE,1740387463
864,2006-09-17,19.7,Individual,QUAMRUL CHOWDHURY,Psychiatry,5707 N 22ND ST,TAMPA,FL,33610,813-272-2878,https://www.facebook.com/ads/library/?active_status=active&ad_type=all&country=US&search_type=keyword_unordered&q=QUAMRUL%20CHOWDHURY,https://adstransparency.google.com/?region=US&query=QUAMRUL%20CHOWDHURY,1386741007
865,2006-09-14,19.7,Individual,TEREESE ALLEN,Primary Care,3001 W DR MLK BLVD,TAMPA,FL,33607,813-870-4933,https://www.facebook.com/ads/library/?active_status=active&ad_type=all&country=US&search_type=keyword_unordered&q=TEREESE%20ALLEN,https://adstransparency.google.com/?region=US&query=TEREESE%20ALLEN,1538264551
866,2006-09-12,19.7,Org,BAY AREA PRIMARY CARE ASSOCIATES,Primary Care,"2123 W. DR MLK BLVD, SUITE 203",TAMPA,FL,33607,813-870-1600,https://www.facebook.com/ads/library/?active_status=active&ad_type=all&country=US&search_type=keyword_unordered&q=BAY%20AREA%20PRIMARY%20CARE%20ASSOCIATES,https://adstransparency.google.com/?region=US&query=BAY%20AREA%20PRIMARY%20CARE%20ASSOCIATES,1104920826
867,2006-09-07,19.7,Org,OAKHILL HEART ASSOCIATES,Cardiology,11373 CORTEZ BLVD,BROOKSVILLE,FL,34613,352-596-4422,https://www.facebook.com/ads/library/?active_status=active&ad_type=all&country=US&search_type=keyword_unordered&q=OAKHILL%20HEART%20ASSOCIATES,https://adstransparency.google.com/?region=US&query=OAKHILL%20HEART%20ASSOCIATES,1538262332
868,2006-09-07,19.7,Individual,GUILHERME OLIVEIRA,Cardiology,2 TAMPA GENERAL CIR,TAMPA,FL,33606,813-974-2201,https://www.facebook.com/ads/library/?active_status=active&ad_type=all&country=US&search_type=keyword_unordered&q=GUILHERME%20OLIVEIRA,https://adstransparency.google.com/?region=US&query=GUILHERME%20OLIVEIRA,1699879098
869,2006-09-05,19.7,Individual,RODNEY RANDALL,Cardiology,2727 W DR MARTIN LUTHER KING JR BLVD,TAMPA,FL,33607,813-875-9900,https://www.facebook.com/ads/library/?active_status=active&ad_type=all&country=US&search_type=keyword_unordered&q=RODNEY%20RANDALL,https://adstransparency.google.com/?region=US&query=RODNEY%20RANDALL,1134221542
870,2006-09-02,19.7,Individual,LUIS LOPEZ,Gastroenterology,4700 N HABANA AVE,TAMPA,FL,33614,813-324-5888,https://www.facebook.com/ads/library/?active_status=active&ad_type=all&country=US&search_type=keyword_unordered&q=LUIS%20LOPEZ,https://adstransparency.google.com/?region=US&query=LUIS%20LOPEZ,1346342201
871,2006-09-01,19.7,Org,ASCENT CARDIOVASCULAR CENTER LLC,Cardiology,602 S AUDUBON AVE STE A,TAMPA,FL,33609,813-540-4322,https://www.facebook.com/ads/library/?active_status=active&ad_type=all&country=US&search_type=keyword_unordered&q=ASCENT%20CARDIOVASCULAR%20CENTER%20LLC,https://adstransparency.google.com/?region=US&query=ASCENT%20CARDIOVASCULAR%20CENTER%20LLC,1790887834
872,2006-09-01,19.7,Individual,ISRAEL CRESPO,Gastroenterology,6919 N DALE MABRY HWY STE 250,TAMPA,FL,33614,813-930-8816,https://www.facebook.com/ads/library/?active_status=active&ad_type=all&country=US&search_type=keyword_unordered&q=ISRAEL%20CRESPO,https://adstransparency.google.com/?region=US&query=ISRAEL%20CRESPO,1942302880
873,2006-09-01,19.7,Individual,MARGARITA BOBONIS BABILONIA,Psychiatry,12902 USF MAGNOLIA DR,TAMPA,FL,33612,813-745-7365,https://www.facebook.com/ads/library/?active_status=active&ad_type=all&country=US&search_type=keyword_unordered&q=MARGARITA%20BOBONIS%20BABILONIA,https://adstransparency.google.com/?region=US&query=MARGARITA%20BOBONIS%20BABILONIA,1902908940
874,2006-08-31,19.7,Individual,OLAYINKA BANKOLE,Primary Care,4204 B N MACDILL AVE,TAMPA,FL,33607,813-414-0825,https://www.facebook.com/ads/library/?active_status=active&ad_type=all&country=US&search_type=keyword_unordered&q=OLAYINKA%20BANKOLE,https://adstransparency.google.com/?region=US&query=OLAYINKA%20BANKOLE,1942312814
875,2006-08-31,19.7,Individual,SAMUEL BAROLD,Cardiology,4 COLUMBIA DRIVE,TAMPA,FL,33606,813-259-0600,https://www.facebook.com/ads/library/?active_status=active&ad_type=all&country=US&search_type=keyword_unordered&q=SAMUEL%20BAROLD,https://adstransparency.google.com/?region=US&query=SAMUEL%20BAROLD,1114038452
876,2006-08-31,19.7,Individual,GANESH CHARI,Psychiatry,11375 CORTEZ BLVD,BROOKSVILLE,FL,34613,856-291-6138,https://www.facebook.com/ads/library/?active_status=active&ad_type=all&country=US&search_type=keyword_unordered&q=GANESH%20CHARI,https://adstransparency.google.com/?region=US&query=GANESH%20CHARI,1215048061
877,2006-08-30,19.7,Org,THE REPRODUCTIVE MEDICINE GROUP,OB-GYN,612 MEDICAL CARE DR,BRANDON,FL,33511,813-661-9114,https://www.facebook.com/ads/library/?active_status=active&ad_type=all&country=US&search_type=keyword_unordered&q=THE%20REPRODUCTIVE%20MEDICINE%20GROUP,https://adstransparency.google.com/?region=US&query=THE%20REPRODUCTIVE%20MEDICINE%20GROUP,1275642100
878,2006-08-30,19.7,Individual,ANGEL ROSARIO,Gastroenterology,6919 N DALE MABRY HWY,TAMPA,FL,33614,813-930-8816,https://www.facebook.com/ads/library/?active_status=active&ad_type=all&country=US&search_type=keyword_unordered&q=ANGEL%20ROSARIO,https://adstransparency.google.com/?region=US&query=ANGEL%20ROSARIO,1023127909
879,2006-08-25,19.7,Individual,GITANJALI VIDYARTHI,Gastroenterology,13000 BRUCE B DOWNS BLVD,TAMPA,FL,33612,813-972-2000,https://www.facebook.com/ads/library/?active_status=active&ad_type=all&country=US&search_type=keyword_unordered&q=GITANJALI%20VIDYARTHI,https://adstransparency.google.com/?region=US&query=GITANJALI%20VIDYARTHI,1649387366
880,2006-08-25,19.7,Individual,JOSE FORADADA,Psychiatry,4710 N HABANA AVENUE,TAMPA,FL,33614,813-874-2000,https://www.facebook.com/ads/library/?active_status=active&ad_type=all&country=US&search_type=keyword_unordered&q=JOSE%20FORADADA,https://adstransparency.google.com/?region=US&query=JOSE%20FORADADA,1841308475
881,2006-08-23,19.8,Individual,WANDA BERRIOS,Primary Care,3050 MICHIGAN AVE,KISSIMMEE,FL,34744,407-343-8335,https://www.facebook.com/ads/library/?active_status=active&ad_type=all&country=US&search_type=keyword_unordered&q=WANDA%20BERRIOS,https://adstransparency.google.com/?region=US&query=WANDA%20BERRIOS,1932216496
882,2006-08-22,19.8,Individual,CARRI-ANN GIBSON,Psychiatry,13000 BRUCE B DOWNS BLVD,TAMPA,FL,33612,813-972-2000,https://www.facebook.com/ads/library/?active_status=active&ad_type=all&country=US&search_type=keyword_unordered&q=CARRI-ANN%20GIBSON,https://adstransparency.google.com/?region=US&query=CARRI-ANN%20GIBSON,1992811731
883,2006-08-21,19.8,Individual,PETER ACKERMAN,Primary Care,1229 E 131ST AVE,TAMPA,FL,33612,813-866-0950,https://www.facebook.com/ads/library/?active_status=active&ad_type=all&country=US&search_type=keyword_unordered&q=PETER%20ACKERMAN,https://adstransparency.google.com/?region=US&query=PETER%20ACKERMAN,1578679098
884,2006-08-21,19.8,Individual,DENNIS FELDMAN,Gastroenterology,14547 BRUCE B DAWNS BLVD #A,TAMPA,FL,33613,813-280-7100,https://www.facebook.com/ads/library/?active_status=active&ad_type=all&country=US&search_type=keyword_unordered&q=DENNIS%20FELDMAN,https://adstransparency.google.com/?region=US&query=DENNIS%20FELDMAN,1619082369
885,2006-08-21,19.8,Individual,BARRY FRANK,Gastroenterology,14547 BRUCE B DOWNS BLVD # A,TAMPA,FL,33613,813-972-2324,https://www.facebook.com/ads/library/?active_status=active&ad_type=all&country=US&search_type=keyword_unordered&q=BARRY%20FRANK,https://adstransparency.google.com/?region=US&query=BARRY%20FRANK,1114032760
886,2006-08-21,19.8,Individual,LORI STABINSKI,OB-GYN,4321 N MACDILL AVE,TAMPA,FL,33607,813-961-7440,https://www.facebook.com/ads/library/?active_status=active&ad_type=all&country=US&search_type=keyword_unordered&q=LORI%20STABINSKI,https://adstransparency.google.com/?region=US&query=LORI%20STABINSKI,1083720361
887,2006-08-20,19.8,Individual,JOSEPH CODY,Gastroenterology,14547 BRUCE B DOWNS BLVD STE A,TAMPA,FL,33613,813-972-2324,https://www.facebook.com/ads/library/?active_status=active&ad_type=all&country=US&search_type=keyword_unordered&q=JOSEPH%20CODY,https://adstransparency.google.com/?region=US&query=JOSEPH%20CODY,1376658039
888,2006-08-20,19.8,Individual,RYAN ESTEVEZ,Psychiatry,3515 E FLETCHER AVE,TAMPA,FL,33613,813-974-8900,https://www.facebook.com/ads/library/?active_status=active&ad_type=all&country=US&search_type=keyword_unordered&q=RYAN%20ESTEVEZ,https://adstransparency.google.com/?region=US&query=RYAN%20ESTEVEZ,1902911688
889,2006-08-18,19.8,Individual,F FAGHIH,Cardiology,13525 BAY LAKE LANE,TAMPA,FL,33618,813-956-3388,https://www.facebook.com/ads/library/?active_status=active&ad_type=all&country=US&search_type=keyword_unordered&q=F%20FAGHIH,https://adstransparency.google.com/?region=US&query=F%20FAGHIH,1134233182
890,2006-08-18,19.8,Individual,EMILE COMMEDORE,OB-GYN,6940 W LINEBAUGH AVE,TAMPA,FL,33625,813-962-3401,https://www.facebook.com/ads/library/?active_status=active&ad_type=all&country=US&search_type=keyword_unordered&q=EMILE%20COMMEDORE,https://adstransparency.google.com/?region=US&query=EMILE%20COMMEDORE,1952415960
891,2006-08-17,19.8,Individual,DEAN BRAMLET,Cardiology,4820 PARK BLVD N,PINELLAS PARK,FL,33781,727-345-1313,https://www.facebook.com/ads/library/?active_status=active&ad_type=all&country=US&search_type=keyword_unordered&q=DEAN%20BRAMLET,https://adstransparency.google.com/?region=US&query=DEAN%20BRAMLET,1164536488
892,2006-08-17,19.8,Individual,KRISTIN FARGHER,Psychiatry,12901 BRUCE B DOWNS BLVD,TAMPA,FL,33612,813-974-8900,https://www.facebook.com/ads/library/?active_status=active&ad_type=all&country=US&search_type=keyword_unordered&q=KRISTIN%20FARGHER,https://adstransparency.google.com/?region=US&query=KRISTIN%20FARGHER,1639283997
893,2006-08-16,19.8,Org,"PREMIER HEART AND VASCULAR CENTER, PA",Cardiology,38035 MEDICAL CENTER AVENUE,ZEPHYRHILLS,FL,33539,813-788-1400,https://www.facebook.com/ads/library/?active_status=active&ad_type=all&country=US&search_type=keyword_unordered&q=PREMIER%20HEART%20AND%20VASCULAR%20CENTER%2C%20PA,https://adstransparency.google.com/?region=US&query=PREMIER%20HEART%20AND%20VASCULAR%20CENTER%2C%20PA,1417060229
894,2006-08-16,19.8,Individual,HEIDI GOLDBERG,Gastroenterology,9555 SEMINOLE BLVD,SEMINOLE,FL,33772,727-393-6881,https://www.facebook.com/ads/library/?active_status=active&ad_type=all&country=US&search_type=keyword_unordered&q=HEIDI%20GOLDBERG,https://adstransparency.google.com/?region=US&query=HEIDI%20GOLDBERG,1346353059
895,2006-08-15,19.8,Individual,ARLENE LOBO,Cardiology,3665 MADACA LN,TAMPA,FL,33618,813-280-7380,https://www.facebook.com/ads/library/?active_status=active&ad_type=all&country=US&search_type=keyword_unordered&q=ARLENE%20LOBO,https://adstransparency.google.com/?region=US&query=ARLENE%20LOBO,1184637498
896,2006-08-15,19.8,Individual,JOAN MCCARTHY,OB-GYN,5 TAMPA GENERAL CIR,TAMPA,FL,33606,813-569-0740,https://www.facebook.com/ads/library/?active_status=active&ad_type=all&country=US&search_type=keyword_unordered&q=JOAN%20MCCARTHY,https://adstransparency.google.com/?region=US&query=JOAN%20MCCARTHY,1922111046
897,2006-08-14,19.8,Individual,BARBARA RUSSELL,OB-GYN,13000 BRUCE B DOWNS BLVD,TAMPA,FL,33612,813-972-2000,https://www.facebook.com/ads/library/?active_status=active&ad_type=all&country=US&search_type=keyword_unordered&q=BARBARA%20RUSSELL,https://adstransparency.google.com/?region=US&query=BARBARA%20RUSSELL,1578576302
898,2006-08-13,19.8,Org,TIYYAGURA S REDDY MD PA,Gastroenterology,7614 JACQUE RD STE B,HUDSON,FL,34667,727-863-2105,https://www.facebook.com/ads/library/?active_status=active&ad_type=all&country=US&search_type=keyword_unordered&q=TIYYAGURA%20S%20REDDY%20MD%20PA,https://adstransparency.google.com/?region=US&query=TIYYAGURA%20S%20REDDY%20MD%20PA,1114939410
899,2006-08-11,19.8,Individual,FREDERICK SLONE,Gastroenterology,552 RIVIERA DR,TAMPA,FL,33606,813-251-1838,https://www.facebook.com/ads/library/?active_status=active&ad_type=all&country=US&search_type=keyword_unordered&q=FREDERICK%20SLONE,https://adstransparency.google.com/?region=US&query=FREDERICK%20SLONE,1043221005
900,2006-08-10,19.8,Individual,HAIM PINKAS,Gastroenterology,12901 BRUCE B DOWNS BLVD,TAMPA,FL,33612,813-974-4115,https://www.facebook.com/ads/library/?active_status=active&ad_type=all&country=US&search_type=keyword_unordered&q=HAIM%20PINKAS,https://adstransparency.google.com/?region=US&query=HAIM%20PINKAS,1710998562
901,2006-08-09,19.8,Individual,ANTHONY MORRISON,Endocrinology,13330 USF LAUREL DR,TAMPA,FL,33612,813-974-2201,https://www.facebook.com/ads/library/?active_status=active&ad_type=all&country=US&search_type=keyword_unordered&q=ANTHONY%20MORRISON,https://adstransparency.google.com/?region=US&query=ANTHONY%20MORRISON,1518977792
902,2006-08-09,19.8,Individual,LESLIE MILLER,Cardiology,2 TAMPA GENERAL CIR,TAMPA,FL,33606,813-259-0600,https://www.facebook.com/ads/library/?active_status=active&ad_type=all&country=US&search_type=keyword_unordered&q=LESLIE%20MILLER,https://adstransparency.google.com/?region=US&query=LESLIE%20MILLER,1114937075
903,2006-08-09,19.8,Individual,JAY MAMEL,Gastroenterology,13330 USF LAUREL DR,TAMPA,FL,33612,813-974-2201,https://www.facebook.com/ads/library/?active_status=active&ad_type=all&country=US&search_type=keyword_unordered&q=JAY%20MAMEL,https://adstransparency.google.com/?region=US&query=JAY%20MAMEL,1467462739
904,2006-08-09,19.8,Individual,NICOLE FANARJIAN,OB-GYN,2919 W SWANN AVE STE 303,TAMPA,FL,33609,813-569-0740,https://www.facebook.com/ads/library/?active_status=active&ad_type=all&country=US&search_type=keyword_unordered&q=NICOLE%20FANARJIAN,https://adstransparency.google.com/?region=US&query=NICOLE%20FANARJIAN,1588674576
905,2006-08-09,19.8,Individual,ROBERT HELLER,OB-GYN,7308 BARCLAY CT,UNIVERSITY PARK,FL,34201,863-272-4118,https://www.facebook.com/ads/library/?active_status=active&ad_type=all&country=US&search_type=keyword_unordered&q=ROBERT%20HELLER,https://adstransparency.google.com/?region=US&query=ROBERT%20HELLER,1497765580
906,2006-08-08,19.8,Individual,ROBERT FARESE,Endocrinology,12901 BRUCE B DOWNS BLVD,TAMPA,FL,33612,813-974-2201,https://www.facebook.com/ads/library/?active_status=active&ad_type=all&country=US&search_type=keyword_unordered&q=ROBERT%20FARESE,https://adstransparency.google.com/?region=US&query=ROBERT%20FARESE,1013926849
907,2006-08-08,19.8,Individual,ARUNABHA GANGULY,Endocrinology,12901 BRUCE B DOWNS BLVD,TAMPA,FL,33612,813-974-4115,https://www.facebook.com/ads/library/?active_status=active&ad_type=all&country=US&search_type=keyword_unordered&q=ARUNABHA%20GANGULY,https://adstransparency.google.com/?region=US&query=ARUNABHA%20GANGULY,1336159169
908,2006-08-07,19.8,Individual,ROSSITZA CHICHKOVA,Psychiatry,12901 BRUCE B DOWNS BLVD,TAMPA,FL,33612,813-974-4115,https://www.facebook.com/ads/library/?active_status=active&ad_type=all&country=US&search_type=keyword_unordered&q=ROSSITZA%20CHICHKOVA,https://adstransparency.google.com/?region=US&query=ROSSITZA%20CHICHKOVA,1235148263
909,2006-08-05,19.8,Individual,MARIA GIERON-KORTHALS,Psychiatry,12901 BRUCE B DOWNS BLVD,TAMPA,FL,33612,813-259-8717,https://www.facebook.com/ads/library/?active_status=active&ad_type=all&country=US&search_type=keyword_unordered&q=MARIA%20GIERON-KORTHALS,https://adstransparency.google.com/?region=US&query=MARIA%20GIERON-KORTHALS,1609885276
910,2006-08-04,19.8,Individual,PATRICK BRADY,Gastroenterology,13330 USF LAUREL DR,TAMPA,FL,33612,813-974-2201,https://www.facebook.com/ads/library/?active_status=active&ad_type=all&country=US&search_type=keyword_unordered&q=PATRICK%20BRADY,https://adstransparency.google.com/?region=US&query=PATRICK%20BRADY,1518975788
911,2006-08-04,19.8,Individual,JOHN CHANG,Gastroenterology,11912 SHELDON RD,TAMPA,FL,33626,813-920-8882,https://www.facebook.com/ads/library/?active_status=active&ad_type=all&country=US&search_type=keyword_unordered&q=JOHN%20CHANG,https://adstransparency.google.com/?region=US&query=JOHN%20CHANG,1780692517
912,2006-08-03,19.8,Individual,MICHAEL CASCIO,Primary Care,SC HOUSE CALLS INC.,COLUMBIA,SC,29203,800-491-0909,https://www.facebook.com/ads/library/?active_status=active&ad_type=all&country=US&search_type=keyword_unordered&q=MICHAEL%20CASCIO,https://adstransparency.google.com/?region=US&query=MICHAEL%20CASCIO,1275541799
913,2006-08-03,19.8,Individual,JENNIFER BICKEL,Psychiatry,12902 USF MAGNOLIA DR,TAMPA,FL,33612,813-745-4673,https://www.facebook.com/ads/library/?active_status=active&ad_type=all&country=US&search_type=keyword_unordered&q=JENNIFER%20BICKEL,https://adstransparency.google.com/?region=US&query=JENNIFER%20BICKEL,1174531768
914,2006-08-02,19.8,Individual,MANOHAR APTE,Primary Care,17215 BROADOAK DR,TAMPA,FL,33647,813-972-9161,https://www.facebook.com/ads/library/?active_status=active&ad_type=all&country=US&search_type=keyword_unordered&q=MANOHAR%20APTE,https://adstransparency.google.com/?region=US&query=MANOHAR%20APTE,1710994595
915,2006-08-02,19.8,Individual,MAHER AYOUBI,Primary Care,2727 W DR MARTIN LUTHER KING JR BLVD STE 300,TAMPA,FL,33607,813-932-6106,https://www.facebook.com/ads/library/?active_status=active&ad_type=all&country=US&search_type=keyword_unordered&q=MAHER%20AYOUBI,https://adstransparency.google.com/?region=US&query=MAHER%20AYOUBI,1215944939
916,2006-08-01,19.8,Individual,ROBERTO MEDINA,Cardiology,14320 BRUCE B DOWNS BLVD,TAMPA,FL,33613,813-971-4544,https://www.facebook.com/ads/library/?active_status=active&ad_type=all&country=US&search_type=keyword_unordered&q=ROBERTO%20MEDINA,https://adstransparency.google.com/?region=US&query=ROBERTO%20MEDINA,1588671994
917,2006-07-31,19.8,Individual,ROBERT WENHAM,OB-GYN,12902 USF MAGNOLIA DR,TAMPA,FL,33612,813-745-5739,https://www.facebook.com/ads/library/?active_status=active&ad_type=all&country=US&search_type=keyword_unordered&q=ROBERT%20WENHAM,https://adstransparency.google.com/?region=US&query=ROBERT%20WENHAM,1295740645
918,2006-07-28,19.8,Org,UNIVERSITY MEDICAL SERVICE ASSOCIATION INC,Endocrinology,12901 BRUCE B DOWNS BLVD,TAMPA,FL,33612,813-974-2201,https://www.facebook.com/ads/library/?active_status=active&ad_type=all&country=US&search_type=keyword_unordered&q=UNIVERSITY%20MEDICAL%20SERVICE%20ASSOCIATION%20INC,https://adstransparency.google.com/?region=US&query=UNIVERSITY%20MEDICAL%20SERVICE%20ASSOCIATION%20INC,1114931094
919,2006-07-28,19.8,Individual,JAMES BARKER,Primary Care,13124 N FLORIDA AV,TAMPA,FL,33612,813-932-5389,https://www.facebook.com/ads/library/?active_status=active&ad_type=all&country=US&search_type=keyword_unordered&q=JAMES%20BARKER,https://adstransparency.google.com/?region=US&query=JAMES%20BARKER,1437163896
920,2006-07-27,19.8,Individual,LUIS PENA,Gastroenterology,12902 USF MAGNOLIA DR,TAMPA,FL,33612,813-745-7365,https://www.facebook.com/ads/library/?active_status=active&ad_type=all&country=US&search_type=keyword_unordered&q=LUIS%20PENA,https://adstransparency.google.com/?region=US&query=LUIS%20PENA,1831113398
921,2006-07-26,19.8,Individual,MANUEL AGUSTINES,Primary Care,13000 BRUCE B DOWNS BLVD,TAMPA,FL,33612,813-972-2000,https://www.facebook.com/ads/library/?active_status=active&ad_type=all&country=US&search_type=keyword_unordered&q=MANUEL%20AGUSTINES,https://adstransparency.google.com/?region=US&query=MANUEL%20AGUSTINES,1366465700
922,2006-07-26,19.8,Individual,MARIA ATKINSON,Primary Care,1328 SE 25TH LOOP STE 102,OCALA,FL,34471,352-529-1111,https://www.facebook.com/ads/library/?active_status=active&ad_type=all&country=US&search_type=keyword_unordered&q=MARIA%20ATKINSON,https://adstransparency.google.com/?region=US&query=MARIA%20ATKINSON,1538182787
923,2006-07-26,19.8,Individual,CELSO SILVA FILHO,OB-GYN,5016 W CYPRESS ST STE 302,TAMPA,FL,33607,813-906-2285,https://www.facebook.com/ads/library/?active_status=active&ad_type=all&country=US&search_type=keyword_unordered&q=CELSO%20SILVA%20FILHO,https://adstransparency.google.com/?region=US&query=CELSO%20SILVA%20FILHO,1942224027
924,2006-07-26,19.8,Individual,CHARLES BROCK,Psychiatry,13330 USF LAUREL DR,TAMPA,FL,33612,813-974-2201,https://www.facebook.com/ads/library/?active_status=active&ad_type=all&country=US&search_type=keyword_unordered&q=CHARLES%20BROCK,https://adstransparency.google.com/?region=US&query=CHARLES%20BROCK,1871516021
925,2006-07-26,19.8,Individual,CHERYL CARLUCCI,Psychiatry,12901 BRUCE B DOWNS BLVD,TAMPA,FL,33612,813-974-4115,https://www.facebook.com/ads/library/?active_status=active&ad_type=all&country=US&search_type=keyword_unordered&q=CHERYL%20CARLUCCI,https://adstransparency.google.com/?region=US&query=CHERYL%20CARLUCCI,1356364517
926,2006-07-25,19.8,Org,UNIVERSITY MEDICAL SERVICE ASSOCIATION INC,OB-GYN,2 TAMPA GENERAL CIR,TAMPA,FL,33606,813-259-8500,https://www.facebook.com/ads/library/?active_status=active&ad_type=all&country=US&search_type=keyword_unordered&q=UNIVERSITY%20MEDICAL%20SERVICE%20ASSOCIATION%20INC,https://adstransparency.google.com/?region=US&query=UNIVERSITY%20MEDICAL%20SERVICE%20ASSOCIATION%20INC,1760404784
927,2006-07-25,19.8,Individual,PHILIP ALTUS,Primary Care,2301 S LILA LN,TAMPA,FL,33629,813-251-0315,https://www.facebook.com/ads/library/?active_status=active&ad_type=all&country=US&search_type=keyword_unordered&q=PHILIP%20ALTUS,https://adstransparency.google.com/?region=US&query=PHILIP%20ALTUS,1811910557
928,2006-07-25,19.8,Individual,AMIR AWAD,Gastroenterology,11912 SHELDON RD,TAMPA,FL,33626,813-920-8882,https://www.facebook.com/ads/library/?active_status=active&ad_type=all&country=US&search_type=keyword_unordered&q=AMIR%20AWAD,https://adstransparency.google.com/?region=US&query=AMIR%20AWAD,1336162916
929,2006-07-25,19.8,Individual,WILLIAM ROBERTS,OB-GYN,12902 USF MAGNOLIA DR,TAMPA,FL,33612,813-745-4673,https://www.facebook.com/ads/library/?active_status=active&ad_type=all&country=US&search_type=keyword_unordered&q=WILLIAM%20ROBERTS,https://adstransparency.google.com/?region=US&query=WILLIAM%20ROBERTS,1053334532
930,2006-07-24,19.8,Individual,ANA BUCARELLI,Primary Care,8011 N HIMES AVE STE 4,TAMPA,FL,33614,813-488-1414,https://www.facebook.com/ads/library/?active_status=active&ad_type=all&country=US&search_type=keyword_unordered&q=ANA%20BUCARELLI,https://adstransparency.google.com/?region=US&query=ANA%20BUCARELLI,1700808201
931,2006-07-23,19.8,Org,ALFONSO H SAA MD PA NEW CORP,Psychiatry,4620 N. HABANA AVE.,TAMPA,FL,33614,813-875-8550,https://www.facebook.com/ads/library/?active_status=active&ad_type=all&country=US&search_type=keyword_unordered&q=ALFONSO%20H%20SAA%20MD%20PA%20NEW%20CORP,https://adstransparency.google.com/?region=US&query=ALFONSO%20H%20SAA%20MD%20PA%20NEW%20CORP,1700808698
932,2006-07-22,19.8,Individual,ASHOK AVAIYA,Primary Care,13000 BRUCE B DOWNS BLVD,TAMPA,FL,33612,813-972-2000,https://www.facebook.com/ads/library/?active_status=active&ad_type=all&country=US&search_type=keyword_unordered&q=ASHOK%20AVAIYA,https://adstransparency.google.com/?region=US&query=ASHOK%20AVAIYA,1851312110
933,2006-07-21,19.8,Individual,HOWARD LILIENFELD,Endocrinology,12902 USF MAGNOLIA DR,TAMPA,FL,33612,813-745-4673,https://www.facebook.com/ads/library/?active_status=active&ad_type=all&country=US&search_type=keyword_unordered&q=HOWARD%20LILIENFELD,https://adstransparency.google.com/?region=US&query=HOWARD%20LILIENFELD,1568483162
934,2006-07-21,19.8,Individual,GARY ARTHUR,Psychiatry,722 WEST DR MARTIN LUTHER KING BLVD,TAMPA,FL,33603,813-221-8122,https://www.facebook.com/ads/library/?active_status=active&ad_type=all&country=US&search_type=keyword_unordered&q=GARY%20ARTHUR,https://adstransparency.google.com/?region=US&query=GARY%20ARTHUR,1174544720
935,2006-07-20,19.8,Individual,KAREN CLARK,Primary Care,13000 BRUCE B DOWNS BLVD,TAMPA,FL,33612,813-972-2000,https://www.facebook.com/ads/library/?active_status=active&ad_type=all&country=US&search_type=keyword_unordered&q=KAREN%20CLARK,https://adstransparency.google.com/?region=US&query=KAREN%20CLARK,1508886797
936,2006-07-20,19.8,Individual,JASON KLAPMAN,Gastroenterology,12902 USF MAGNOLIA DR,TAMPA,FL,33612,813-745-4673,https://www.facebook.com/ads/library/?active_status=active&ad_type=all&country=US&search_type=keyword_unordered&q=JASON%20KLAPMAN,https://adstransparency.google.com/?region=US&query=JASON%20KLAPMAN,1003836396
937,2006-07-20,19.8,Individual,JONATHAN LANCASTER,OB-GYN,12902 USF MAGNOLIA DR,TAMPA,FL,33612,813-745-4673,https://www.facebook.com/ads/library/?active_status=active&ad_type=all&country=US&search_type=keyword_unordered&q=JONATHAN%20LANCASTER,https://adstransparency.google.com/?region=US&query=JONATHAN%20LANCASTER,1699795567
938,2006-07-19,19.8,Individual,JOAN CARTER,Primary Care,"13000 BRUCE B, DOWNS BOULEVARD",TAMPA,FL,33612,813-998-8000,https://www.facebook.com/ads/library/?active_status=active&ad_type=all&country=US&search_type=keyword_unordered&q=JOAN%20CARTER,https://adstransparency.google.com/?region=US&query=JOAN%20CARTER,1760401715
939,2006-07-19,19.8,Individual,ARTHUR LABOVITZ,Cardiology,2 TAMPA GENERAL CIR,TAMPA,FL,33606,813-259-0600,https://www.facebook.com/ads/library/?active_status=active&ad_type=all&country=US&search_type=keyword_unordered&q=ARTHUR%20LABOVITZ,https://adstransparency.google.com/?region=US&query=ARTHUR%20LABOVITZ,1477572535
940,2006-07-19,19.8,Individual,SHAHID MALIK,Cardiology,733 CORTARO DR,RUSKIN,FL,33573,813-633-9700,https://www.facebook.com/ads/library/?active_status=active&ad_type=all&country=US&search_type=keyword_unordered&q=SHAHID%20MALIK,https://adstransparency.google.com/?region=US&query=SHAHID%20MALIK,1306866058
941,2006-07-19,19.8,Individual,GERALD DOMINGUEZ,Gastroenterology,4710 N HABANA AVE STE 201,TAMPA,FL,33614,813-872-7987,https://www.facebook.com/ads/library/?active_status=active&ad_type=all&country=US&search_type=keyword_unordered&q=GERALD%20DOMINGUEZ,https://adstransparency.google.com/?region=US&query=GERALD%20DOMINGUEZ,1285653022
942,2006-07-18,19.9,Individual,SAJI KOSHY,Endocrinology,13901 BRUCE B DOWNS BLVD,TAMPA,FL,33613,813-615-7262,https://www.facebook.com/ads/library/?active_status=active&ad_type=all&country=US&search_type=keyword_unordered&q=SAJI%20KOSHY,https://adstransparency.google.com/?region=US&query=SAJI%20KOSHY,1982623286
943,2006-07-18,19.9,Individual,JOHN DELGADO,Gastroenterology,2919 W SWANN AVE STE 106,TAMPA,FL,33609,813-930-2829,https://www.facebook.com/ads/library/?active_status=active&ad_type=all&country=US&search_type=keyword_unordered&q=JOHN%20DELGADO,https://adstransparency.google.com/?region=US&query=JOHN%20DELGADO,1366460958
944,2006-07-18,19.9,Individual,WILLIAM DUDNEY,Psychiatry,205 S MACDILL AVE,TAMPA,FL,33609,813-873-2036,https://www.facebook.com/ads/library/?active_status=active&ad_type=all&country=US&search_type=keyword_unordered&q=WILLIAM%20DUDNEY,https://adstransparency.google.com/?region=US&query=WILLIAM%20DUDNEY,1922026863
945,2006-07-17,19.9,Individual,ROBERT HENNING,Cardiology,13000 BRUCE B DOWNS BLVD,TAMPA,FL,33612,813-972-2000,https://www.facebook.com/ads/library/?active_status=active&ad_type=all&country=US&search_type=keyword_unordered&q=ROBERT%20HENNING,https://adstransparency.google.com/?region=US&query=ROBERT%20HENNING,1124046206
946,2006-07-16,19.9,Org,FLORIDA CARDIOVASCULAR INSTITUTE PA,Cardiology,509 S ARMENIA AVE,TAMPA,FL,33609,813-353-1515,https://www.facebook.com/ads/library/?active_status=active&ad_type=all&country=US&search_type=keyword_unordered&q=FLORIDA%20CARDIOVASCULAR%20INSTITUTE%20PA,https://adstransparency.google.com/?region=US&query=FLORIDA%20CARDIOVASCULAR%20INSTITUTE%20PA,1447277322
947,2006-07-16,19.9,Individual,YESHITILA AGZEW,Primary Care,19947 TAMIAMI AVE,TAMPA,FL,33647,813-716-6959,https://www.facebook.com/ads/library/?active_status=active&ad_type=all&country=US&search_type=keyword_unordered&q=YESHITILA%20AGZEW,https://adstransparency.google.com/?region=US&query=YESHITILA%20AGZEW,1801813829
948,2006-07-15,19.9,Org,KARON R LOCICERO MD PA,Endocrinology,2605 W SWANN AVE,TAMPA,FL,33609,813-876-7073,https://www.facebook.com/ads/library/?active_status=active&ad_type=all&country=US&search_type=keyword_unordered&q=KARON%20R%20LOCICERO%20MD%20PA,https://adstransparency.google.com/?region=US&query=KARON%20R%20LOCICERO%20MD%20PA,1326064890
949,2006-07-15,19.9,Individual,CURTIS ADOLPHSON,Primary Care,12901 BRUCE B DOWNS BLVD,TAMPA,FL,33612,813-259-0655,https://www.facebook.com/ads/library/?active_status=active&ad_type=all&country=US&search_type=keyword_unordered&q=CURTIS%20ADOLPHSON,https://adstransparency.google.com/?region=US&query=CURTIS%20ADOLPHSON,1720004104
950,2006-07-14,19.9,Individual,JAMES HELM,Gastroenterology,12902 USF MAGNOLIA DR,TAMPA,FL,33612,813-745-3980,https://www.facebook.com/ads/library/?active_status=active&ad_type=all&country=US&search_type=keyword_unordered&q=JAMES%20HELM,https://adstransparency.google.com/?region=US&query=JAMES%20HELM,1972529642
951,2006-07-14,19.9,Individual,GABRIEL DE ERAUSQUIN,Psychiatry,8300 FLOYD CURL DR,SAN ANTONIO,TX,78229,210-450-9700,https://www.facebook.com/ads/library/?active_status=active&ad_type=all&country=US&search_type=keyword_unordered&q=GABRIEL%20DE%20ERAUSQUIN,https://adstransparency.google.com/?region=US&query=GABRIEL%20DE%20ERAUSQUIN,1831115138
952,2006-07-13,19.9,Org,BERLAND AND MCCONNELL MDS PA,Primary Care,11663 COUNTRYWAY BLVD,TAMPA,FL,33626,813-891-6310,https://www.facebook.com/ads/library/?active_status=active&ad_type=all&country=US&search_type=keyword_unordered&q=BERLAND%20AND%20MCCONNELL%20MDS%20PA,https://adstransparency.google.com/?region=US&query=BERLAND%20AND%20MCCONNELL%20MDS%20PA,1780609255
953,2006-07-13,19.9,Individual,EDUARDO PASCUAL,Cardiology,3000 MEDICAL PARK DR STE 300,TAMPA,FL,33613,813-497-9661,https://www.facebook.com/ads/library/?active_status=active&ad_type=all&country=US&search_type=keyword_unordered&q=EDUARDO%20PASCUAL,https://adstransparency.google.com/?region=US&query=EDUARDO%20PASCUAL,1790700417
954,2006-07-13,19.9,Individual,ALAN WEINTRAUB,Gastroenterology,4108 HENDERSON BLVD,TAMPA,FL,33629,813-289-4321,https://www.facebook.com/ads/library/?active_status=active&ad_type=all&country=US&search_type=keyword_unordered&q=ALAN%20WEINTRAUB,https://adstransparency.google.com/?region=US&query=ALAN%20WEINTRAUB,1780609065
955,2006-07-13,19.9,Individual,SELIM BENBADIS,Psychiatry,2 TAMPA GENERAL CIR,TAMPA,FL,33606,813-259-0892,https://www.facebook.com/ads/library/?active_status=active&ad_type=all&country=US&search_type=keyword_unordered&q=SELIM%20BENBADIS,https://adstransparency.google.com/?region=US&query=SELIM%20BENBADIS,1710902689
956,2006-07-12,19.9,Individual,ERNESTO AYALA,Primary Care,4500 SAN PABLO RD S,JACKSONVILLE,FL,32224,904-953-2000,https://www.facebook.com/ads/library/?active_status=active&ad_type=all&country=US&search_type=keyword_unordered&q=ERNESTO%20AYALA,https://adstransparency.google.com/?region=US&query=ERNESTO%20AYALA,1336164342
957,2006-07-12,19.9,Individual,SARAH KLINE,OB-GYN,13601 BRUCE B DOWNS BLVD,TAMPA,FL,33613,813-632-7070,https://www.facebook.com/ads/library/?active_status=active&ad_type=all&country=US&search_type=keyword_unordered&q=SARAH%20KLINE,https://adstransparency.google.com/?region=US&query=SARAH%20KLINE,1073538229
958,2006-07-11,19.9,Individual,RON SHEMESH,OB-GYN,3610 MADACA LN,TAMPA,FL,33618,813-935-2273,https://www.facebook.com/ads/library/?active_status=active&ad_type=all&country=US&search_type=keyword_unordered&q=RON%20SHEMESH,https://adstransparency.google.com/?region=US&query=RON%20SHEMESH,1821023763
959,2006-07-11,19.9,Individual,WILLIAM BURGIN,Psychiatry,2 TAMPA GENERAL CIR,TAMPA,FL,33606,813-259-8577,https://www.facebook.com/ads/library/?active_status=active&ad_type=all&country=US&search_type=keyword_unordered&q=WILLIAM%20BURGIN,https://adstransparency.google.com/?region=US&query=WILLIAM%20BURGIN,1508891524
960,2006-07-08,19.9,Org,CENTER FOR DIGESTIVE DISEASES PA,Gastroenterology,1609 PASADENA AVE S,ST PETERSBURG,FL,33707,727-384-2016,https://www.facebook.com/ads/library/?active_status=active&ad_type=all&country=US&search_type=keyword_unordered&q=CENTER%20FOR%20DIGESTIVE%20DISEASES%20PA,https://adstransparency.google.com/?region=US&query=CENTER%20FOR%20DIGESTIVE%20DISEASES%20PA,1619900248
961,2006-07-07,19.9,Individual,SCOTT ANTONIA,Primary Care,12902 USF MAGNOLIA DR,TAMPA,FL,33612,813-745-4673,https://www.facebook.com/ads/library/?active_status=active&ad_type=all&country=US&search_type=keyword_unordered&q=SCOTT%20ANTONIA,https://adstransparency.google.com/?region=US&query=SCOTT%20ANTONIA,1669404091
962,2006-07-07,19.9,Individual,DARRIN BEAUPRE,Primary Care,12902 USF MAGNOLIA DR,TAMPA,FL,33612,813-974-0706,https://www.facebook.com/ads/library/?active_status=active&ad_type=all&country=US&search_type=keyword_unordered&q=DARRIN%20BEAUPRE,https://adstransparency.google.com/?region=US&query=DARRIN%20BEAUPRE,1952334823
963,2006-07-06,19.9,Individual,WILLIAM ALBERTS,Primary Care,12902 USF MAGNOLIA DR,TAMPA,FL,33612,813-745-4673,https://www.facebook.com/ads/library/?active_status=active&ad_type=all&country=US&search_type=keyword_unordered&q=WILLIAM%20ALBERTS,https://adstransparency.google.com/?region=US&query=WILLIAM%20ALBERTS,1124050786
964,2006-07-06,19.9,Individual,MELISSA ALSINA,Primary Care,12902 USF MAGNOLIA DR,TAMPA,FL,33612,813-745-7208,https://www.facebook.com/ads/library/?active_status=active&ad_type=all&country=US&search_type=keyword_unordered&q=MELISSA%20ALSINA,https://adstransparency.google.com/?region=US&query=MELISSA%20ALSINA,1184656746
965,2006-07-06,19.9,Individual,PRASAD KULKARNI,Gastroenterology,13000 BRUCE B DOWNS BLVD,TAMPA,FL,33612,813-972-2000,https://www.facebook.com/ads/library/?active_status=active&ad_type=all&country=US&search_type=keyword_unordered&q=PRASAD%20KULKARNI,https://adstransparency.google.com/?region=US&query=PRASAD%20KULKARNI,1477585198
966,2006-07-05,19.9,Org,DRS ANGEL MORALES KALTER RAMOS-SANTOS FONTENOT MDS PA,OB-GYN,13601 BRUCE B DOWNS BLVD,TAMPA,FL,33613,813-971-6909,https://www.facebook.com/ads/library/?active_status=active&ad_type=all&country=US&search_type=keyword_unordered&q=DRS%20ANGEL%20MORALES%20KALTER%20RAMOS-SANTOS%20FONTENOT%20MDS%20PA,https://adstransparency.google.com/?region=US&query=DRS%20ANGEL%20MORALES%20KALTER%20RAMOS-SANTOS%20FONTENOT%20MDS%20PA,1942231402
967,2006-07-05,19.9,Individual,MARIE BRISTER,Primary Care,12400 N DALE MABRY HWY,TAMPA,FL,33618,813-596-9326,https://www.facebook.com/ads/library/?active_status=active&ad_type=all&country=US&search_type=keyword_unordered&q=MARIE%20BRISTER,https://adstransparency.google.com/?region=US&query=MARIE%20BRISTER,1811928120
968,2006-07-05,19.9,Individual,MICHAEL BENGTSON,Psychiatry,3515 E FLETCHER AVE,TAMPA,FL,33613,813-974-8900,https://www.facebook.com/ads/library/?active_status=active&ad_type=all&country=US&search_type=keyword_unordered&q=MICHAEL%20BENGTSON,https://adstransparency.google.com/?region=US&query=MICHAEL%20BENGTSON,1225069826
969,2006-07-05,19.9,Individual,SAJEEL CHOWDHARY,Psychiatry,2 TAMPA GENERAL CIR FL 3,TAMPA,FL,33606,813-844-7585,https://www.facebook.com/ads/library/?active_status=active&ad_type=all&country=US&search_type=keyword_unordered&q=SAJEEL%20CHOWDHARY,https://adstransparency.google.com/?region=US&query=SAJEEL%20CHOWDHARY,1972533685
970,2006-07-04,19.9,Individual,SILVIA ABREU READ,Primary Care,8075 GATE PKWY W STE 302,JACKSONVILLE,FL,32216,904-717-2351,https://www.facebook.com/ads/library/?active_status=active&ad_type=all&country=US&search_type=keyword_unordered&q=SILVIA%20ABREU%20READ,https://adstransparency.google.com/?region=US&query=SILVIA%20ABREU%20READ,1871523886
971,2006-07-04,19.9,Individual,SUMAN BHAT,Psychiatry,613 W DR MARTIN LUTHER KING JR BLVD,TAMPA,FL,33603,813-237-1958,https://www.facebook.com/ads/library/?active_status=active&ad_type=all&country=US&search_type=keyword_unordered&q=SUMAN%20BHAT,https://adstransparency.google.com/?region=US&query=SUMAN%20BHAT,1144250234
972,2006-07-04,19.9,Individual,MARGARET BOOTH-JONES,Psychiatry,12902 USF MAGNOLIA DR,TAMPA,FL,33612,813-745-4630,https://www.facebook.com/ads/library/?active_status=active&ad_type=all&country=US&search_type=keyword_unordered&q=MARGARET%20BOOTH-JONES,https://adstransparency.google.com/?region=US&query=MARGARET%20BOOTH-JONES,1063442283
973,2006-07-03,19.9,Individual,SAVITHRI BHAMIDIPATI,Primary Care,13000 BRUCE B DOWNS BLVD,TAMPA,FL,33612,813-972-2000,https://www.facebook.com/ads/library/?active_status=active&ad_type=all&country=US&search_type=keyword_unordered&q=SAVITHRI%20BHAMIDIPATI,https://adstransparency.google.com/?region=US&query=SAVITHRI%20BHAMIDIPATI,1508896945
974,2006-07-03,19.9,Individual,LODOVICO BALDUCCI,Primary Care,12902 USF MAGNOLIA DR,TAMPA,FL,33612,813-745-6790,https://www.facebook.com/ads/library/?active_status=active&ad_type=all&country=US&search_type=keyword_unordered&q=LODOVICO%20BALDUCCI,https://adstransparency.google.com/?region=US&query=LODOVICO%20BALDUCCI,1720017494
975,2006-07-03,19.9,Individual,MUHANAD MUSTAFA,Gastroenterology,3000 MEDICAL PARK DRIVE,TAMPA,FL,33613,813-615-7028,https://www.facebook.com/ads/library/?active_status=active&ad_type=all&country=US&search_type=keyword_unordered&q=MUHANAD%20MUSTAFA,https://adstransparency.google.com/?region=US&query=MUHANAD%20MUSTAFA,1457381022
976,2006-07-01,19.9,Individual,CLAUDIO ANASETTI,Primary Care,12902 USF MAGNOLIA DR,TAMPA,FL,33612,813-745-2720,https://www.facebook.com/ads/library/?active_status=active&ad_type=all&country=US&search_type=keyword_unordered&q=CLAUDIO%20ANASETTI,https://adstransparency.google.com/?region=US&query=CLAUDIO%20ANASETTI,1871522995
977,2006-07-01,19.9,Individual,SACHIN APTE,OB-GYN,12902 USF MAGNOLIA DR,TAMPA,FL,33612,813-745-7205,https://www.facebook.com/ads/library/?active_status=active&ad_type=all&country=US&search_type=keyword_unordered&q=SACHIN%20APTE,https://adstransparency.google.com/?region=US&query=SACHIN%20APTE,1932138070
978,2006-06-30,19.9,Individual,ERIC CORIS,Primary Care,12901 BRUCE B DOWNS BLVD,TAMPA,FL,33612,813-974-2918,https://www.facebook.com/ads/library/?active_status=active&ad_type=all&country=US&search_type=keyword_unordered&q=ERIC%20CORIS,https://adstransparency.google.com/?region=US&query=ERIC%20CORIS,1114955770
979,2006-06-30,19.9,Individual,JOHN DORMOIS,Cardiology,2835 W. DELEON ST.,TAMPA,FL,33609,813-872-6170,https://www.facebook.com/ads/library/?active_status=active&ad_type=all&country=US&search_type=keyword_unordered&q=JOHN%20DORMOIS,https://adstransparency.google.com/?region=US&query=JOHN%20DORMOIS,1255360590
980,2006-06-30,19.9,Individual,RAYMOND FERNANDEZ,Psychiatry,2508 W VIRGINIA AVE,TAMPA,FL,33607,813-878-2191,https://www.facebook.com/ads/library/?active_status=active&ad_type=all&country=US&search_type=keyword_unordered&q=RAYMOND%20FERNANDEZ,https://adstransparency.google.com/?region=US&query=RAYMOND%20FERNANDEZ,1508895905
981,2006-06-29,19.9,Individual,DURGA CHINTAKAYALA,Primary Care,86 EAST 49 STREET,BROOKLYN,NY,11203,718-604-5402,https://www.facebook.com/ads/library/?active_status=active&ad_type=all&country=US&search_type=keyword_unordered&q=DURGA%20CHINTAKAYALA,https://adstransparency.google.com/?region=US&query=DURGA%20CHINTAKAYALA,1083642078
982,2006-06-29,19.9,Individual,GLENN CURRIER,Psychiatry,22 BRAMHALL ST,PORTLAND,ME,04102,207-662-0111,https://www.facebook.com/ads/library/?active_status=active&ad_type=all&country=US&search_type=keyword_unordered&q=GLENN%20CURRIER,https://adstransparency.google.com/?region=US&query=GLENN%20CURRIER,1194753012
983,2006-06-28,19.9,Individual,PETER KNIGHT,Cardiology,1 DAVIS BLVD,TAMPA,FL,33606,813-254-2441,https://www.facebook.com/ads/library/?active_status=active&ad_type=all&country=US&search_type=keyword_unordered&q=PETER%20KNIGHT,https://adstransparency.google.com/?region=US&query=PETER%20KNIGHT,1306874631
984,2006-06-27,19.9,Individual,LAZARO HERNANDEZ,OB-GYN,2309 W M L KING BLVD,TAMPA,FL,33607,813-879-2778,https://www.facebook.com/ads/library/?active_status=active&ad_type=all&country=US&search_type=keyword_unordered&q=LAZARO%20HERNANDEZ,https://adstransparency.google.com/?region=US&query=LAZARO%20HERNANDEZ,1619904562
985,2006-06-25,19.9,Individual,ALEJANDRO CINTAS,Primary Care,6101 WEBB RD STE 301,TAMPA,FL,33615,813-885-3600,https://www.facebook.com/ads/library/?active_status=active&ad_type=all&country=US&search_type=keyword_unordered&q=ALEJANDRO%20CINTAS,https://adstransparency.google.com/?region=US&query=ALEJANDRO%20CINTAS,1427084888
986,2006-06-23,19.9,Individual,MATTHEW GLOVER,Cardiology,4612 N HABANA AVE,TAMPA,FL,33614,813-875-9000,https://www.facebook.com/ads/library/?active_status=active&ad_type=all&country=US&search_type=keyword_unordered&q=MATTHEW%20GLOVER,https://adstransparency.google.com/?region=US&query=MATTHEW%20GLOVER,1760418594
987,2006-06-23,19.9,Individual,ANTHONY GOLDMAN,Cardiology,4612 N HABANA AVE,TAMPA,FL,33614,813-875-9000,https://www.facebook.com/ads/library/?active_status=active&ad_type=all&country=US&search_type=keyword_unordered&q=ANTHONY%20GOLDMAN,https://adstransparency.google.com/?region=US&query=ANTHONY%20GOLDMAN,1871529693
988,2006-06-22,19.9,Individual,HUMBERTO COTO,Cardiology,7001 N DALE MABRY HWY STE 10,TAMPA,FL,33614,813-558-8828,https://www.facebook.com/ads/library/?active_status=active&ad_type=all&country=US&search_type=keyword_unordered&q=HUMBERTO%20COTO,https://adstransparency.google.com/?region=US&query=HUMBERTO%20COTO,1306882824
989,2006-06-22,19.9,Individual,JAMES IRWIN,Cardiology,16105 N FLORIDA AVE STE E,LUTZ,FL,33549,813-644-4572,https://www.facebook.com/ads/library/?active_status=active&ad_type=all&country=US&search_type=keyword_unordered&q=JAMES%20IRWIN,https://adstransparency.google.com/?region=US&query=JAMES%20IRWIN,1669418901
990,2006-06-21,19.9,Individual,PEGGY COFFEY,Psychiatry,13000 BRUCE B DOWNS BLVD,TAMPA,FL,33612,813-972-2000,https://www.facebook.com/ads/library/?active_status=active&ad_type=all&country=US&search_type=keyword_unordered&q=PEGGY%20COFFEY,https://adstransparency.google.com/?region=US&query=PEGGY%20COFFEY,1558307405
991,2006-06-20,19.9,Individual,JOEY ANCHETA,Primary Care,6826 W LINEBAUGH AVE,TAMPA,FL,33625,813-388-2935,https://www.facebook.com/ads/library/?active_status=active&ad_type=all&country=US&search_type=keyword_unordered&q=JOEY%20ANCHETA,https://adstransparency.google.com/?region=US&query=JOEY%20ANCHETA,1841235926
992,2006-06-19,19.9,Individual,BENGT HERWEG,Cardiology,2 TAMPA GENERAL CIR,TAMPA,FL,33606,813-259-0660,https://www.facebook.com/ads/library/?active_status=active&ad_type=all&country=US&search_type=keyword_unordered&q=BENGT%20HERWEG,https://adstransparency.google.com/?region=US&query=BENGT%20HERWEG,1104861319
993,2006-06-19,19.9,Individual,ARZU ILERCIL,Cardiology,2 TAMPA GENERAL CIR,TAMPA,FL,33606,813-974-2201,https://www.facebook.com/ads/library/?active_status=active&ad_type=all&country=US&search_type=keyword_unordered&q=ARZU%20ILERCIL,https://adstransparency.google.com/?region=US&query=ARZU%20ILERCIL,1447295639
994,2006-06-19,19.9,Individual,JAN LANOUETTE,OB-GYN,2 TAMPA GENERAL CIR FL 6,TAMPA,FL,33606,813-974-2201,https://www.facebook.com/ads/library/?active_status=active&ad_type=all&country=US&search_type=keyword_unordered&q=JAN%20LANOUETTE,https://adstransparency.google.com/?region=US&query=JAN%20LANOUETTE,1275578635
995,2006-06-17,19.9,Org,PINELLAS EKG INTERPRETERS INC,Cardiology,323 JEFFORDS ST,CLEARWATER,FL,33756,727-462-7000,https://www.facebook.com/ads/library/?active_status=active&ad_type=all&country=US&search_type=keyword_unordered&q=PINELLAS%20EKG%20INTERPRETERS%20INC,https://adstransparency.google.com/?region=US&query=PINELLAS%20EKG%20INTERPRETERS%20INC,1013952977
996,2006-06-17,19.9,Individual,MALINDA MOUSSA,OB-GYN,1361 13TH AVE S STE 110&190,JACKSONVILLE BEACH,FL,32250,904-247-5514,https://www.facebook.com/ads/library/?active_status=active&ad_type=all&country=US&search_type=keyword_unordered&q=MALINDA%20MOUSSA,https://adstransparency.google.com/?region=US&query=MALINDA%20MOUSSA,1801831698
997,2006-06-17,19.9,Individual,BARBARA PEEPLES,OB-GYN,1375 ROBERTS DR STE 206,JACKSONVILLE BEACH,FL,32250,904-247-1456,https://www.facebook.com/ads/library/?active_status=active&ad_type=all&country=US&search_type=keyword_unordered&q=BARBARA%20PEEPLES,https://adstransparency.google.com/?region=US&query=BARBARA%20PEEPLES,1841235728
998,2006-06-15,19.9,Individual,JUAN ANGEL,Primary Care,2810 W SAINT ISABEL ST,TAMPA,FL,33607,813-890-8004,https://www.facebook.com/ads/library/?active_status=active&ad_type=all&country=US&search_type=keyword_unordered&q=JUAN%20ANGEL,https://adstransparency.google.com/?region=US&query=JUAN%20ANGEL,1336183748
999,2006-06-15,19.9,Individual,LINDA CHASE,OB-GYN,4321 N MACDILL AVE STE 405,TAMPA,FL,33607,813-874-0430,https://www.facebook.com/ads/library/?active_status=active&ad_type=all&country=US&search_type=keyword_unordered&q=LINDA%20CHASE,https://adstransparency.google.com/?region=US&query=LINDA%20CHASE,1043254550
1000,2006-06-15,19.9,Individual,MITCHEL HOFFMAN,OB-GYN,2 TAMPA GENERAL CIR FL 4,TAMPA,FL,33606,813-259-8597,https://www.facebook.com/ads/library/?active_status=active&ad_type=all&country=US&search_type=keyword_unordered&q=MITCHEL%20HOFFMAN,https://adstransparency.google.com/?region=US&query=MITCHEL%20HOFFMAN,1366486870
1001,2006-06-14,19.9,Individual,GERARDO PALACIOS,Gastroenterology,1004 W LINEBAUGH AVE,TAMPA,FL,33612,813-932-3132,https://www.facebook.com/ads/library/?active_status=active&ad_type=all&country=US&search_type=keyword_unordered&q=GERARDO%20PALACIOS,https://adstransparency.google.com/?region=US&query=GERARDO%20PALACIOS,1144263427
1002,2006-06-13,19.9,Individual,ANGELO FERNANDES,Gastroenterology,3000 MEDICAL PARK DR STE 500,TAMPA,FL,33613,813-615-7028,https://www.facebook.com/ads/library/?active_status=active&ad_type=all&country=US&search_type=keyword_unordered&q=ANGELO%20FERNANDES,https://adstransparency.google.com/?region=US&query=ANGELO%20FERNANDES,1316980071
1003,2006-06-12,20.0,Individual,JOHN ARMSTRONG,Primary Care,2810 W SAINT ISABEL ST STE 201,TAMPA,FL,33607,813-890-8004,https://www.facebook.com/ads/library/?active_status=active&ad_type=all&country=US&search_type=keyword_unordered&q=JOHN%20ARMSTRONG,https://adstransparency.google.com/?region=US&query=JOHN%20ARMSTRONG,1194767335
1004,2006-06-12,20.0,Individual,BARBARA BACHMAN,Gastroenterology,13000 BRUCE B DOWNS BLVD,TAMPA,FL,33612,813-972-2000,https://www.facebook.com/ads/library/?active_status=active&ad_type=all&country=US&search_type=keyword_unordered&q=BARBARA%20BACHMAN,https://adstransparency.google.com/?region=US&query=BARBARA%20BACHMAN,1447292602
1005,2006-06-12,20.0,Individual,ADNAN MUHAMMAD,Gastroenterology,3000 MEDICAL PARK DR STE 500,TAMPA,FL,33613,813-615-7028,https://www.facebook.com/ads/library/?active_status=active&ad_type=all&country=US&search_type=keyword_unordered&q=ADNAN%20MUHAMMAD,https://adstransparency.google.com/?region=US&query=ADNAN%20MUHAMMAD,1942242938
1006,2006-06-11,20.0,Org,ROBERT BRAUNER MD PL,OB-GYN,13601 BRUCE B DOWNS BLVD,TAMPA,FL,33613,813-979-9100,https://www.facebook.com/ads/library/?active_status=active&ad_type=all&country=US&search_type=keyword_unordered&q=ROBERT%20BRAUNER%20MD%20PL,https://adstransparency.google.com/?region=US&query=ROBERT%20BRAUNER%20MD%20PL,1861434417
1007,2006-06-11,20.0,Individual,ADNAN ARSLANAGIC,Primary Care,2810 W SAINT ISABEL ST,TAMPA,FL,33607,813-890-8004,https://www.facebook.com/ads/library/?active_status=active&ad_type=all&country=US&search_type=keyword_unordered&q=ADNAN%20ARSLANAGIC,https://adstransparency.google.com/?region=US&query=ADNAN%20ARSLANAGIC,1154363729
1008,2006-06-11,20.0,Individual,ROBERT FURR,OB-GYN,2701 W DR MARTIN LUTHER KING JR BLVD,TAMPA,FL,33607,813-738-6690,https://www.facebook.com/ads/library/?active_status=active&ad_type=all&country=US&search_type=keyword_unordered&q=ROBERT%20FURR,https://adstransparency.google.com/?region=US&query=ROBERT%20FURR,1972545408
1009,2006-06-10,20.0,Individual,XAVIER PRIDA,Cardiology,2 TAMPA GENERAL CIR,TAMPA,FL,33606,813-259-0600,https://www.facebook.com/ads/library/?active_status=active&ad_type=all&country=US&search_type=keyword_unordered&q=XAVIER%20PRIDA,https://adstransparency.google.com/?region=US&query=XAVIER%20PRIDA,1780626465
1010,2006-06-10,20.0,Individual,JOSE FERREIRA,Psychiatry,508 S HABANA AVE,TAMPA,FL,33609,813-873-7367,https://www.facebook.com/ads/library/?active_status=active&ad_type=all&country=US&search_type=keyword_unordered&q=JOSE%20FERREIRA,https://adstransparency.google.com/?region=US&query=JOSE%20FERREIRA,1861433559
1011,2006-06-09,20.0,Individual,SAMUEL AGRESTA,Primary Care,12902 MAGNOLIA DR,TAMPA,FL,33612,813-745-5768,https://www.facebook.com/ads/library/?active_status=active&ad_type=all&country=US&search_type=keyword_unordered&q=SAMUEL%20AGRESTA,https://adstransparency.google.com/?region=US&query=SAMUEL%20AGRESTA,1043251457
1012,2006-06-09,20.0,Individual,ENA ANDREWS,Psychiatry,2727 W DR MLK BLVD STE 700,TAMPA,FL,33607,727-532-0002,https://www.facebook.com/ads/library/?active_status=active&ad_type=all&country=US&search_type=keyword_unordered&q=ENA%20ANDREWS,https://adstransparency.google.com/?region=US&query=ENA%20ANDREWS,1962443143
1013,2006-06-08,20.0,Org,UNIVERSITY MEDICAL SERVICE ASSOCIATION INC,Endocrinology,13330 USF LAUREL DR,TAMPA,FL,33612,813-974-2201,https://www.facebook.com/ads/library/?active_status=active&ad_type=all&country=US&search_type=keyword_unordered&q=UNIVERSITY%20MEDICAL%20SERVICE%20ASSOCIATION%20INC,https://adstransparency.google.com/?region=US&query=UNIVERSITY%20MEDICAL%20SERVICE%20ASSOCIATION%20INC,1245270164
1014,2006-06-08,20.0,Individual,ROBERT HARIMAN,Cardiology,13000 BRUCE B DOWNS BLVD,TAMPA,FL,33612,813-972-2000,https://www.facebook.com/ads/library/?active_status=active&ad_type=all&country=US&search_type=keyword_unordered&q=ROBERT%20HARIMAN,https://adstransparency.google.com/?region=US&query=ROBERT%20HARIMAN,1548200165
1015,2006-06-07,20.0,Org,BAY AREA HOSPITALISTS PA,Primary Care,2810 W SAINT ISABEL ST STE 201,TAMPA,FL,33607,813-890-8004,https://www.facebook.com/ads/library/?active_status=active&ad_type=all&country=US&search_type=keyword_unordered&q=BAY%20AREA%20HOSPITALISTS%20PA,https://adstransparency.google.com/?region=US&query=BAY%20AREA%20HOSPITALISTS%20PA,1457391948
1016,2006-06-07,20.0,Org,"GERARDO F. PALACIOS, M.D. P. A.",Gastroenterology,1004 W LINEBAUGH AVE,TAMPA,FL,33612,813-932-3132,https://www.facebook.com/ads/library/?active_status=active&ad_type=all&country=US&search_type=keyword_unordered&q=GERARDO%20F.%20PALACIOS%2C%20M.D.%20P.%20A.,https://adstransparency.google.com/?region=US&query=GERARDO%20F.%20PALACIOS%2C%20M.D.%20P.%20A.,1104866607
1017,2006-06-07,20.0,Org,UNIVERSITY MEDICAL SERVICE ASSOCIATION INC,OB-GYN,2 TAMPA GENERAL CIR,TAMPA,FL,33606,813-974-2201,https://www.facebook.com/ads/library/?active_status=active&ad_type=all&country=US&search_type=keyword_unordered&q=UNIVERSITY%20MEDICAL%20SERVICE%20ASSOCIATION%20INC,https://adstransparency.google.com/?region=US&query=UNIVERSITY%20MEDICAL%20SERVICE%20ASSOCIATION%20INC,1326088295
1018,2006-06-07,20.0,Individual,JOSE CRUZ,Primary Care,4730 N HABANA AVE STE 300,TAMPA,FL,33614,813-876-7700,https://www.facebook.com/ads/library/?active_status=active&ad_type=all&country=US&search_type=keyword_unordered&q=JOSE%20CRUZ,https://adstransparency.google.com/?region=US&query=JOSE%20CRUZ,1841230240
1019,2006-06-06,20.0,Individual,GEORGE DAVIS,Primary Care,13311 N 56TH ST,TAMPA,FL,33617,813-899-2015,https://www.facebook.com/ads/library/?active_status=active&ad_type=all&country=US&search_type=keyword_unordered&q=GEORGE%20DAVIS,https://adstransparency.google.com/?region=US&query=GEORGE%20DAVIS,1740229558
1020,2006-06-05,20.0,Individual,STEPHANIE BENEDICT,Primary Care,303 E ALTAMONTE DR STE 1000,ALTAMONTE SPRINGS,FL,32701,407-349-7917,https://www.facebook.com/ads/library/?active_status=active&ad_type=all&country=US&search_type=keyword_unordered&q=STEPHANIE%20BENEDICT,https://adstransparency.google.com/?region=US&query=STEPHANIE%20BENEDICT,1790724029
1021,2006-06-05,20.0,Individual,HAROLD BIVINS,OB-GYN,14710 BRUCE B DOWNS BLVD,TAMPA,FL,33613,813-738-6691,https://www.facebook.com/ads/library/?active_status=active&ad_type=all&country=US&search_type=keyword_unordered&q=HAROLD%20BIVINS,https://adstransparency.google.com/?region=US&query=HAROLD%20BIVINS,1841239753
1022,2006-06-04,20.0,Individual,AMBREEN QURESHI,Endocrinology,508 S HABANA AVE STE 360,TAMPA,FL,33609,813-474-3636,https://www.facebook.com/ads/library/?active_status=active&ad_type=all&country=US&search_type=keyword_unordered&q=AMBREEN%20QURESHI,https://adstransparency.google.com/?region=US&query=AMBREEN%20QURESHI,1164460788
1023,2006-06-03,20.0,Individual,VIMESH MITHANI,Cardiology,2676 W LAKE RD,PALM HARBOR,FL,34684,727-786-1000,https://www.facebook.com/ads/library/?active_status=active&ad_type=all&country=US&search_type=keyword_unordered&q=VIMESH%20MITHANI,https://adstransparency.google.com/?region=US&query=VIMESH%20MITHANI,1407894132
1024,2006-06-03,20.0,Individual,LENNOX HOYTE,OB-GYN,12901 BRUCE B DOWNS BLVD,TAMPA,FL,33612,813-259-8500,https://www.facebook.com/ads/library/?active_status=active&ad_type=all&country=US&search_type=keyword_unordered&q=LENNOX%20HOYTE,https://adstransparency.google.com/?region=US&query=LENNOX%20HOYTE,1417995465
1025,2006-06-03,20.0,Individual,DEBORAH BURKE,Psychiatry,5 TAMPA GENERAL CIR,TAMPA,FL,33606,813-866-1600,https://www.facebook.com/ads/library/?active_status=active&ad_type=all&country=US&search_type=keyword_unordered&q=DEBORAH%20BURKE,https://adstransparency.google.com/?region=US&query=DEBORAH%20BURKE,1780622662
1026,2006-06-02,20.0,Individual,GLENN CATALANO,Psychiatry,13000 BRUCE B DOWNS BLVD,TAMPA,FL,33612,813-631-7122,https://www.facebook.com/ads/library/?active_status=active&ad_type=all&country=US&search_type=keyword_unordered&q=GLENN%20CATALANO,https://adstransparency.google.com/?region=US&query=GLENN%20CATALANO,1821036971
1027,2006-05-31,20.0,Org,UNIVERSITY MEDICAL SERVICE ASSOCIATION INC,OB-GYN,2 TAMPA GENERAL CIR,TAMPA,FL,33606,813-259-8500,https://www.facebook.com/ads/library/?active_status=active&ad_type=all&country=US&search_type=keyword_unordered&q=UNIVERSITY%20MEDICAL%20SERVICE%20ASSOCIATION%20INC,https://adstransparency.google.com/?region=US&query=UNIVERSITY%20MEDICAL%20SERVICE%20ASSOCIATION%20INC,1629015797
1028,2006-05-30,20.0,Individual,IMAD NAKSHABENDI,Gastroenterology,671 S KINGS AVE,BRANDON,FL,33511,813-972-3750,https://www.facebook.com/ads/library/?active_status=active&ad_type=all&country=US&search_type=keyword_unordered&q=IMAD%20NAKSHABENDI,https://adstransparency.google.com/?region=US&query=IMAD%20NAKSHABENDI,1689621054
1029,2006-05-28,20.0,Org,"WEST COAST NEONATOLOGY, INC.",OB-GYN,601 5TH ST S,ST PETERSBURG,FL,33701,727-767-4313,https://www.facebook.com/ads/library/?active_status=active&ad_type=all&country=US&search_type=keyword_unordered&q=WEST%20COAST%20NEONATOLOGY%2C%20INC.,https://adstransparency.google.com/?region=US&query=WEST%20COAST%20NEONATOLOGY%2C%20INC.,1225085715
1030,2006-05-27,20.0,Individual,AMR ABOUZIED,Primary Care,2810 W SAINT ISABEL ST,TAMPA,FL,33607,813-890-8004,https://www.facebook.com/ads/library/?active_status=active&ad_type=all&country=US&search_type=keyword_unordered&q=AMR%20ABOUZIED,https://adstransparency.google.com/?region=US&query=AMR%20ABOUZIED,1295782084
1031,2006-05-27,20.0,Individual,ALLAND FRY,OB-GYN,13601 BRUCE B DOWNS BLVD,TAMPA,FL,33613,813-971-6909,https://www.facebook.com/ads/library/?active_status=active&ad_type=all&country=US&search_type=keyword_unordered&q=ALLAND%20FRY,https://adstransparency.google.com/?region=US&query=ALLAND%20FRY,1891742805
1032,2006-05-26,20.0,Individual,AUGUSTINE AGOCHA,Cardiology,3000 MEDICAL PARK DR STE 300,TAMPA,FL,33613,813-497-9661,https://www.facebook.com/ads/library/?active_status=active&ad_type=all&country=US&search_type=keyword_unordered&q=AUGUSTINE%20AGOCHA,https://adstransparency.google.com/?region=US&query=AUGUSTINE%20AGOCHA,1003863135
1033,2006-05-25,20.0,Org,"BONNIE R. SAKS, MD & ASSOCIATES",Psychiatry,3333 W KENNEDY BLVD,TAMPA,FL,33609,813-354-9444,https://www.facebook.com/ads/library/?active_status=active&ad_type=all&country=US&search_type=keyword_unordered&q=BONNIE%20R.%20SAKS%2C%20MD%20%26%20ASSOCIATES,https://adstransparency.google.com/?region=US&query=BONNIE%20R.%20SAKS%2C%20MD%20%26%20ASSOCIATES,1417903493
1034,2006-05-24,20.0,Individual,GORDON MCNEAL,OB-GYN,12880 COMMODITY PL,TAMPA,FL,33626,877-872-5788,https://www.facebook.com/ads/library/?active_status=active&ad_type=all&country=US&search_type=keyword_unordered&q=GORDON%20MCNEAL,https://adstransparency.google.com/?region=US&query=GORDON%20MCNEAL,1053366229
1035,2006-05-24,20.0,Individual,SHARON RUFFI,OB-GYN,2818 WEST VIRGINIA AVE,TAMPA,FL,33607,813-872-8551,https://www.facebook.com/ads/library/?active_status=active&ad_type=all&country=US&search_type=keyword_unordered&q=SHARON%20RUFFI,https://adstransparency.google.com/?region=US&query=SHARON%20RUFFI,1003861295
1036,2006-05-23,20.0,Individual,JEFFREY ABRAHAM,Primary Care,1042 ROYAL PASS RD,TAMPA,FL,33602,727-398-6661,https://www.facebook.com/ads/library/?active_status=active&ad_type=all&country=US&search_type=keyword_unordered&q=JEFFREY%20ABRAHAM,https://adstransparency.google.com/?region=US&query=JEFFREY%20ABRAHAM,1396790937
1037,2006-05-19,20.0,Org,AXIOM MEDICAL CLINIC LLC,Primary Care,9507 ANDERSON RD,TAMPA,FL,33634,813-319-1330,https://www.facebook.com/ads/library/?active_status=active&ad_type=all&country=US&search_type=keyword_unordered&q=AXIOM%20MEDICAL%20CLINIC%20LLC,https://adstransparency.google.com/?region=US&query=AXIOM%20MEDICAL%20CLINIC%20LLC,1750335329
1038,2006-05-19,20.0,Individual,KANTILAL BHADJA,Primary Care,3010 W AZEELE ST STE 100,TAMPA,FL,33609,813-251-0194,https://www.facebook.com/ads/library/?active_status=active&ad_type=all&country=US&search_type=keyword_unordered&q=KANTILAL%20BHADJA,https://adstransparency.google.com/?region=US&query=KANTILAL%20BHADJA,1033162052
1039,2006-05-19,20.0,Individual,RAMESH ASHWATH,Gastroenterology,1130 KYLE WOOD LN,BRANDON,FL,33511,813-600-5423,https://www.facebook.com/ads/library/?active_status=active&ad_type=all&country=US&search_type=keyword_unordered&q=RAMESH%20ASHWATH,https://adstransparency.google.com/?region=US&query=RAMESH%20ASHWATH,1386698074
1040,2006-05-19,20.0,Individual,SHAYNE PLOSKER,OB-GYN,4 COLUMBIA DR,TAMPA,FL,33606,813-259-8500,https://www.facebook.com/ads/library/?active_status=active&ad_type=all&country=US&search_type=keyword_unordered&q=SHAYNE%20PLOSKER,https://adstransparency.google.com/?region=US&query=SHAYNE%20PLOSKER,1801849617
1041,2006-05-18,20.0,Individual,FABIO LEONELLI,Cardiology,12901 BRUCE B DOWNS BLVD,TAMPA,FL,33612,813-259-0600,https://www.facebook.com/ads/library/?active_status=active&ad_type=all&country=US&search_type=keyword_unordered&q=FABIO%20LEONELLI,https://adstransparency.google.com/?region=US&query=FABIO%20LEONELLI,1215980206
1042,2006-05-17,20.0,Individual,COLIN BEACH,Primary Care,15285 AMBERLY DR,TAMPA,FL,33647,813-979-6978,https://www.facebook.com/ads/library/?active_status=active&ad_type=all&country=US&search_type=keyword_unordered&q=COLIN%20BEACH,https://adstransparency.google.com/?region=US&query=COLIN%20BEACH,1790737898
1043,2006-05-17,20.0,Individual,AMANDA HORTON,OB-GYN,13601 BRUCE B DOWNS BLVD STE 250,TAMPA,FL,33613,813-291-2623,https://www.facebook.com/ads/library/?active_status=active&ad_type=all&country=US&search_type=keyword_unordered&q=AMANDA%20HORTON,https://adstransparency.google.com/?region=US&query=AMANDA%20HORTON,1730131509
1044,2006-05-17,20.0,Individual,ALFONSO CHEN,Psychiatry,14505 BRUCE B DOWNS BLVD,TAMPA,FL,33613,813-971-5533,https://www.facebook.com/ads/library/?active_status=active&ad_type=all&country=US&search_type=keyword_unordered&q=ALFONSO%20CHEN,https://adstransparency.google.com/?region=US&query=ALFONSO%20CHEN,1649222514
1045,2006-05-12,20.0,Org,DIGESTIVE AND LIVER HEALTH SPECIALISTS PA,Gastroenterology,2605 W SWANN AVE,TAMPA,FL,33609,813-649-8733,https://www.facebook.com/ads/library/?active_status=active&ad_type=all&country=US&search_type=keyword_unordered&q=DIGESTIVE%20AND%20LIVER%20HEALTH%20SPECIALISTS%20PA,https://adstransparency.google.com/?region=US&query=DIGESTIVE%20AND%20LIVER%20HEALTH%20SPECIALISTS%20PA,1942251152
1046,2006-05-12,20.0,Individual,TALAL HAMDAN,Cardiology,2715 N MACDILL AVE,TAMPA,FL,33607,813-280-0202,https://www.facebook.com/ads/library/?active_status=active&ad_type=all&country=US&search_type=keyword_unordered&q=TALAL%20HAMDAN,https://adstransparency.google.com/?region=US&query=TALAL%20HAMDAN,1689625113
1047,2006-05-12,20.0,Individual,JOSEPH POLCARO,OB-GYN,13601 BRUCE B DOWNS BLVD STE 250,TAMPA,FL,33613,813-291-2623,https://www.facebook.com/ads/library/?active_status=active&ad_type=all&country=US&search_type=keyword_unordered&q=JOSEPH%20POLCARO,https://adstransparency.google.com/?region=US&query=JOSEPH%20POLCARO,1598716920
1048,2006-05-11,20.0,Individual,MANUEL SAINZ DE LA PENA,Endocrinology,2727 WEST MARTIN LUTHER KING BLVD,TAMPA,FL,33607,813-875-8453,https://www.facebook.com/ads/library/?active_status=active&ad_type=all&country=US&search_type=keyword_unordered&q=MANUEL%20SAINZ%20DE%20LA%20PENA,https://adstransparency.google.com/?region=US&query=MANUEL%20SAINZ%20DE%20LA%20PENA,1194775817
1049,2006-05-09,20.0,Individual,GUSTAVO BARRAZUETA,Primary Care,4102 N MACDILL AVE STE A,TAMPA,FL,33607,813-876-4900,https://www.facebook.com/ads/library/?active_status=active&ad_type=all&country=US&search_type=keyword_unordered&q=GUSTAVO%20BARRAZUETA,https://adstransparency.google.com/?region=US&query=GUSTAVO%20BARRAZUETA,1831148444
1050,2006-05-09,20.0,Individual,STEVEN GITOMER,OB-GYN,6516 GUNN HWY,TAMPA,FL,33625,813-969-2340,https://www.facebook.com/ads/library/?active_status=active&ad_type=all&country=US&search_type=keyword_unordered&q=STEVEN%20GITOMER,https://adstransparency.google.com/?region=US&query=STEVEN%20GITOMER,1457300188
1051,2006-05-09,20.0,Individual,HASSAN BITAR,Psychiatry,1771 S KINGS AVE,BRANDON,FL,33511,813-684-5880,https://www.facebook.com/ads/library/?active_status=active&ad_type=all&country=US&search_type=keyword_unordered&q=HASSAN%20BITAR,https://adstransparency.google.com/?region=US&query=HASSAN%20BITAR,1699724450
1052,2006-05-04,20.1,Individual,MITCHELL CHECKVER,Primary Care,7211 N DALE MABRY HWY,TAMPA,FL,33614,813-933-2841,https://www.facebook.com/ads/library/?active_status=active&ad_type=all&country=US&search_type=keyword_unordered&q=MITCHELL%20CHECKVER,https://adstransparency.google.com/?region=US&query=MITCHELL%20CHECKVER,1881642650
1053,2006-05-04,20.1,Individual,IOANA DUMITRU,Cardiology,5 TAMPA GENERAL CIR STE 300,TAMPA,FL,33606,813-251-0793,https://www.facebook.com/ads/library/?active_status=active&ad_type=all&country=US&search_type=keyword_unordered&q=IOANA%20DUMITRU,https://adstransparency.google.com/?region=US&query=IOANA%20DUMITRU,1801844089
1054,2006-05-04,20.1,Individual,ALAN KLIBANOFF,Gastroenterology,33920 US 19 N STE 124,PALM HARBOR,FL,34684,727-785-7654,https://www.facebook.com/ads/library/?active_status=active&ad_type=all&country=US&search_type=keyword_unordered&q=ALAN%20KLIBANOFF,https://adstransparency.google.com/?region=US&query=ALAN%20KLIBANOFF,1740238989
1055,2006-05-04,20.1,Individual,RICHARD LACAMERA,Gastroenterology,1259 FM 1463 RD STE 500,KATY,TX,77494,713-429-4550,https://www.facebook.com/ads/library/?active_status=active&ad_type=all&country=US&search_type=keyword_unordered&q=RICHARD%20LACAMERA,https://adstransparency.google.com/?region=US&query=RICHARD%20LACAMERA,1427006659
1056,2006-05-03,20.1,Individual,PHILIP CORRAO,Primary Care,11924 SHELDON RD,TAMPA,FL,33626,813-926-2177,https://www.facebook.com/ads/library/?active_status=active&ad_type=all&country=US&search_type=keyword_unordered&q=PHILIP%20CORRAO,https://adstransparency.google.com/?region=US&query=PHILIP%20CORRAO,1992763650
1057,2006-05-03,20.1,Individual,MICHAEL CROMER,Primary Care,4278 W LINEBAUGH AVE,TAMPA,FL,33624,813-960-3321,https://www.facebook.com/ads/library/?active_status=active&ad_type=all&country=US&search_type=keyword_unordered&q=MICHAEL%20CROMER,https://adstransparency.google.com/?region=US&query=MICHAEL%20CROMER,1326006081
1058,2006-05-02,20.1,Individual,FRANCIS NUTHALAPATY,OB-GYN,14710 BRUCE B DOWNS BLVD,TAMPA,FL,33613,813-684-2229,https://www.facebook.com/ads/library/?active_status=active&ad_type=all&country=US&search_type=keyword_unordered&q=FRANCIS%20NUTHALAPATY,https://adstransparency.google.com/?region=US&query=FRANCIS%20NUTHALAPATY,1457319170
1059,2006-05-01,20.1,Org,DENISE Y ALVERANGA AND EUGENE A WARD MD PA,Gastroenterology,3450 E FLETCHER AVE,TAMPA,FL,33613,813-972-1654,https://www.facebook.com/ads/library/?active_status=active&ad_type=all&country=US&search_type=keyword_unordered&q=DENISE%20Y%20ALVERANGA%20AND%20EUGENE%20A%20WARD%20MD%20PA,https://adstransparency.google.com/?region=US&query=DENISE%20Y%20ALVERANGA%20AND%20EUGENE%20A%20WARD%20MD%20PA,1548228679
1060,2006-04-28,20.1,Org,"ACUTE CARE SPECIALISTS OF FT MYERS, PLLC",Primary Care,2727 WINKLER AVE,FT MYERS,FL,33901,954-770-3346,https://www.facebook.com/ads/library/?active_status=active&ad_type=all&country=US&search_type=keyword_unordered&q=ACUTE%20CARE%20SPECIALISTS%20OF%20FT%20MYERS%2C%20PLLC,https://adstransparency.google.com/?region=US&query=ACUTE%20CARE%20SPECIALISTS%20OF%20FT%20MYERS%2C%20PLLC,1437116712
1061,2006-04-28,20.1,Org,FLORIDA HEALTH SCIENCES CENTER INC,Endocrinology,1 TAMPA GENERAL CIRCLE,TAMPA,FL,33606,813-844-7000,https://www.facebook.com/ads/library/?active_status=active&ad_type=all&country=US&search_type=keyword_unordered&q=FLORIDA%20HEALTH%20SCIENCES%20CENTER%20INC,https://adstransparency.google.com/?region=US&query=FLORIDA%20HEALTH%20SCIENCES%20CENTER%20INC,1235196510
1062,2006-04-27,20.1,Individual,PHILIP ATIGRE,Primary Care,5112 N HABANA AVE,TAMPA,FL,33614,813-374-2406,https://www.facebook.com/ads/library/?active_status=active&ad_type=all&country=US&search_type=keyword_unordered&q=PHILIP%20ATIGRE,https://adstransparency.google.com/?region=US&query=PHILIP%20ATIGRE,1871550483
1063,2006-04-26,20.1,Individual,NYINGI KEMMER,Gastroenterology,409 BAYSHORE BLVD.,TAMPA,FL,33606,800-844-9302,https://www.facebook.com/ads/library/?active_status=active&ad_type=all&country=US&search_type=keyword_unordered&q=NYINGI%20KEMMER,https://adstransparency.google.com/?region=US&query=NYINGI%20KEMMER,1962468900
1064,2006-04-26,20.1,Individual,CAROL BROWNING,OB-GYN,3 SHIRCLIFF WAY STE 200,JACKSONVILLE,FL,32204,904-384-3699,https://www.facebook.com/ads/library/?active_status=active&ad_type=all&country=US&search_type=keyword_unordered&q=CAROL%20BROWNING,https://adstransparency.google.com/?region=US&query=CAROL%20BROWNING,1568428662
1065,2006-04-20,20.1,Individual,VERLEE FINES HERNANDEZ,OB-GYN,13601 BRUCE B DOWNS BLVD,TAMPA,FL,33613,813-971-6909,https://www.facebook.com/ads/library/?active_status=active&ad_type=all&country=US&search_type=keyword_unordered&q=VERLEE%20FINES%20HERNANDEZ,https://adstransparency.google.com/?region=US&query=VERLEE%20FINES%20HERNANDEZ,1184689259
1066,2006-04-17,20.1,Individual,SAIHARI SADANANDAN,Cardiology,4612 N HABANA AVE,TAMPA,FL,33614,813-875-9000,https://www.facebook.com/ads/library/?active_status=active&ad_type=all&country=US&search_type=keyword_unordered&q=SAIHARI%20SADANANDAN,https://adstransparency.google.com/?region=US&query=SAIHARI%20SADANANDAN,1457315293
1067,2006-04-11,20.1,Individual,CATHERINE COWART,OB-GYN,2919 W SWANN AVE STE 307,TAMPA,FL,33609,813-872-0018,https://www.facebook.com/ads/library/?active_status=active&ad_type=all&country=US&search_type=keyword_unordered&q=CATHERINE%20COWART,https://adstransparency.google.com/?region=US&query=CATHERINE%20COWART,1457314205
1068,2006-04-06,20.1,Individual,DAVID VESELY,Endocrinology,13000 BRUCE B DOWNS BLVD,TAMPA,FL,33612,813-972-7624,https://www.facebook.com/ads/library/?active_status=active&ad_type=all&country=US&search_type=keyword_unordered&q=DAVID%20VESELY,https://adstransparency.google.com/?region=US&query=DAVID%20VESELY,1235191842
1069,2006-04-05,20.1,Individual,RICHARD MYERS,OB-GYN,14546 OLD SAINT AUGUSTINE RD STE 311,JACKSONVILLE,FL,32258,904-260-2255,https://www.facebook.com/ads/library/?active_status=active&ad_type=all&country=US&search_type=keyword_unordered&q=RICHARD%20MYERS,https://adstransparency.google.com/?region=US&query=RICHARD%20MYERS,1134181068
1070,2006-04-05,20.1,Individual,WILFORD PAULK,OB-GYN,14546 OLD SAINT AUGUSTINE RD STE 311,JACKSONVILLE,FL,32258,904-260-2255,https://www.facebook.com/ads/library/?active_status=active&ad_type=all&country=US&search_type=keyword_unordered&q=WILFORD%20PAULK,https://adstransparency.google.com/?region=US&query=WILFORD%20PAULK,1861454704
1071,2006-04-05,20.1,Individual,PATRICIA SCHROEDER,OB-GYN,1375 ROBERTS DR STE 206,JACKSONVILLE BEACH,FL,32250,904-247-1456,https://www.facebook.com/ads/library/?active_status=active&ad_type=all&country=US&search_type=keyword_unordered&q=PATRICIA%20SCHROEDER,https://adstransparency.google.com/?region=US&query=PATRICIA%20SCHROEDER,1043272842
1072,2006-04-04,20.1,Org,"BAY REGIONAL & INTL INST. OF NEUROLOGY, INC",Psychiatry,2508 W. SAINT ISABEL STREET,TAMPA,FL,33607,813-876-3783,https://www.facebook.com/ads/library/?active_status=active&ad_type=all&country=US&search_type=keyword_unordered&q=BAY%20REGIONAL%20%26%20INTL%20INST.%20OF%20NEUROLOGY%2C%20INC,https://adstransparency.google.com/?region=US&query=BAY%20REGIONAL%20%26%20INTL%20INST.%20OF%20NEUROLOGY%2C%20INC,1215999446
1073,2006-04-04,20.1,Individual,EDWARD AMOAH,Primary Care,27455 CASHFORD CIR,WESLEY CHAPEL,FL,33544,813-948-5810,https://www.facebook.com/ads/library/?active_status=active&ad_type=all&country=US&search_type=keyword_unordered&q=EDWARD%20AMOAH,https://adstransparency.google.com/?region=US&query=EDWARD%20AMOAH,1336101450
1074,2006-04-04,20.1,Individual,JOAQUIN GOMEZ-DASPET,Endocrinology,13000 BRUCE B DOWNS BLVD,TAMPA,FL,33612,813-972-7624,https://www.facebook.com/ads/library/?active_status=active&ad_type=all&country=US&search_type=keyword_unordered&q=JOAQUIN%20GOMEZ-DASPET,https://adstransparency.google.com/?region=US&query=JOAQUIN%20GOMEZ-DASPET,1417919556
1075,2006-04-03,20.1,Individual,SAYED EL-AZEEM,OB-GYN,5016 W CYPRESS ST STE 300,TAMPA,FL,33607,813-644-6235,https://www.facebook.com/ads/library/?active_status=active&ad_type=all&country=US&search_type=keyword_unordered&q=SAYED%20EL-AZEEM,https://adstransparency.google.com/?region=US&query=SAYED%20EL-AZEEM,1194787622
1076,2006-03-31,20.2,Individual,SHELDON SCHEINERT,Gastroenterology,1609 PASADENA AVE S,ST PETERSBURG,FL,33707,727-384-2016,https://www.facebook.com/ads/library/?active_status=active&ad_type=all&country=US&search_type=keyword_unordered&q=SHELDON%20SCHEINERT,https://adstransparency.google.com/?region=US&query=SHELDON%20SCHEINERT,1851352462
1077,2006-03-31,20.2,Individual,CHRIS SLOAN,OB-GYN,13601 BRUCE B DOWNS BLVD,TAMPA,FL,33613,813-971-6909,https://www.facebook.com/ads/library/?active_status=active&ad_type=all&country=US&search_type=keyword_unordered&q=CHRIS%20SLOAN,https://adstransparency.google.com/?region=US&query=CHRIS%20SLOAN,1902867658
1078,2006-03-29,20.2,Individual,MARIJANE BOYD,OB-GYN,1375 ROBERTS DR STE 206,JACKSONVILLE BEACH,FL,32250,904-247-1456,https://www.facebook.com/ads/library/?active_status=active&ad_type=all&country=US&search_type=keyword_unordered&q=MARIJANE%20BOYD,https://adstransparency.google.com/?region=US&query=MARIJANE%20BOYD,1487615530
1079,2006-03-29,20.2,Individual,PATRICK CONNOR,OB-GYN,14546 OLD SAINT AUGUSTINE RD STE 305&311,JACKSONVILLE,FL,32258,904-260-2255,https://www.facebook.com/ads/library/?active_status=active&ad_type=all&country=US&search_type=keyword_unordered&q=PATRICK%20CONNOR,https://adstransparency.google.com/?region=US&query=PATRICK%20CONNOR,1134180250
1080,2006-03-27,20.2,Individual,LEONEL CAMEJO,Primary Care,7015 N ARMENIA AVE,TAMPA,FL,33604,813-443-5224,https://www.facebook.com/ads/library/?active_status=active&ad_type=all&country=US&search_type=keyword_unordered&q=LEONEL%20CAMEJO,https://adstransparency.google.com/?region=US&query=LEONEL%20CAMEJO,1326008947
1081,2006-03-27,20.2,Individual,JOHN STAUFFER,Gastroenterology,2919 W SWANN AVE,TAMPA,FL,33609,813-870-3971,https://www.facebook.com/ads/library/?active_status=active&ad_type=all&country=US&search_type=keyword_unordered&q=JOHN%20STAUFFER,https://adstransparency.google.com/?region=US&query=JOHN%20STAUFFER,1407816952
1082,2006-03-24,20.2,Individual,KATHERINE BENCZE,Psychiatry,13601 BRUCE B DOWNS BLVD,TAMPA,FL,33613,813-972-3654,https://www.facebook.com/ads/library/?active_status=active&ad_type=all&country=US&search_type=keyword_unordered&q=KATHERINE%20BENCZE,https://adstransparency.google.com/?region=US&query=KATHERINE%20BENCZE,1104886035
1083,2006-03-22,20.2,Individual,THOMAS AUXTER,Primary Care,333 TAMIAMI TRL S STE 102,VENICE,FL,34285,941-234-1288,https://www.facebook.com/ads/library/?active_status=active&ad_type=all&country=US&search_type=keyword_unordered&q=THOMAS%20AUXTER,https://adstransparency.google.com/?region=US&query=THOMAS%20AUXTER,1902865470
1084,2006-03-22,20.2,Individual,HECTOR CASES,Psychiatry,725 CORTARO DR,SUN CITY CENTER,FL,33573,813-426-8265,https://www.facebook.com/ads/library/?active_status=active&ad_type=all&country=US&search_type=keyword_unordered&q=HECTOR%20CASES,https://adstransparency.google.com/?region=US&query=HECTOR%20CASES,1265491781
1085,2006-03-17,20.2,Individual,ARACELIA BERNIER,Primary Care,425 W 19TH ST,PANAMA CITY,FL,32405,850-344-1433,https://www.facebook.com/ads/library/?active_status=active&ad_type=all&country=US&search_type=keyword_unordered&q=ARACELIA%20BERNIER,https://adstransparency.google.com/?region=US&query=ARACELIA%20BERNIER,1215996400
1086,2006-03-17,20.2,Individual,JAMES ABRAHAM,Primary Care,371 CHANNELSIDE WALK WAY,TAMPA,FL,33602,813-228-7846,https://www.facebook.com/ads/library/?active_status=active&ad_type=all&country=US&search_type=keyword_unordered&q=JAMES%20ABRAHAM,https://adstransparency.google.com/?region=US&query=JAMES%20ABRAHAM,1467421735
1087,2006-03-14,20.2,Individual,EDWARD BRAUN,Primary Care,3404 26TH AVE S,ST PETERSBURG,FL,33711,727-318-6880,https://www.facebook.com/ads/library/?active_status=active&ad_type=all&country=US&search_type=keyword_unordered&q=EDWARD%20BRAUN,https://adstransparency.google.com/?region=US&query=EDWARD%20BRAUN,1558330639
1088,2006-03-10,20.2,Individual,GREGORY GOODEN,Cardiology,2021 N LEMANS BLVD,TAMPA,FL,33607,863-660-1612,https://www.facebook.com/ads/library/?active_status=active&ad_type=all&country=US&search_type=keyword_unordered&q=GREGORY%20GOODEN,https://adstransparency.google.com/?region=US&query=GREGORY%20GOODEN,1932177383
1089,2006-03-09,20.2,Individual,LUIS ARROYO,Cardiology,5 TAMPA GENERAL CIR,TAMPA,FL,33606,813-251-0793,https://www.facebook.com/ads/library/?active_status=active&ad_type=all&country=US&search_type=keyword_unordered&q=LUIS%20ARROYO,https://adstransparency.google.com/?region=US&query=LUIS%20ARROYO,1811965650
1090,2006-03-09,20.2,Individual,DANY SAYAD,Cardiology,509 S ARMENIA AVE,TAMPA,FL,33609,813-353-0248,https://www.facebook.com/ads/library/?active_status=active&ad_type=all&country=US&search_type=keyword_unordered&q=DANY%20SAYAD,https://adstransparency.google.com/?region=US&query=DANY%20SAYAD,1578531166
1091,2006-03-08,20.2,Individual,DANIEL MASON,Cardiology,13000 BRUCE B DOWNS BLVD,TAMPA,FL,33612,813-979-3689,https://www.facebook.com/ads/library/?active_status=active&ad_type=all&country=US&search_type=keyword_unordered&q=DANIEL%20MASON,https://adstransparency.google.com/?region=US&query=DANIEL%20MASON,1962470955
1092,2006-03-08,20.2,Individual,MARGARET STRUTHERS,OB-GYN,603 7TH ST S,ST PETERSBURG,FL,33701,727-553-7500,https://www.facebook.com/ads/library/?active_status=active&ad_type=all&country=US&search_type=keyword_unordered&q=MARGARET%20STRUTHERS,https://adstransparency.google.com/?region=US&query=MARGARET%20STRUTHERS,1093783003
1093,2006-03-07,20.2,Individual,BASEM ALKURDI,Primary Care,409 BAYSHORE BLVD,TAMPA,FL,33606,813-844-5460,https://www.facebook.com/ads/library/?active_status=active&ad_type=all&country=US&search_type=keyword_unordered&q=BASEM%20ALKURDI,https://adstransparency.google.com/?region=US&query=BASEM%20ALKURDI,1477520617
1094,2006-03-07,20.2,Individual,EMMA BAUTISTA OCAMPO,Primary Care,339 CYPRESS PKWY STE 100,KISSIMMEE,FL,34759,407-343-3333,https://www.facebook.com/ads/library/?active_status=active&ad_type=all&country=US&search_type=keyword_unordered&q=EMMA%20BAUTISTA%20OCAMPO,https://adstransparency.google.com/?region=US&query=EMMA%20BAUTISTA%20OCAMPO,1457328577
1095,2006-03-07,20.2,Individual,BRENDAN O'MALLEY,Endocrinology,13901 BRUCE B DOWNS BLVD,TAMPA,FL,33613,813-615-7620,https://www.facebook.com/ads/library/?active_status=active&ad_type=all&country=US&search_type=keyword_unordered&q=BRENDAN%20O'MALLEY,https://adstransparency.google.com/?region=US&query=BRENDAN%20O'MALLEY,1689641748
1096,2006-03-07,20.2,Individual,GEORGE BARBIER,Cardiology,USF CARDIOVASCULAR DIVISON MDC 87,TAMPA,FL,33612,813-974-8957,https://www.facebook.com/ads/library/?active_status=active&ad_type=all&country=US&search_type=keyword_unordered&q=GEORGE%20BARBIER,https://adstransparency.google.com/?region=US&query=GEORGE%20BARBIER,1164499232
1097,2006-03-07,20.2,Individual,JAMES FANNING,OB-GYN,5016 W CYPRESS ST STE 200A,TAMPA,FL,33607,813-530-4592,https://www.facebook.com/ads/library/?active_status=active&ad_type=all&country=US&search_type=keyword_unordered&q=JAMES%20FANNING,https://adstransparency.google.com/?region=US&query=JAMES%20FANNING,1366419418
1098,2006-03-06,20.2,Individual,ISHWARI PRASAD,Gastroenterology,14447 BRUCE B DOWNS BLVD,TAMPA,FL,33613,813-632-8819,https://www.facebook.com/ads/library/?active_status=active&ad_type=all&country=US&search_type=keyword_unordered&q=ISHWARI%20PRASAD,https://adstransparency.google.com/?region=US&query=ISHWARI%20PRASAD,1518934835
1099,2006-03-02,20.2,Individual,THOMASINA ANDERSON SHARPE,Primary Care,100 N FLORIDA ST STE C-1,MOBILE,AL,36607,251-288-5655,https://www.facebook.com/ads/library/?active_status=active&ad_type=all&country=US&search_type=keyword_unordered&q=THOMASINA%20ANDERSON%20SHARPE,https://adstransparency.google.com/?region=US&query=THOMASINA%20ANDERSON%20SHARPE,1023085669
1100,2006-02-28,20.2,Individual,LAMA TOLAYMAT,OB-GYN,7421 CONROY WINDERMERE RD,ORLANDO,FL,32835,407-378-5970,https://www.facebook.com/ads/library/?active_status=active&ad_type=all&country=US&search_type=keyword_unordered&q=LAMA%20TOLAYMAT,https://adstransparency.google.com/?region=US&query=LAMA%20TOLAYMAT,1457327421
1101,2006-02-25,20.2,Individual,CARL FASTABEND,Cardiology,1920 COUNTRY PLACE PKWY STE 110,PEARLAND,TX,77584,800-991-6117,https://www.facebook.com/ads/library/?active_status=active&ad_type=all&country=US&search_type=keyword_unordered&q=CARL%20FASTABEND,https://adstransparency.google.com/?region=US&query=CARL%20FASTABEND,1568438984
1102,2006-02-22,20.3,Individual,MICHAEL BERLOWITZ,Cardiology,60 HIGH ST,LEWISTON,ME,04240,800-760-6622,https://www.facebook.com/ads/library/?active_status=active&ad_type=all&country=US&search_type=keyword_unordered&q=MICHAEL%20BERLOWITZ,https://adstransparency.google.com/?region=US&query=MICHAEL%20BERLOWITZ,1902871817
1103,2006-02-21,20.3,Individual,PAMELA BARANY,OB-GYN,2701 W DR MARTIN LUTHER KING JR BLVD,TAMPA,FL,33607,813-684-2229,https://www.facebook.com/ads/library/?active_status=active&ad_type=all&country=US&search_type=keyword_unordered&q=PAMELA%20BARANY,https://adstransparency.google.com/?region=US&query=PAMELA%20BARANY,1205801529
1104,2006-02-20,20.3,Individual,WILLIAM CAPO,Cardiology,6101 WEBB RD,TAMPA,FL,33615,813-888-8887,https://www.facebook.com/ads/library/?active_status=active&ad_type=all&country=US&search_type=keyword_unordered&q=WILLIAM%20CAPO,https://adstransparency.google.com/?region=US&query=WILLIAM%20CAPO,1356316822
1105,2006-02-17,20.3,Individual,DAVID SCHACHTER,Cardiology,2814 W VIRGINIA AVE,TAMPA,FL,33607,813-875-9000,https://www.facebook.com/ads/library/?active_status=active&ad_type=all&country=US&search_type=keyword_unordered&q=DAVID%20SCHACHTER,https://adstransparency.google.com/?region=US&query=DAVID%20SCHACHTER,1861466567
1106,2006-02-17,20.3,Individual,WILLIE HARRIS,OB-GYN,JAMES .A. HALEY VA HOSPITAL,TAMPA,FL,33612,813-972-2000,https://www.facebook.com/ads/library/?active_status=active&ad_type=all&country=US&search_type=keyword_unordered&q=WILLIE%20HARRIS,https://adstransparency.google.com/?region=US&query=WILLIE%20HARRIS,1255306841
1107,2006-02-16,20.3,Individual,MARIA CATALANO,Psychiatry,13000 BRUCE B DOWNS BLVD,TAMPA,FL,33612,813-972-2000,https://www.facebook.com/ads/library/?active_status=active&ad_type=all&country=US&search_type=keyword_unordered&q=MARIA%20CATALANO,https://adstransparency.google.com/?region=US&query=MARIA%20CATALANO,1467426312
1108,2006-02-15,20.3,Org,ADVANCED GASTRO & LIVER CARE PA,Gastroenterology,6225 66TH ST N,PINELLAS PARK,FL,33781,727-521-0994,https://www.facebook.com/ads/library/?active_status=active&ad_type=all&country=US&search_type=keyword_unordered&q=ADVANCED%20GASTRO%20%26%20LIVER%20CARE%20PA,https://adstransparency.google.com/?region=US&query=ADVANCED%20GASTRO%20%26%20LIVER%20CARE%20PA,1003880279
1109,2006-02-15,20.3,Individual,JULIE HALLANGER JOHNSON,Endocrinology,200 1ST ST SW,ROCHESTER,MN,55905,507-284-2511,https://www.facebook.com/ads/library/?active_status=active&ad_type=all&country=US&search_type=keyword_unordered&q=JULIE%20HALLANGER%20JOHNSON,https://adstransparency.google.com/?region=US&query=JULIE%20HALLANGER%20JOHNSON,1417921677
1110,2006-02-15,20.3,Individual,ZERICA WHITTINGHAM,OB-GYN,401 CORBETT ST,BELLEAIR,FL,33756,727-462-2229,https://www.facebook.com/ads/library/?active_status=active&ad_type=all&country=US&search_type=keyword_unordered&q=ZERICA%20WHITTINGHAM,https://adstransparency.google.com/?region=US&query=ZERICA%20WHITTINGHAM,1740254903
1111,2006-02-10,20.3,Individual,AUDRA BUSENLEHNER,Primary Care,3515 WATERMELON RD,NORTHPORT,AL,35473,205-737-9024,https://www.facebook.com/ads/library/?active_status=active&ad_type=all&country=US&search_type=keyword_unordered&q=AUDRA%20BUSENLEHNER,https://adstransparency.google.com/?region=US&query=AUDRA%20BUSENLEHNER,1720051584
1112,2006-02-09,20.3,Individual,NANCY MCNAMARA,OB-GYN,401 CORBETT ST,BELLEAIR,FL,33756,727-462-2229,https://www.facebook.com/ads/library/?active_status=active&ad_type=all&country=US&search_type=keyword_unordered&q=NANCY%20MCNAMARA,https://adstransparency.google.com/?region=US&query=NANCY%20MCNAMARA,1861465965
1113,2006-02-06,20.3,Individual,WAEL ALOKEH,Primary Care,425 NURSING HOME DRIVE,ARCADIA,FL,34266,863-993-2966,https://www.facebook.com/ads/library/?active_status=active&ad_type=all&country=US&search_type=keyword_unordered&q=WAEL%20ALOKEH,https://adstransparency.google.com/?region=US&query=WAEL%20ALOKEH,1679545362
1114,2006-02-06,20.3,Individual,HEATHER STANLEY-CHRISTIAN,OB-GYN,17323 PAGONIA DR STE 227,CLERMONT,FL,34711,352-404-5544,https://www.facebook.com/ads/library/?active_status=active&ad_type=all&country=US&search_type=keyword_unordered&q=HEATHER%20STANLEY-CHRISTIAN,https://adstransparency.google.com/?region=US&query=HEATHER%20STANLEY-CHRISTIAN,1306818133
1115,2006-02-03,20.3,Org,BLUESTONE PHYSICIAN SERVICES SOUTHEAST LLC,Primary Care,10150 HIGHLAND MANOR DR STE 205,TAMPA,FL,33610,813-259-1013,https://www.facebook.com/ads/library/?active_status=active&ad_type=all&country=US&search_type=keyword_unordered&q=BLUESTONE%20PHYSICIAN%20SERVICES%20SOUTHEAST%20LLC,https://adstransparency.google.com/?region=US&query=BLUESTONE%20PHYSICIAN%20SERVICES%20SOUTHEAST%20LLC,1346212370
1116,2006-02-01,20.3,Individual,BHASKER PATEL,Cardiology,17863 HUNTING BOW CIR STE 101,LUTZ,FL,33558,727-376-6699,https://www.facebook.com/ads/library/?active_status=active&ad_type=all&country=US&search_type=keyword_unordered&q=BHASKER%20PATEL,https://adstransparency.google.com/?region=US&query=BHASKER%20PATEL,1396717724
1117,2006-02-01,20.3,Individual,ROBIN LAVALLEY,OB-GYN,1501 S PINELLAS AVE,TARPON SPRINGS,FL,34689,727-943-2229,https://www.facebook.com/ads/library/?active_status=active&ad_type=all&country=US&search_type=keyword_unordered&q=ROBIN%20LAVALLEY,https://adstransparency.google.com/?region=US&query=ROBIN%20LAVALLEY,1245201631
1118,2006-01-31,20.3,Individual,EMMANUEL MOMPI,Gastroenterology,3228 COVE BEND DR,TAMPA,FL,33613,813-983-0700,https://www.facebook.com/ads/library/?active_status=active&ad_type=all&country=US&search_type=keyword_unordered&q=EMMANUEL%20MOMPI,https://adstransparency.google.com/?region=US&query=EMMANUEL%20MOMPI,1124099742
1119,2006-01-26,20.3,Individual,SANDRA BLOCK,Psychiatry,325 ESSJAY RD,WILLIAMSVILLE,NY,14221,716-630-1122,https://www.facebook.com/ads/library/?active_status=active&ad_type=all&country=US&search_type=keyword_unordered&q=SANDRA%20BLOCK,https://adstransparency.google.com/?region=US&query=SANDRA%20BLOCK,1205806627
1120,2006-01-23,20.3,Individual,RAND ALTEMOSE,Primary Care,3402 W DR MARTIN LUTHER KING JR BLVD,TAMPA,FL,33607,813-875-3950,https://www.facebook.com/ads/library/?active_status=active&ad_type=all&country=US&search_type=keyword_unordered&q=RAND%20ALTEMOSE,https://adstransparency.google.com/?region=US&query=RAND%20ALTEMOSE,1174503379
1121,2006-01-19,20.3,Individual,JOHN NOBEL,Cardiology,3450 E FLETCHER AVE,TAMPA,FL,33613,813-971-2424,https://www.facebook.com/ads/library/?active_status=active&ad_type=all&country=US&search_type=keyword_unordered&q=JOHN%20NOBEL,https://adstransparency.google.com/?region=US&query=JOHN%20NOBEL,1003896598
1122,2006-01-17,20.4,Individual,WAYNE BURNETT,Primary Care,4600 MOBILE HWY # 10,PENSACOLA,FL,32506,850-972-9890,https://www.facebook.com/ads/library/?active_status=active&ad_type=all&country=US&search_type=keyword_unordered&q=WAYNE%20BURNETT,https://adstransparency.google.com/?region=US&query=WAYNE%20BURNETT,1811977903
1123,2006-01-17,20.4,Individual,DANIEL DUFFY,OB-GYN,2700 W DR MARTIN LUTHER KING JR BLVD STE 200,TAMPA,FL,33607,904-399-5620,https://www.facebook.com/ads/library/?active_status=active&ad_type=all&country=US&search_type=keyword_unordered&q=DANIEL%20DUFFY,https://adstransparency.google.com/?region=US&query=DANIEL%20DUFFY,1437139573
1124,2006-01-16,20.4,Individual,LISA BROWN,Primary Care,6601 BOULEVARD 26 STE 102,NORTH RICHLAND HILLS,TX,76180,817-766-5579,https://www.facebook.com/ads/library/?active_status=active&ad_type=all&country=US&search_type=keyword_unordered&q=LISA%20BROWN,https://adstransparency.google.com/?region=US&query=LISA%20BROWN,1922087139
1125,2006-01-05,20.4,Individual,ROBERT LAMPORT,Gastroenterology,3130 N COUNTY ROAD 25A STE 109,TROY,OH,45373,937-440-9292,https://www.facebook.com/ads/library/?active_status=active&ad_type=all&country=US&search_type=keyword_unordered&q=ROBERT%20LAMPORT,https://adstransparency.google.com/?region=US&query=ROBERT%20LAMPORT,1750369138
1126,2005-12-30,20.4,Org,QUERUBIN P MENDOZA MD PA,Cardiology,5101 N HABANA AVE,TAMPA,FL,33614,813-248-2700,https://www.facebook.com/ads/library/?active_status=active&ad_type=all&country=US&search_type=keyword_unordered&q=QUERUBIN%20P%20MENDOZA%20MD%20PA,https://adstransparency.google.com/?region=US&query=QUERUBIN%20P%20MENDOZA%20MD%20PA,1215914148
1127,2005-12-30,20.4,Individual,ASHWINKUMAR MEHTA,Gastroenterology,3709 W HAMILTION AVE,TAMPA,FL,33614,813-932-4430,https://www.facebook.com/ads/library/?active_status=active&ad_type=all&country=US&search_type=keyword_unordered&q=ASHWINKUMAR%20MEHTA,https://adstransparency.google.com/?region=US&query=ASHWINKUMAR%20MEHTA,1497732424
1128,2005-12-27,20.4,Individual,BARBARA ALLEN,Primary Care,5130 SUNFOREST DR STE 300,TAMPA,FL,33634,727-824-0780,https://www.facebook.com/ads/library/?active_status=active&ad_type=all&country=US&search_type=keyword_unordered&q=BARBARA%20ALLEN,https://adstransparency.google.com/?region=US&query=BARBARA%20ALLEN,1538146105
1129,2005-12-22,20.4,Individual,MARK SANCHEZ,OB-GYN,4726 N HABANA AVE,TAMPA,FL,33614,813-933-9166,https://www.facebook.com/ads/library/?active_status=active&ad_type=all&country=US&search_type=keyword_unordered&q=MARK%20SANCHEZ,https://adstransparency.google.com/?region=US&query=MARK%20SANCHEZ,1851377642
1130,2005-12-22,20.4,Individual,CRAIG CARROLL,Psychiatry,1511 ONYX CIR,LONGMONT,CO,80504,303-776-5298,https://www.facebook.com/ads/library/?active_status=active&ad_type=all&country=US&search_type=keyword_unordered&q=CRAIG%20CARROLL,https://adstransparency.google.com/?region=US&query=CRAIG%20CARROLL,1861479628
1131,2005-12-15,20.4,Individual,PATRICK BOWERS,Psychiatry,13000 BRUCE B DOWNS BLVD,TAMPA,FL,33612,813-631-2521,https://www.facebook.com/ads/library/?active_status=active&ad_type=all&country=US&search_type=keyword_unordered&q=PATRICK%20BOWERS,https://adstransparency.google.com/?region=US&query=PATRICK%20BOWERS,1639154362
1132,2005-12-08,20.5,Individual,TANIA PAQUIN LOZANO,Endocrinology,6101 WEBB RD,TAMPA,FL,33615,813-901-5038,https://www.facebook.com/ads/library/?active_status=active&ad_type=all&country=US&search_type=keyword_unordered&q=TANIA%20PAQUIN%20LOZANO,https://adstransparency.google.com/?region=US&query=TANIA%20PAQUIN%20LOZANO,1477538890
1133,2005-11-25,20.5,Individual,MAZEN KATTIH,Gastroenterology,116 PARSONS PARK DR,BRANDON,FL,33511,813-571-0500,https://www.facebook.com/ads/library/?active_status=active&ad_type=all&country=US&search_type=keyword_unordered&q=MAZEN%20KATTIH,https://adstransparency.google.com/?region=US&query=MAZEN%20KATTIH,1770566531
1134,2005-11-22,20.5,Individual,JAWAN AYER,Primary Care,800 W DR MARTIN LUTHER KING JR BLVD STE 4,TAMPA,FL,33603,813-971-8700,https://www.facebook.com/ads/library/?active_status=active&ad_type=all&country=US&search_type=keyword_unordered&q=JAWAN%20AYER,https://adstransparency.google.com/?region=US&query=JAWAN%20AYER,1841273943
1135,2005-11-22,20.5,Individual,CHARLES LOCKWOOD,OB-GYN,2 TAMPA GENERAL CIR,TAMPA,FL,33606,813-259-8500,https://www.facebook.com/ads/library/?active_status=active&ad_type=all&country=US&search_type=keyword_unordered&q=CHARLES%20LOCKWOOD,https://adstransparency.google.com/?region=US&query=CHARLES%20LOCKWOOD,1730162884
1136,2005-11-21,20.5,Individual,ISRAEL CARO,Primary Care,11317 LAKE UNDERHILL RD STE 100,ORLANDO,FL,32825,407-287-6363,https://www.facebook.com/ads/library/?active_status=active&ad_type=all&country=US&search_type=keyword_unordered&q=ISRAEL%20CARO,https://adstransparency.google.com/?region=US&query=ISRAEL%20CARO,1427031707
1137,2005-11-18,20.5,Individual,NORMAN EDGERTON,Gastroenterology,2706 W DR MARTIN LUTHER KING JR BLVD,TAMPA,FL,33607,813-875-8650,https://www.facebook.com/ads/library/?active_status=active&ad_type=all&country=US&search_type=keyword_unordered&q=NORMAN%20EDGERTON,https://adstransparency.google.com/?region=US&query=NORMAN%20EDGERTON,1114909728
1138,2005-11-10,20.5,Individual,JOSE CURA,Cardiology,4600 N HABANA AVE,TAMPA,FL,33614,813-878-2970,https://www.facebook.com/ads/library/?active_status=active&ad_type=all&country=US&search_type=keyword_unordered&q=JOSE%20CURA,https://adstransparency.google.com/?region=US&query=JOSE%20CURA,1629059167
1139,2005-11-08,20.5,Individual,MICHAEL BARIMO,Primary Care,483 N SEMORAN BLVD STE 206,WINTER PARK,FL,32792,407-678-2400,https://www.facebook.com/ads/library/?active_status=active&ad_type=all&country=US&search_type=keyword_unordered&q=MICHAEL%20BARIMO,https://adstransparency.google.com/?region=US&query=MICHAEL%20BARIMO,1598746570
1140,2005-11-08,20.5,Individual,JENNIFER BENNETT,Cardiology,509 S ARMENIA AVE STE 200,TAMPA,FL,33609,813-974-2201,https://www.facebook.com/ads/library/?active_status=active&ad_type=all&country=US&search_type=keyword_unordered&q=JENNIFER%20BENNETT,https://adstransparency.google.com/?region=US&query=JENNIFER%20BENNETT,1063493922
1141,2005-10-31,20.6,Org,GULF CARDIOLOGY ASSOCIATES,Cardiology,5326 GULF DR,NEW PORT RICHEY,FL,34652,727-848-3381,https://www.facebook.com/ads/library/?active_status=active&ad_type=all&country=US&search_type=keyword_unordered&q=GULF%20CARDIOLOGY%20ASSOCIATES,https://adstransparency.google.com/?region=US&query=GULF%20CARDIOLOGY%20ASSOCIATES,1295726123
1142,2005-10-31,20.6,Individual,VALERIE PARISI,OB-GYN,2 TAMPA GENERAL CIR,TAMPA,FL,33606,813-259-8500,https://www.facebook.com/ads/library/?active_status=active&ad_type=all&country=US&search_type=keyword_unordered&q=VALERIE%20PARISI,https://adstransparency.google.com/?region=US&query=VALERIE%20PARISI,1235120148
1143,2005-10-28,20.6,Individual,STUART HART,OB-GYN,2 COLUMBIA DR # A,TAMPA,FL,33606,813-259-8500,https://www.facebook.com/ads/library/?active_status=active&ad_type=all&country=US&search_type=keyword_unordered&q=STUART%20HART,https://adstransparency.google.com/?region=US&query=STUART%20HART,1427048594
1144,2005-10-28,20.6,Individual,RAJ ELIAZER,Psychiatry,2727 W DR MARTIN LUTHER KING JR BLVD,TAMPA,FL,33607,813-321-1429,https://www.facebook.com/ads/library/?active_status=active&ad_type=all&country=US&search_type=keyword_unordered&q=RAJ%20ELIAZER,https://adstransparency.google.com/?region=US&query=RAJ%20ELIAZER,1144210238
1145,2005-10-26,20.6,Individual,SARA CACERES REYNOLDS,Primary Care,9501 ANDERSON RD,TAMPA,FL,33634,813-413-7333,https://www.facebook.com/ads/library/?active_status=active&ad_type=all&country=US&search_type=keyword_unordered&q=SARA%20CACERES%20REYNOLDS,https://adstransparency.google.com/?region=US&query=SARA%20CACERES%20REYNOLDS,1619967122
1146,2005-10-26,20.6,Individual,THOMAS RUTHERFORD,OB-GYN,1 TAMPA GENERAL CIR,TAMPA,FL,33606,813-974-2201,https://www.facebook.com/ads/library/?active_status=active&ad_type=all&country=US&search_type=keyword_unordered&q=THOMAS%20RUTHERFORD,https://adstransparency.google.com/?region=US&query=THOMAS%20RUTHERFORD,1629068044
1147,2005-10-21,20.6,Individual,JAYENDRA CHOKSI,Psychiatry,2630 W WATERS AVE,TAMPA,FL,33614,813-930-9310,https://www.facebook.com/ads/library/?active_status=active&ad_type=all&country=US&search_type=keyword_unordered&q=JAYENDRA%20CHOKSI,https://adstransparency.google.com/?region=US&query=JAYENDRA%20CHOKSI,1528058526
1148,2005-10-19,20.6,Individual,VALERIE WHITEMAN,OB-GYN,12901 BRUCE B DOWNS BLVD,TAMPA,FL,33612,813-259-8500,https://www.facebook.com/ads/library/?active_status=active&ad_type=all&country=US&search_type=keyword_unordered&q=VALERIE%20WHITEMAN,https://adstransparency.google.com/?region=US&query=VALERIE%20WHITEMAN,1861481038
1149,2005-10-18,20.6,Org,EKG INTERPRETATIONS,Cardiology,1 DAVIS BLVD,TAMPA,FL,33606,813-254-2441,https://www.facebook.com/ads/library/?active_status=active&ad_type=all&country=US&search_type=keyword_unordered&q=EKG%20INTERPRETATIONS,https://adstransparency.google.com/?region=US&query=EKG%20INTERPRETATIONS,1104815661
1150,2005-10-17,20.6,Individual,MARK CASCIONE,Psychiatry,2919 W SWANN AVE,TAMPA,FL,33609,813-872-1548,https://www.facebook.com/ads/library/?active_status=active&ad_type=all&country=US&search_type=keyword_unordered&q=MARK%20CASCIONE,https://adstransparency.google.com/?region=US&query=MARK%20CASCIONE,1447249115
1151,2005-10-13,20.6,Individual,JOEL RICHTER,Gastroenterology,13330 USF LAUREL DR,TAMPA,FL,33612,813-974-2201,https://www.facebook.com/ads/library/?active_status=active&ad_type=all&country=US&search_type=keyword_unordered&q=JOEL%20RICHTER,https://adstransparency.google.com/?region=US&query=JOEL%20RICHTER,1679562524
1152,2005-10-12,20.6,Individual,MICHELLE GOLDING,OB-GYN,5840 W CYPRESS ST,TAMPA,FL,33607,813-286-0033,https://www.facebook.com/ads/library/?active_status=active&ad_type=all&country=US&search_type=keyword_unordered&q=MICHELLE%20GOLDING,https://adstransparency.google.com/?region=US&query=MICHELLE%20GOLDING,1053309153
1153,2005-10-12,20.6,Individual,GAY STANISLAWSKI,OB-GYN,5840 W CYPRESS ST,TAMPA,FL,33607,813-286-0033,https://www.facebook.com/ads/library/?active_status=active&ad_type=all&country=US&search_type=keyword_unordered&q=GAY%20STANISLAWSKI,https://adstransparency.google.com/?region=US&query=GAY%20STANISLAWSKI,1336137470
1154,2005-10-11,20.6,Individual,SHARON BAUM,OB-GYN,5840 W CYPRESS ST,TAMPA,FL,33607,813-286-0033,https://www.facebook.com/ads/library/?active_status=active&ad_type=all&country=US&search_type=keyword_unordered&q=SHARON%20BAUM,https://adstransparency.google.com/?region=US&query=SHARON%20BAUM,1154319499
1155,2005-10-11,20.6,Individual,HOLLY RUHLIG,OB-GYN,5840 W CYPRESS ST,TAMPA,FL,33607,813-286-0033,https://www.facebook.com/ads/library/?active_status=active&ad_type=all&country=US&search_type=keyword_unordered&q=HOLLY%20RUHLIG,https://adstransparency.google.com/?region=US&query=HOLLY%20RUHLIG,1174511422
1156,2005-10-11,20.6,Individual,ELLEN VONDRUKA,OB-GYN,5840 W CYPRESS ST,TAMPA,FL,33607,813-286-0033,https://www.facebook.com/ads/library/?active_status=active&ad_type=all&country=US&search_type=keyword_unordered&q=ELLEN%20VONDRUKA,https://adstransparency.google.com/?region=US&query=ELLEN%20VONDRUKA,1588652820
1157,2005-10-10,20.6,Individual,YUVRAJ KUMBKARNI,Endocrinology,14014 N 46TH ST STE B,TAMPA,FL,33613,813-977-2020,https://www.facebook.com/ads/library/?active_status=active&ad_type=all&country=US&search_type=keyword_unordered&q=YUVRAJ%20KUMBKARNI,https://adstransparency.google.com/?region=US&query=YUVRAJ%20KUMBKARNI,1720076177
1158,2005-10-07,20.6,Individual,LISA FRENCH,Psychiatry,34650 US HIGHWAY 19 N STE 206,PALM HARBOR,FL,34684,833-769-3524,https://www.facebook.com/ads/library/?active_status=active&ad_type=all&country=US&search_type=keyword_unordered&q=LISA%20FRENCH,https://adstransparency.google.com/?region=US&query=LISA%20FRENCH,1528056132
1159,2005-10-03,20.6,Org,H LEE MOFFITT CANCER CTR & RES INST LIFE TIME CANCER SCRN CTR INC,OB-GYN,12902 USF MAGNOLIA DR,TAMPA,FL,33612,813-745-4673,https://www.facebook.com/ads/library/?active_status=active&ad_type=all&country=US&search_type=keyword_unordered&q=H%20LEE%20MOFFITT%20CANCER%20CTR%20%26%20RES%20INST%20LIFE%20TIME%20CANCER%20SCRN%20CTR%20INC,https://adstransparency.google.com/?region=US&query=H%20LEE%20MOFFITT%20CANCER%20CTR%20%26%20RES%20INST%20LIFE%20TIME%20CANCER%20SCRN%20CTR%20INC,1306833595
1160,2005-10-03,20.6,Individual,PETER BERMAN,Cardiology,5 TAMPA GENERAL CIR,TAMPA,FL,33606,813-251-0793,https://www.facebook.com/ads/library/?active_status=active&ad_type=all&country=US&search_type=keyword_unordered&q=PETER%20BERMAN,https://adstransparency.google.com/?region=US&query=PETER%20BERMAN,1316934532
1161,2005-09-27,20.7,Individual,PRAVEEN ROHATGI,Cardiology,2708 W VIRGINIA AVE,TAMPA,FL,33607,813-875-7088,https://www.facebook.com/ads/library/?active_status=active&ad_type=all&country=US&search_type=keyword_unordered&q=PRAVEEN%20ROHATGI,https://adstransparency.google.com/?region=US&query=PRAVEEN%20ROHATGI,1093701773
1162,2005-09-26,20.7,Individual,SOO KWON,OB-GYN,2 TAMPA GENERAL CIR,TAMPA,FL,33606,813-821-8038,https://www.facebook.com/ads/library/?active_status=active&ad_type=all&country=US&search_type=keyword_unordered&q=SOO%20KWON,https://adstransparency.google.com/?region=US&query=SOO%20KWON,1790771657
1163,2005-09-26,20.7,Individual,WILLIAM NEWTON,OB-GYN,4150 N ARMENIA AVE,TAMPA,FL,33607,813-876-0914,https://www.facebook.com/ads/library/?active_status=active&ad_type=all&country=US&search_type=keyword_unordered&q=WILLIAM%20NEWTON,https://adstransparency.google.com/?region=US&query=WILLIAM%20NEWTON,1427044460
1164,2005-09-23,20.7,Org,LEOPOLDO GRAUER MD PA,Gastroenterology,4600 N HABANA AVE,TAMPA,FL,33614,813-673-8545,https://www.facebook.com/ads/library/?active_status=active&ad_type=all&country=US&search_type=keyword_unordered&q=LEOPOLDO%20GRAUER%20MD%20PA,https://adstransparency.google.com/?region=US&query=LEOPOLDO%20GRAUER%20MD%20PA,1578559753
1165,2005-09-23,20.7,Individual,LEOPOLDO GRAUER,Gastroenterology,4600 N HABANA AVE,TAMPA,FL,33614,813-673-8545,https://www.facebook.com/ads/library/?active_status=active&ad_type=all&country=US&search_type=keyword_unordered&q=LEOPOLDO%20GRAUER,https://adstransparency.google.com/?region=US&query=LEOPOLDO%20GRAUER,1750377834
1166,2005-09-23,20.7,Individual,ANTOININA WATKINS,OB-GYN,2919 W SWANN AVE STE 303,TAMPA,FL,33609,813-569-0740,https://www.facebook.com/ads/library/?active_status=active&ad_type=all&country=US&search_type=keyword_unordered&q=ANTOININA%20WATKINS,https://adstransparency.google.com/?region=US&query=ANTOININA%20WATKINS,1528054509
1167,2005-09-21,20.7,Org,SUMESH CHANDRA MD PA,Endocrinology,13801 BRUCE B DOWNS BLVD STE 201,TAMPA,FL,33613,813-977-5557,https://www.facebook.com/ads/library/?active_status=active&ad_type=all&country=US&search_type=keyword_unordered&q=SUMESH%20CHANDRA%20MD%20PA,https://adstransparency.google.com/?region=US&query=SUMESH%20CHANDRA%20MD%20PA,1053307488
1168,2005-09-21,20.7,Individual,SHERYL ANTHOS,Primary Care,13000 BRUCE B DOWNS BLVD,TAMPA,FL,33612,813-972-2000,https://www.facebook.com/ads/library/?active_status=active&ad_type=all&country=US&search_type=keyword_unordered&q=SHERYL%20ANTHOS,https://adstransparency.google.com/?region=US&query=SHERYL%20ANTHOS,1134115686
1169,2005-09-21,20.7,Individual,ROLAND SHEPARD,Gastroenterology,4224 N TAMPANIA AVE,TAMPA,FL,33607,813-874-1353,https://www.facebook.com/ads/library/?active_status=active&ad_type=all&country=US&search_type=keyword_unordered&q=ROLAND%20SHEPARD,https://adstransparency.google.com/?region=US&query=ROLAND%20SHEPARD,1326034885
1170,2005-09-20,20.7,Individual,ADAM COHEN,Cardiology,2 TAMPA GENERAL CIR,TAMPA,FL,33606,813-259-0600,https://www.facebook.com/ads/library/?active_status=active&ad_type=all&country=US&search_type=keyword_unordered&q=ADAM%20COHEN,https://adstransparency.google.com/?region=US&query=ADAM%20COHEN,1205822889
1171,2005-09-20,20.7,Individual,AMY HANDLIN,Cardiology,2727 W DR MARTIN LUTHER KING JR BLVD,TAMPA,FL,33607,813-875-1177,https://www.facebook.com/ads/library/?active_status=active&ad_type=all&country=US&search_type=keyword_unordered&q=AMY%20HANDLIN,https://adstransparency.google.com/?region=US&query=AMY%20HANDLIN,1396731972
1172,2005-09-20,20.7,Individual,QUERUBIN MENDOZA,Cardiology,5101 N HABANA AVE,TAMPA,FL,33614,813-248-2700,https://www.facebook.com/ads/library/?active_status=active&ad_type=all&country=US&search_type=keyword_unordered&q=QUERUBIN%20MENDOZA,https://adstransparency.google.com/?region=US&query=QUERUBIN%20MENDOZA,1568458149
1173,2005-09-20,20.7,Individual,JOHN RAMIREZ,Cardiology,509 S ARMENIA AVE,TAMPA,FL,33609,813-353-1515,https://www.facebook.com/ads/library/?active_status=active&ad_type=all&country=US&search_type=keyword_unordered&q=JOHN%20RAMIREZ,https://adstransparency.google.com/?region=US&query=JOHN%20RAMIREZ,1649266222
1174,2005-09-19,20.7,Individual,CARLOS MARINELLI,Cardiology,3665 MADACA LN,TAMPA,FL,33618,813-280-7380,https://www.facebook.com/ads/library/?active_status=active&ad_type=all&country=US&search_type=keyword_unordered&q=CARLOS%20MARINELLI,https://adstransparency.google.com/?region=US&query=CARLOS%20MARINELLI,1023003746
1175,2005-09-16,20.7,Org,WOMEN'S CARE FLORIDA LLC,Gastroenterology,4030 W BOY SCOUT BLVD STE 800,TAMPA,FL,33607,813-286-0333,https://www.facebook.com/ads/library/?active_status=active&ad_type=all&country=US&search_type=keyword_unordered&q=WOMEN'S%20CARE%20FLORIDA%20LLC,https://adstransparency.google.com/?region=US&query=WOMEN'S%20CARE%20FLORIDA%20LLC,1013902923
1176,2005-09-15,20.7,Individual,ROSULA BELL,Primary Care,3250 ZEMKE AVE,TAMPA,FL,33621,813-827-9714,https://www.facebook.com/ads/library/?active_status=active&ad_type=all&country=US&search_type=keyword_unordered&q=ROSULA%20BELL,https://adstransparency.google.com/?region=US&query=ROSULA%20BELL,1174518146
1177,2005-09-15,20.7,Individual,PABLO ACEVEDO,Primary Care,6919 N DALE MABRY HWY STE 210,TAMPA,FL,33614,813-558-4900,https://www.facebook.com/ads/library/?active_status=active&ad_type=all&country=US&search_type=keyword_unordered&q=PABLO%20ACEVEDO,https://adstransparency.google.com/?region=US&query=PABLO%20ACEVEDO,1699760660
1178,2005-09-14,20.7,Individual,GREGORY BERLAND,Primary Care,11663 COUNTRYWAY BLVD,TAMPA,FL,33626,813-891-6310,https://www.facebook.com/ads/library/?active_status=active&ad_type=all&country=US&search_type=keyword_unordered&q=GREGORY%20BERLAND,https://adstransparency.google.com/?region=US&query=GREGORY%20BERLAND,1265427405
1179,2005-09-14,20.7,Individual,MARC BERNHISEL,OB-GYN,5245 E FLETCHER AVE,TAMPA,FL,33617,813-914-7304,https://www.facebook.com/ads/library/?active_status=active&ad_type=all&country=US&search_type=keyword_unordered&q=MARC%20BERNHISEL,https://adstransparency.google.com/?region=US&query=MARC%20BERNHISEL,1528053667
1180,2005-09-14,20.7,Individual,SANDRA GOODMAN,OB-GYN,5245 E FLETCHER AVE,TAMPA,FL,33617,813-914-7304,https://www.facebook.com/ads/library/?active_status=active&ad_type=all&country=US&search_type=keyword_unordered&q=SANDRA%20GOODMAN,https://adstransparency.google.com/?region=US&query=SANDRA%20GOODMAN,1679568703
1181,2005-09-14,20.7,Individual,SAMUEL TARANTINO,OB-GYN,5245 E FLETCHER AVE,TAMPA,FL,33617,813-914-7304,https://www.facebook.com/ads/library/?active_status=active&ad_type=all&country=US&search_type=keyword_unordered&q=SAMUEL%20TARANTINO,https://adstransparency.google.com/?region=US&query=SAMUEL%20TARANTINO,1972598001
1182,2005-09-14,20.7,Individual,BARRY VERKAUF,OB-GYN,2 TAMPA GENERAL CIR,TAMPA,FL,33606,813-259-8500,https://www.facebook.com/ads/library/?active_status=active&ad_type=all&country=US&search_type=keyword_unordered&q=BARRY%20VERKAUF,https://adstransparency.google.com/?region=US&query=BARRY%20VERKAUF,1184619215
1183,2005-09-13,20.7,Org,CONSULT CARE INC,Primary Care,221 HOBBS ST,TAMPA,FL,33619,813-657-3200,https://www.facebook.com/ads/library/?active_status=active&ad_type=all&country=US&search_type=keyword_unordered&q=CONSULT%20CARE%20INC,https://adstransparency.google.com/?region=US&query=CONSULT%20CARE%20INC,1093700452
1184,2005-09-13,20.7,Individual,SUJATHA BORRA,Psychiatry,13333 N 56TH ST,TAMPA,FL,33617,813-983-0894,https://www.facebook.com/ads/library/?active_status=active&ad_type=all&country=US&search_type=keyword_unordered&q=SUJATHA%20BORRA,https://adstransparency.google.com/?region=US&query=SUJATHA%20BORRA,1104811462
1185,2005-09-02,20.7,Individual,SUMESH CHANDRA,Endocrinology,13801 BRUCE B DOWNS BLVD STE 201,TAMPA,FL,33613,813-977-5557,https://www.facebook.com/ads/library/?active_status=active&ad_type=all&country=US&search_type=keyword_unordered&q=SUMESH%20CHANDRA,https://adstransparency.google.com/?region=US&query=SUMESH%20CHANDRA,1477547602
1186,2005-08-31,20.7,Individual,ROSEMARY ASHBY,Gastroenterology,13000 BRUCE B DOWNS BLVD,TAMPA,FL,33612,813-972-2000,https://www.facebook.com/ads/library/?active_status=active&ad_type=all&country=US&search_type=keyword_unordered&q=ROSEMARY%20ASHBY,https://adstransparency.google.com/?region=US&query=ROSEMARY%20ASHBY,1194719500
1187,2005-08-26,20.7,Individual,OCTAVIO COSME-MONTALVO,Cardiology,3010 E 138TH AVE STE 12,TAMPA,FL,33613,813-975-2800,https://www.facebook.com/ads/library/?active_status=active&ad_type=all&country=US&search_type=keyword_unordered&q=OCTAVIO%20COSME-MONTALVO,https://adstransparency.google.com/?region=US&query=OCTAVIO%20COSME-MONTALVO,1255324000
1188,2005-08-23,20.8,Individual,MORRIS HANAN,Gastroenterology,508 S HABANA AVE,TAMPA,FL,33609,813-876-9191,https://www.facebook.com/ads/library/?active_status=active&ad_type=all&country=US&search_type=keyword_unordered&q=MORRIS%20HANAN,https://adstransparency.google.com/?region=US&query=MORRIS%20HANAN,1770576076
1189,2005-08-23,20.8,Individual,WANDA TORRES,OB-GYN,2044 TRINITY OAKS BLVD STE 125,TRINITY,FL,34655,727-376-0060,https://www.facebook.com/ads/library/?active_status=active&ad_type=all&country=US&search_type=keyword_unordered&q=WANDA%20TORRES,https://adstransparency.google.com/?region=US&query=WANDA%20TORRES,1154314482
1190,2005-08-09,20.8,Individual,AFTAB AHMAD,Primary Care,2500 STARLING ST STE 403,BRUNSWICK,GA,31520,912-466-7575,https://www.facebook.com/ads/library/?active_status=active&ad_type=all&country=US&search_type=keyword_unordered&q=AFTAB%20AHMAD,https://adstransparency.google.com/?region=US&query=AFTAB%20AHMAD,1902807381
1191,2005-08-02,20.8,Individual,SARA BOHN,Primary Care,105 ARNESON AVE,AUBURNDALE,FL,33823,863-393-6404,https://www.facebook.com/ads/library/?active_status=active&ad_type=all&country=US&search_type=keyword_unordered&q=SARA%20BOHN,https://adstransparency.google.com/?region=US&query=SARA%20BOHN,1629079520
1192,2005-07-28,20.8,Individual,CHANDRA BAPNA,Primary Care,5106 N ARMENIA AVE,TAMPA,FL,33603,813-931-2366,https://www.facebook.com/ads/library/?active_status=active&ad_type=all&country=US&search_type=keyword_unordered&q=CHANDRA%20BAPNA,https://adstransparency.google.com/?region=US&query=CHANDRA%20BAPNA,1922008366
1193,2005-07-27,20.8,Org,EDWARD BASS MD PA,Psychiatry,4710 N HABANA AVE,TAMPA,FL,33614,813-878-2800,https://www.facebook.com/ads/library/?active_status=active&ad_type=all&country=US&search_type=keyword_unordered&q=EDWARD%20BASS%20MD%20PA,https://adstransparency.google.com/?region=US&query=EDWARD%20BASS%20MD%20PA,1407856966
1194,2005-07-19,20.8,Org,"CARDIOVASCULAR CENTER OF TAMPA, P.A.",Cardiology,13801 BRUCE B DOWNS BLVD STE 104,TAMPA,FL,33613,813-972-5090,https://www.facebook.com/ads/library/?active_status=active&ad_type=all&country=US&search_type=keyword_unordered&q=CARDIOVASCULAR%20CENTER%20OF%20TAMPA%2C%20P.A.,https://adstransparency.google.com/?region=US&query=CARDIOVASCULAR%20CENTER%20OF%20TAMPA%2C%20P.A.,1346249703
1195,2005-07-19,20.8,Individual,JAMES BIGGERSTAFF,Primary Care,2285 KINGSLEY AVE STE E,ORANGE PARK,FL,32073,904-309-9660,https://www.facebook.com/ads/library/?active_status=active&ad_type=all&country=US&search_type=keyword_unordered&q=JAMES%20BIGGERSTAFF,https://adstransparency.google.com/?region=US&query=JAMES%20BIGGERSTAFF,1245239607
1196,2005-07-19,20.8,Individual,RAQUEL MARTIN,Cardiology,3000 E FLETCHER AVE,TAMPA,FL,33613,813-972-5090,https://www.facebook.com/ads/library/?active_status=active&ad_type=all&country=US&search_type=keyword_unordered&q=RAQUEL%20MARTIN,https://adstransparency.google.com/?region=US&query=RAQUEL%20MARTIN,1194724443
1197,2005-07-18,20.9,Individual,SAMI ELCHAHAL,Cardiology,3000 E FLETCHER AVE,TAMPA,FL,33613,813-972-5090,https://www.facebook.com/ads/library/?active_status=active&ad_type=all&country=US&search_type=keyword_unordered&q=SAMI%20ELCHAHAL,https://adstransparency.google.com/?region=US&query=SAMI%20ELCHAHAL,1174522684
1198,2005-07-18,20.9,Individual,CRAIG KALTER,OB-GYN,1500 CONCORD TER,SUNRISE,FL,33323,800-243-3839,https://www.facebook.com/ads/library/?active_status=active&ad_type=all&country=US&search_type=keyword_unordered&q=CRAIG%20KALTER,https://adstransparency.google.com/?region=US&query=CRAIG%20KALTER,1750380150
1199,2005-07-15,20.9,Individual,MAGDALENA BUGARIN-VIERA,Primary Care,4726 N HABANA AVE,TAMPA,FL,33614,813-870-6422,https://www.facebook.com/ads/library/?active_status=active&ad_type=all&country=US&search_type=keyword_unordered&q=MAGDALENA%20BUGARIN-VIERA,https://adstransparency.google.com/?region=US&query=MAGDALENA%20BUGARIN-VIERA,1730188442
1200,2005-07-15,20.9,Individual,ASAD SAWAR,Cardiology,3010 E 138TH AVE,TAMPA,FL,33613,813-975-2800,https://www.facebook.com/ads/library/?active_status=active&ad_type=all&country=US&search_type=keyword_unordered&q=ASAD%20SAWAR,https://adstransparency.google.com/?region=US&query=ASAD%20SAWAR,1538168265
1201,2005-07-15,20.9,Individual,JEFFREY ANGEL,OB-GYN,13601 BRUCE B DOWNS BLVD,TAMPA,FL,33613,813-971-6909,https://www.facebook.com/ads/library/?active_status=active&ad_type=all&country=US&search_type=keyword_unordered&q=JEFFREY%20ANGEL,https://adstransparency.google.com/?region=US&query=JEFFREY%20ANGEL,1851390462
1202,2005-07-08,20.9,Individual,WALI KHAN,Cardiology,37914 DAUGHTERY RD,ZEPHYRHILLS,FL,33541,813-715-4446,https://www.facebook.com/ads/library/?active_status=active&ad_type=all&country=US&search_type=keyword_unordered&q=WALI%20KHAN,https://adstransparency.google.com/?region=US&query=WALI%20KHAN,1174521603
1203,2005-07-07,20.9,Individual,SALEEM SAIYAD,Cardiology,13624 W HILLSBOROUGH AVE,TAMPA,FL,33635,813-818-0100,https://www.facebook.com/ads/library/?active_status=active&ad_type=all&country=US&search_type=keyword_unordered&q=SALEEM%20SAIYAD,https://adstransparency.google.com/?region=US&query=SALEEM%20SAIYAD,1104824861
1204,2005-06-28,20.9,Org,DEBORAH A TREHY MD PA & PAMELA A PADILLA MD PA,OB-GYN,2502 W SAINT ISABEL ST,TAMPA,FL,33607,813-873-7106,https://www.facebook.com/ads/library/?active_status=active&ad_type=all&country=US&search_type=keyword_unordered&q=DEBORAH%20A%20TREHY%20MD%20PA%20%26%20PAMELA%20A%20PADILLA%20MD%20PA,https://adstransparency.google.com/?region=US&query=DEBORAH%20A%20TREHY%20MD%20PA%20%26%20PAMELA%20A%20PADILLA%20MD%20PA,1003812629
1205,2005-06-21,20.9,Individual,GISELLE GHURANI,OB-GYN,3661 S MIAMI AVE STE 1003,MIAMI,FL,33133,786-558-5095,https://www.facebook.com/ads/library/?active_status=active&ad_type=all&country=US&search_type=keyword_unordered&q=GISELLE%20GHURANI,https://adstransparency.google.com/?region=US&query=GISELLE%20GHURANI,1982609418
1206,2005-06-20,20.9,Individual,REYNALDO MULINGTAPANG,Cardiology,4210 W LINEBAUGH AVE,TAMPA,FL,33624,813-884-0923,https://www.facebook.com/ads/library/?active_status=active&ad_type=all&country=US&search_type=keyword_unordered&q=REYNALDO%20MULINGTAPANG,https://adstransparency.google.com/?region=US&query=REYNALDO%20MULINGTAPANG,1033114509
1207,2005-06-13,20.9,Individual,OLGA KALIEBE,Endocrinology,2919 W SWANN AVE STE 105B,TAMPA,FL,33609,813-392-1900,https://www.facebook.com/ads/library/?active_status=active&ad_type=all&country=US&search_type=keyword_unordered&q=OLGA%20KALIEBE,https://adstransparency.google.com/?region=US&query=OLGA%20KALIEBE,1003810417
1208,2005-06-10,21.0,Individual,DAVID HEIMAN,Gastroenterology,4224 N TAMPANIA AVE,TAMPA,FL,33607,813-280-7111,https://www.facebook.com/ads/library/?active_status=active&ad_type=all&country=US&search_type=keyword_unordered&q=DAVID%20HEIMAN,https://adstransparency.google.com/?region=US&query=DAVID%20HEIMAN,1750385407
1209,2005-06-02,21.0,Individual,MARIA DEL PILAR CEKAN,Primary Care,12780 RACE TRACK RD STE 400,TAMPA,FL,33626,813-321-6262,https://www.facebook.com/ads/library/?active_status=active&ad_type=all&country=US&search_type=keyword_unordered&q=MARIA%20DEL%20PILAR%20CEKAN,https://adstransparency.google.com/?region=US&query=MARIA%20DEL%20PILAR%20CEKAN,1932101011
1210,2005-05-31,21.0,Individual,DAVID BYRNES,Gastroenterology,2810 W SAINT ISABEL ST,TAMPA,FL,33607,813-890-8004,https://www.facebook.com/ads/library/?active_status=active&ad_type=all&country=US&search_type=keyword_unordered&q=DAVID%20BYRNES,https://adstransparency.google.com/?region=US&query=DAVID%20BYRNES,1699778019
1211,2005-05-31,21.0,Individual,MARY JOSEY,OB-GYN,508 S HABANA AVE,TAMPA,FL,33609,813-873-1426,https://www.facebook.com/ads/library/?active_status=active&ad_type=all&country=US&search_type=keyword_unordered&q=MARY%20JOSEY,https://adstransparency.google.com/?region=US&query=MARY%20JOSEY,1841293289
1212,2005-05-31,21.0,Individual,ANTHONY MESSINA,OB-GYN,3113 LAKE ELLEN DR,TAMPA,FL,33618,813-459-7470,https://www.facebook.com/ads/library/?active_status=active&ad_type=all&country=US&search_type=keyword_unordered&q=ANTHONY%20MESSINA,https://adstransparency.google.com/?region=US&query=ANTHONY%20MESSINA,1023011335
1213,2005-05-31,21.0,Individual,PAMELA PADILLA,OB-GYN,2502 W SAINT ISABEL ST,TAMPA,FL,33607,813-873-7106,https://www.facebook.com/ads/library/?active_status=active&ad_type=all&country=US&search_type=keyword_unordered&q=PAMELA%20PADILLA,https://adstransparency.google.com/?region=US&query=PAMELA%20PADILLA,1972506319
1214,2005-05-31,21.0,Individual,DEBORAH TREHY,OB-GYN,2502 W SAINT ISABEL ST,TAMPA,FL,33607,813-873-7106,https://www.facebook.com/ads/library/?active_status=active&ad_type=all&country=US&search_type=keyword_unordered&q=DEBORAH%20TREHY,https://adstransparency.google.com/?region=US&query=DEBORAH%20TREHY,1720081102
1215,2005-05-24,21.0,Individual,GIA AGRESTA,Primary Care,1202 S CHURCH AVE,TAMPA,FL,33629,813-254-8055,https://www.facebook.com/ads/library/?active_status=active&ad_type=all&country=US&search_type=keyword_unordered&q=GIA%20AGRESTA,https://adstransparency.google.com/?region=US&query=GIA%20AGRESTA,1457354375
1216,2005-05-23,21.0,Org,"CAN COMMUNITY HEALTH, INC.",Psychiatry,1231 N TUTTLE AVE,SARASOTA,FL,34237,941-366-0134,https://www.facebook.com/ads/library/?active_status=active&ad_type=all&country=US&search_type=keyword_unordered&q=CAN%20COMMUNITY%20HEALTH%2C%20INC.,https://adstransparency.google.com/?region=US&query=CAN%20COMMUNITY%20HEALTH%2C%20INC.,1104829274
1217,2005-05-23,21.0,Individual,DEBBIE RINDE-HOFFMAN,Cardiology,1 TAMPA GENERAL CIR,TAMPA,FL,33606,813-251-0793,https://www.facebook.com/ads/library/?active_status=active&ad_type=all&country=US&search_type=keyword_unordered&q=DEBBIE%20RINDE-HOFFMAN,https://adstransparency.google.com/?region=US&query=DEBBIE%20RINDE-HOFFMAN,1801899091
1218,2005-05-23,21.0,Individual,ALFREDO MENDOZA,Gastroenterology,11912 SHELDON RD,TAMPA,FL,33626,813-920-8882,https://www.facebook.com/ads/library/?active_status=active&ad_type=all&country=US&search_type=keyword_unordered&q=ALFREDO%20MENDOZA,https://adstransparency.google.com/?region=US&query=ALFREDO%20MENDOZA,1649273871